Player,G,MP,FG,FGA,3P,3PA,FT,FTA,ORB,DREB,TRB,AST,STL,BLK,TOV,PF,PTS,team_stints,TS%,USG%,DBPM,ORtg,DRtg,DWS,rim_rate,short_mid_rate,long_mid_rate,catch_shoot_team,catch_shoot_gp,catch_shoot_min,catch_shoot_pts,catch_shoot_fgm,catch_shoot_fga,catch_shoot_fg_pct,catch_shoot_3pm,catch_shoot_3pa,catch_shoot_3p_pct,catch_shoot_efg_pct,catch_shoot_fga_share,catch_shoot_3pa_share,catch_shoot_fga_per_36,catch_shoot_3pa_per_36,hustle_age,hustle_screen_assists,hustle_screen_assists_pts,hustle_deflections,hustle_off_loose_balls_recovered,hustle_def_loose_balls_recovered,hustle_loose_balls_recovered,hustle_loose_balls_recovered_off,hustle_loose_balls_recovered_def,hustle_charges_drawn,hustle_contested_2pt_shots,hustle_contested_3pt_shots,hustle_contested_shots,passing_passes_made,passing_passes_received,passing_secondary_ast,passing_potential_ast,passing_ast_pts_created,passing_ast_adj,passing_ast_to_pass,passing_ast_to_pass_adj,hustle_screen_assists_per_36,hustle_screen_assists_pts_per_36,hustle_deflections_per_36,hustle_off_loose_balls_recovered_per_36,hustle_def_loose_balls_recovered_per_36,hustle_loose_balls_recovered_per_36,hustle_charges_drawn_per_36,hustle_contested_2pt_shots_per_36,hustle_contested_3pt_shots_per_36,hustle_contested_shots_per_36,passing_passes_made_per_36,passing_passes_received_per_36,passing_secondary_ast_per_36,passing_potential_ast_per_36,passing_ast_pts_created_per_36,passing_ast_adj_per_36,screen_assist_pts_per_screen_assist,potential_ast_conversion,screen_assists_per_100_passes,fga_per_36,usage_pct,three_rate,fta_rate,ast_per_36,tov_per_36,oreb_per_36,dreb_per_36,stl_per_36,blk_per_36,dws_per_36,dbpm
A.J. Green,78,2270,262,618,232,554,53,62,29,184,213,152,39,8,75,179,809,1,0.627,14.0,-1.8,,,0.4,0.026,0.019,0.0579999999999999,MIL,78,2270,516,172,417,41.2,172.0,414.0,41.5,61.9,0.6747572815533981,0.7472924187725631,6.613215859030837,6.565638766519824,26.0,28.0,64.0,111.0,10.0,26.0,36.0,27.8,72.2,3.0,172.0,134.0,306.0,2671,2453,32,274,394,192,5.7,7.2,0.4440528634361233,1.014977973568282,1.760352422907489,0.158590308370044,0.4123348017621145,0.5709251101321586,0.0475770925110132,2.7277533039647577,2.12511013215859,4.852863436123348,42.35947136563877,38.902202643171805,0.507488986784141,4.345374449339207,6.248458149779736,3.044933920704846,2.2857142857142856,0.7007299270072993,1.0482965181579933,9.800881057268723,14.0,0.8964401294498382,0.10032362459546926,2.4105726872246698,1.1894273127753305,0.4599118942731278,2.918061674008811,0.6185022026431719,0.12687224669603525,0.006343612334801763,-1.8
AJ Johnson,96,908,114,352,24,114,68,80,28,82,110,94,22,6,60,60,320,3,0.413,20.6,-2.5,,,0.2,0.352,0.301,0.022,DAL,48,453,18,6,36,16.7,6.0,36.0,16.7,25.0,0.1022727272727272,0.3157894736842105,1.4273127753303965,1.4273127753303965,21.0,3.0,6.0,22.0,4.0,0.0,4.0,100.0,0.0,0.0,34.0,30.0,64.0,477,684,5,97,119,55,9.9,11.5,0.118942731277533,0.237885462555066,0.8722466960352423,0.158590308370044,0.0,0.158590308370044,0.0,1.3480176211453745,1.1894273127753303,2.537444933920705,18.911894273127757,27.11894273127753,0.198237885462555,3.845814977973568,4.71806167400881,2.1806167400881056,2.0,0.5670103092783505,0.6289308176100629,13.955947136563879,20.6,0.32386363636363635,0.22727272727272727,3.7268722466960353,2.378854625550661,1.1101321585903086,3.2511013215859035,0.8722466960352424,0.2378854625550661,0.007929515418502203,-2.5
Aaron Gordon,36,1005,198,398,61,157,125,163,51,158,209,96,21,10,38,62,582,1,0.62,21.9,-1.2,,,0.7,0.294,0.148,0.163,DEN,36,1005,137,47,108,43.5,43.0,98.0,43.9,63.4,0.271356783919598,0.6242038216560509,3.8686567164179104,3.5104477611940297,30.0,36.0,89.0,27.0,6.0,9.0,15.0,40.0,60.0,0.0,67.0,35.0,102.0,1169,1332,12,171,247,117,8.2,10.0,1.28955223880597,3.1880597014925374,0.9671641791044776,0.2149253731343283,0.3223880597014925,0.5373134328358209,0.0,2.4,1.2537313432835822,3.653731343283582,41.87462686567165,47.713432835820896,0.4298507462686567,6.125373134328358,8.84776119402985,4.191044776119403,2.4722222222222223,0.6842105263157895,3.0795551753635584,14.256716417910448,21.9,0.3944723618090452,0.40954773869346733,3.4388059701492537,1.3611940298507463,1.8268656716417913,5.659701492537314,0.7522388059701492,0.35820895522388063,0.02507462686567164,-1.2
Aaron Holiday,57,781,105,252,67,170,35,41,13,45,58,60,27,5,38,72,312,1,0.578,16.6,-0.2,,,0.7,0.067,0.139,0.119,HOU,57,781,185,62,145,42.8,61.0,144.0,42.4,63.8,0.5753968253968254,0.8470588235294118,6.683738796414853,6.63764404609475,29.0,6.0,13.0,39.0,2.0,8.0,10.0,20.0,80.0,2.0,49.0,53.0,102.0,807,1074,15,121,158,81,7.4,10.0,0.2765685019206146,0.5992317541613317,1.7976952624839948,0.0921895006402048,0.3687580025608195,0.4609475032010243,0.0921895006402048,2.2586427656850194,2.443021766965429,4.701664532650448,37.19846350832266,49.50576184379001,0.6914212548015365,5.577464788732394,7.282970550576184,3.733674775928297,2.1666666666666665,0.6694214876033058,0.7434944237918215,11.615877080665813,16.6,0.6746031746031746,0.1626984126984127,2.765685019206146,1.7516005121638925,0.5992317541613317,2.0742637644046096,1.2445582586427657,0.23047375160051217,0.032266325224071704,-0.2
Aaron Nesmith,45,1335,212,512,105,277,92,111,48,139,187,86,26,23,63,124,621,1,0.554,19.8,-1.6,,,0.6,0.152,0.15,0.157,IND,45,1335,277,93,226,41.2,91.0,220.0,41.4,61.3,0.44140625,0.7942238267148014,6.09438202247191,5.932584269662922,26.0,27.0,54.0,50.0,16.0,11.0,27.0,59.3,40.7,4.0,150.0,100.0,250.0,1594,1675,20,155,226,114,5.4,7.2,0.7280898876404495,1.456179775280899,1.348314606741573,0.4314606741573034,0.2966292134831461,0.7280898876404495,0.1078651685393258,4.044943820224719,2.696629213483146,6.741573033707865,42.98426966292135,45.16853932584269,0.5393258426966292,4.179775280898877,6.09438202247191,3.0741573033707863,2.0,0.7354838709677419,1.6938519447929736,13.806741573033708,19.8,0.541015625,0.216796875,2.3191011235955057,1.698876404494382,1.2943820224719103,3.748314606741573,0.701123595505618,0.6202247191011236,0.016179775280898877,-1.6
Aaron Wiggins,65,1414,231,536,96,270,53,72,41,158,199,109,60,28,81,83,611,1,0.538,19.9,0.7,,,2.5,0.239,0.19,0.067,OKC,65,1414,233,78,210,37.1,77.0,208.0,37.0,55.5,0.3917910447761194,0.7703703703703704,5.346534653465347,5.295615275813296,27.0,18.0,38.0,113.0,13.0,21.0,34.0,38.2,61.8,1.0,144.0,117.0,261.0,1439,1735,29,208,282,149,7.6,10.4,0.4582743988684583,0.9674681753889676,2.876944837340877,0.3309759547383309,0.5346534653465347,0.8656294200848657,0.0254596888260254,3.666195190947666,2.978783592644979,6.644978783592645,36.63649222065064,44.17256011315417,0.7383309759547383,5.295615275813296,7.179632248939179,3.7934936350777937,2.111111111111111,0.7163461538461539,1.2508686587908269,13.646393210749647,19.9,0.503731343283582,0.13432835820895522,2.7751060820367752,2.062234794908062,1.043847241867044,4.0226308345120225,1.5275813295615277,0.712871287128713,0.06364922206506365,0.7
Ace Bailey,72,1988,395,892,137,398,66,88,104,198,302,131,60,49,107,193,993,1,0.533,21.4,-2.5,,,0.3,0.146,0.161,0.246,UTA,72,1988,295,101,319,31.7,93.0,287.0,32.4,46.2,0.3576233183856502,0.7211055276381909,5.776659959758551,5.197183098591549,19.0,18.0,38.0,111.0,26.0,14.0,40.0,65.0,35.0,0.0,190.0,156.0,346.0,1310,1750,27,243,349,172,10.0,13.1,0.3259557344064386,0.6881287726358148,2.0100603621730384,0.4708249496981891,0.2535211267605634,0.7243460764587525,0.0,3.4406438631790746,2.8249496981891347,6.26559356136821,23.722334004024145,31.690140845070424,0.4889336016096579,4.400402414486922,6.319919517102616,3.114688128772636,2.111111111111111,0.7078189300411523,1.3740458015267176,16.15291750503018,21.4,0.4461883408071749,0.09865470852017937,2.3722334004024144,1.9376257545271631,1.8832997987927567,3.585513078470825,1.0865191146881288,0.8873239436619719,0.005432595573440644,-2.5
Adem Bona,71,1234,131,220,2,6,80,113,128,179,307,32,30,82,56,153,344,1,0.638,11.1,0.3,,,1.5,0.755,0.209,0.009,PHI,71,1234,6,2,6,33.3,2.0,5.0,40.0,50.0,0.0272727272727272,0.8333333333333334,0.1750405186385737,0.1458670988654781,23.0,112.0,271.0,82.0,11.0,18.0,29.0,37.9,62.1,0.0,261.0,114.0,375.0,883,576,7,59,88,42,3.6,4.8,3.26742301458671,7.905996758508914,2.392220421393841,0.3209076175040519,0.5251215559157212,0.8460291734197731,0.0,7.614262560777957,3.325769854132901,10.94003241491086,25.76012965964344,16.803889789303078,0.2042139384116693,1.7212317666126418,2.567260940032415,1.2252836304700163,2.419642857142857,0.711864406779661,12.684031710079276,6.418152350081037,11.1,0.02727272727272727,0.5136363636363637,0.93354943273906,1.633711507293355,3.73419773095624,5.222042139384117,0.8752025931928687,2.392220421393841,0.04376012965964344,0.3
Ajay Mitchell,57,1473,286,590,61,176,141,162,40,150,190,206,71,18,81,119,774,1,0.585,21.8,1.6,,,2.6,0.2,0.364,0.137,OKC,57,1473,127,43,123,35.0,41.0,117.0,35.0,51.6,0.2084745762711864,0.6647727272727273,3.006109979633401,2.859470468431772,24.0,10.0,23.0,129.0,14.0,22.0,36.0,38.9,61.1,1.0,123.0,71.0,194.0,1760,2441,51,402,527,269,11.7,15.3,0.2443991853360488,0.5621181262729125,3.1527494908350304,0.3421588594704684,0.5376782077393075,0.879837067209776,0.0244399185336048,3.006109979633401,1.735234215885947,4.741344195519348,43.01425661914461,59.657841140529534,1.246435845213849,9.824847250509166,12.879837067209776,6.574338085539715,2.3,0.6691542288557214,0.5681818181818182,14.419551934826883,21.8,0.2983050847457627,0.2745762711864407,5.034623217922607,1.9796334012219958,0.9775967413441955,3.6659877800407332,1.735234215885947,0.439918533604888,0.0635437881873727,1.6
Al Horford,45,969,138,324,74,205,22,26,44,175,219,116,30,51,42,51,372,1,0.554,16.5,1.3,,,1.3,0.099,0.222,0.046,GSW,45,969,228,78,205,38.0,72.0,196.0,36.7,55.6,0.6327160493827161,0.9560975609756096,7.61609907120743,7.281733746130031,40.0,47.0,113.0,53.0,9.0,9.0,18.0,50.0,50.0,0.0,187.0,111.0,298.0,1559,1414,32,241,311,157,7.4,10.1,1.7461300309597525,4.198142414860681,1.9690402476780189,0.3343653250773993,0.3343653250773993,0.6687306501547987,0.0,6.947368421052632,4.123839009287925,11.071207430340555,57.919504643962846,52.53250773993808,1.1888544891640866,8.953560371517028,11.554179566563468,5.8328173374613,2.404255319148936,0.6514522821576764,3.014753046824888,12.037151702786378,16.5,0.6327160493827161,0.08024691358024691,4.309597523219814,1.5603715170278638,1.6346749226006192,6.501547987616099,1.1145510835913313,1.894736842105263,0.04829721362229102,1.3
Alex Caruso,56,1020,127,300,53,181,41,51,28,127,155,110,72,17,48,68,348,1,0.54,15.7,3.3,,,2.2,0.23,0.133,0.033,OKC,56,1020,154,52,160,32.5,50.0,158.0,31.6,48.1,0.5333333333333333,0.8729281767955801,5.647058823529412,5.576470588235294,32.0,37.0,84.0,172.0,9.0,18.0,27.0,33.3,66.7,2.0,55.0,77.0,132.0,1229,1141,12,170,271,129,9.0,10.5,1.3058823529411765,2.9647058823529413,6.070588235294117,0.3176470588235294,0.6352941176470588,0.9529411764705882,0.0705882352941176,1.9411764705882355,2.717647058823529,4.658823529411765,43.37647058823529,40.27058823529412,0.4235294117647059,6.0,9.56470588235294,4.552941176470588,2.27027027027027,0.7588235294117647,3.0105777054515865,10.588235294117647,15.7,0.6033333333333334,0.17,3.8823529411764706,1.6941176470588235,0.9882352941176471,4.482352941176471,2.541176470588235,0.6,0.07764705882352942,3.3
Alex Sarr,48,1305,316,656,50,150,101,146,105,250,355,130,39,95,82,105,783,1,0.544,25.7,-0.1,,,0.9,0.262,0.363,0.147,WAS,48,1305,149,53,154,34.4,43.0,127.0,33.9,48.4,0.2347560975609756,0.8466666666666667,4.248275862068965,3.503448275862069,21.0,172.0,400.0,72.0,12.0,10.0,22.0,54.5,45.5,0.0,349.0,101.0,450.0,1913,1754,24,211,355,167,6.8,8.7,4.744827586206896,11.03448275862069,1.986206896551724,0.3310344827586207,0.2758620689655172,0.6068965517241379,0.0,9.627586206896552,2.786206896551724,12.413793103448276,52.772413793103446,48.38620689655173,0.6620689655172414,5.820689655172414,9.79310344827586,4.606896551724138,2.3255813953488373,0.7914691943127962,8.991113434396237,18.09655172413793,25.7,0.22865853658536586,0.2225609756097561,3.586206896551724,2.2620689655172415,2.896551724137931,6.896551724137931,1.0758620689655172,2.6206896551724137,0.02482758620689655,-0.1
Alperen Şengün,72,2398,583,1123,40,131,260,376,215,425,640,445,85,77,227,238,1466,1,0.569,26.6,1.5,,,3.6,0.285,0.414,0.184,HOU,72,2398,126,48,137,35.0,30.0,99.0,30.3,46.0,0.1219946571682992,0.7557251908396947,2.0567139282735614,1.4862385321100915,23.0,159.0,369.0,164.0,34.0,18.0,52.0,65.4,34.6,6.0,420.0,196.0,616.0,3440,3973,44,762,1115,526,12.9,15.3,2.3869891576313598,5.539616346955796,2.462051709758132,0.5104253544620517,0.2702251876563803,0.780650542118432,0.0900750625521267,6.305254378648874,2.9424520433694745,9.247706422018348,51.64303586321935,59.64470391993328,0.6605504587155964,11.4395329441201,16.738949124270224,7.896580483736447,2.320754716981132,0.6902887139107612,4.622093023255814,16.85904920767306,26.6,0.11665182546749778,0.3348174532502226,6.6805671392827355,3.4078398665554626,3.227689741451209,6.380316930775646,1.2760633861551292,1.1559633027522935,0.05404503753127606,1.5
Amen Thompson,79,2953,557,1044,25,116,304,390,235,379,614,420,119,48,190,175,1443,1,0.594,20.0,1.0,,,3.8,0.383,0.333,0.172,HOU,79,2953,81,29,119,24.4,23.0,92.0,25.0,34.0,0.1139846743295019,0.7931034482758621,1.450728073145953,1.121571283440569,23.0,36.0,87.0,213.0,34.0,33.0,67.0,50.7,49.3,1.0,199.0,101.0,300.0,4159,5296,69,791,1088,516,10.1,12.4,0.4388757196071791,1.0606163223840162,2.5966813410091434,0.414493735184558,0.4023027429732475,0.8167964781578056,0.0121909922113105,2.426007450050796,1.2312902133423638,3.6572976633931593,50.7023366068405,64.56349475110058,0.8411784625804267,9.64307483914663,13.263799525905858,6.290551981036234,2.4166666666666665,0.6523388116308471,0.8655926905506132,12.727395868608195,20.0,0.1111111111111111,0.3735632183908046,5.120216728750423,2.316288520149001,2.8648831696579746,4.620386048086691,1.450728073145953,0.5851676261429055,0.04632577040298001,1.0
Amir Coffey,92,980,110,226,34,98,44,56,38,76,114,54,18,10,18,60,298,3,0.594,11.9,-0.9,,,0.4,0.177,0.177,0.213,PHX,46,491,45,15,43,34.9,15.0,43.0,34.9,52.3,0.1902654867256637,0.4387755102040816,1.579591836734694,1.579591836734694,29.0,2.0,5.0,25.0,6.0,3.0,9.0,66.7,33.3,1.0,26.0,17.0,43.0,351,350,4,49,70,31,7.7,8.8,0.073469387755102,0.1836734693877551,0.9183673469387756,0.2204081632653061,0.110204081632653,0.3306122448979592,0.036734693877551,0.9551020408163264,0.6244897959183674,1.579591836734694,12.893877551020408,12.857142857142858,0.1469387755102041,1.8,2.571428571428572,1.1387755102040815,2.5,0.6326530612244898,0.5698005698005698,8.302040816326532,11.9,0.4336283185840708,0.24778761061946902,1.9836734693877554,0.6612244897959184,1.3959183673469389,2.7918367346938777,0.6612244897959184,0.3673469387755102,0.014693877551020411,-0.9
Andre Drummond,63,1231,159,337,32,90,53,84,200,332,532,80,38,49,61,125,403,1,0.539,14.9,-0.2,,,1.9,0.516,0.202,0.015,PHI,63,1231,90,30,86,34.9,30.0,86.0,34.9,52.3,0.2551928783382789,0.9555555555555556,2.515028432168968,2.515028432168968,32.0,113.0,258.0,95.0,9.0,6.0,15.0,60.0,40.0,0.0,232.0,89.0,321.0,1023,768,9,106,187,90,7.8,8.8,3.304630381803412,7.545085296506905,2.7782290820471163,0.2632006498781478,0.1754670999187652,0.4386677497969131,0.0,6.784727863525589,2.6027619821283507,9.38748984565394,29.91714053614947,22.459788789601948,0.2632006498781478,3.099918765231519,5.46872461413485,2.6320064987814784,2.2831858407079646,0.8490566037735849,11.04594330400782,9.855402112103981,14.9,0.26706231454005935,0.24925816023738873,2.339561332250203,1.78391551584078,5.848903330625508,9.709179528838343,1.1112916328188465,1.4329813160032494,0.05556458164094232,-0.2
Andrew Nembhard,57,1786,333,753,107,296,193,234,25,135,160,437,51,8,137,126,966,1,0.564,23.6,-1.9,,,0.7,0.141,0.163,0.302,IND,57,1786,178,61,149,40.9,56.0,140.0,40.0,59.7,0.197875166002656,0.4729729729729729,3.003359462486002,2.821948488241881,26.0,26.0,57.0,94.0,18.0,13.0,31.0,58.1,41.9,1.0,90.0,51.0,141.0,3856,5548,71,766,1106,541,11.3,14.0,0.5240761478163494,1.148936170212766,1.894736842105263,0.3628219484882419,0.2620380739081747,0.6248600223964166,0.0201567749160134,1.8141097424412091,1.027995520716685,2.8421052631578947,77.72452407614782,111.82978723404256,1.4311310190369542,15.440089585666293,22.293393057110865,10.90481522956327,2.1923076923076925,0.706266318537859,0.6742738589211619,15.178051511758119,23.6,0.3930942895086321,0.3107569721115538,8.808510638297872,2.761478163493841,0.503919372900336,2.721164613661814,1.0279955207166853,0.1612541993281075,0.014109742441209406,-1.9
Andrew Wiggins,68,2063,390,821,138,333,127,162,115,214,329,182,76,69,103,156,1045,1,0.586,19.7,0.5,,,2.3,0.224,0.206,0.1639999999999999,MIA,68,2063,346,116,291,39.9,114.0,281.0,40.6,59.5,0.3544457978075517,0.8438438438438438,5.078041686863791,4.903538536112458,31.0,8.0,19.0,151.0,24.0,15.0,39.0,61.5,38.5,0.0,273.0,242.0,515.0,1870,2162,43,319,473,240,9.7,12.8,0.1396025206010664,0.3315559864275327,2.6349975763451283,0.4188075618031992,0.2617547261269995,0.6805622879301988,0.0,4.763936015511392,4.222976248182259,8.98691226369365,32.63208919049927,37.727581192438194,0.7503635482307319,5.566650508967523,8.25399903053805,4.188075618031992,2.375,0.7523510971786834,0.427807486631016,14.32670867668444,19.7,0.4056029232643118,0.19732034104750304,3.1759573436742605,1.7973824527387299,2.0067862336403293,3.734367426078526,1.3262239457101308,1.2040717401841976,0.040135724672806586,0.5
Anfernee Simons,110,2744,570,1296,292,758,138,154,62,208,270,268,54,16,136,188,1570,3,0.576,23.6,-1.3,,,2.2,0.057,0.153,0.205,CHI,55,1372,260,87,197,44.2,86.0,196.0,43.9,66.0,0.1520061728395061,0.258575197889182,2.5845481049562684,2.571428571428572,27.0,10.0,22.0,66.0,4.0,9.0,13.0,30.8,69.2,0.0,83.0,76.0,159.0,1628,2346,30,265,347,170,8.2,10.4,0.1311953352769679,0.2886297376093295,0.8658892128279884,0.0524781341107871,0.1180758017492711,0.1705539358600583,0.0,1.0889212827988335,0.9970845481049564,2.08600583090379,21.35860058309038,30.77842565597668,0.3935860058309038,3.4766763848396502,4.552478134110787,2.2303206997084546,2.2,0.6415094339622641,0.6142506142506142,17.002915451895046,23.6,0.5848765432098766,0.11882716049382716,3.5160349854227406,1.784256559766764,0.8134110787172012,2.728862973760933,0.7084548104956269,0.2099125364431487,0.02886297376093295,-1.3
Anthony Black,64,1910,345,772,100,300,169,231,47,197,244,236,91,45,132,170,959,1,0.549,22.2,0.7,,,2.4,0.258,0.237,0.1159999999999999,ORL,64,1910,199,67,195,34.4,65.0,186.0,34.9,51.0,0.2525906735751295,0.62,3.675392670157068,3.505759162303665,22.0,19.0,46.0,194.0,8.0,21.0,29.0,27.6,72.4,3.0,142.0,124.0,266.0,2527,3284,40,397,597,303,9.3,12.0,0.3581151832460733,0.8670157068062827,3.656544502617801,0.1507853403141361,0.3958115183246073,0.5465968586387434,0.056544502617801,2.676439790575916,2.33717277486911,5.013612565445026,47.62931937172775,61.89738219895288,0.7539267015706806,7.482722513089005,11.252356020942408,5.710994764397905,2.421052631578948,0.7632241813602015,0.7518796992481203,14.550785340314135,22.2,0.38860103626943004,0.29922279792746115,4.448167539267016,2.487958115183246,0.8858638743455497,3.7130890052356023,1.7151832460732983,0.8481675392670157,0.04523560209424084,0.7
Anthony Davis,20,626,169,334,10,37,59,81,62,159,221,56,22,33,41,42,407,1,0.551,27.5,0.9,,,1.0,0.332,0.278,0.279,WAS,20,626,43,17,50,34.0,9.0,31.0,29.0,43.0,0.1497005988023952,0.8378378378378378,2.8753993610223643,1.782747603833866,33.0,54.0,115.0,48.0,3.0,1.0,4.0,75.0,25.0,2.0,133.0,61.0,194.0,742,781,5,87,133,63,7.5,8.5,3.1054313099041533,6.613418530351438,2.760383386581469,0.1725239616613418,0.0575079872204472,0.2300319488817891,0.1150159744408945,7.648562300319488,3.5079872204472844,11.156549520766774,42.670926517571885,44.91373801916933,0.2875399361022364,5.003194888178914,7.648562300319488,3.623003194888179,2.1296296296296298,0.7241379310344828,7.277628032345014,19.207667731629392,27.5,0.11077844311377245,0.24251497005988024,3.220447284345048,2.3578274760383384,3.5654952076677313,9.143769968051117,1.2651757188498403,1.8977635782747604,0.05750798722044728,0.9
Anthony Edwards,61,2137,602,1231,205,514,348,437,36,266,302,226,83,49,174,118,1757,1,0.617,31.5,-0.1,,,2.7,0.18,0.149,0.254,MIN,61,2137,204,69,147,46.9,66.0,138.0,47.8,69.4,0.1194151096669374,0.2684824902723735,2.476368741226018,2.324754328497894,24.0,7.0,19.0,133.0,24.0,15.0,39.0,61.5,38.5,0.0,148.0,103.0,251.0,2641,4123,71,403,570,312,8.6,11.8,0.1179223210107627,0.3200748713149274,2.2405240992044924,0.4043051006083294,0.2526906878802059,0.6569957884885353,0.0,2.4932147870846983,1.7351427234440804,4.228357510528778,44.49040711277492,69.45624707533926,1.196069255966308,6.788956481048198,9.602246139447823,5.255966307908283,2.7142857142857144,0.7741935483870968,0.2650511170011359,20.737482452035565,31.5,0.41754670999187654,0.35499593826157594,3.807206364061769,2.9312119794103886,0.6064576509124942,4.481048198408985,1.3982218062704728,0.8254562470753394,0.04548432381843707,-0.1
Anthony Gill,55,951,135,215,17,48,34,46,58,100,158,69,31,21,36,88,321,1,0.682,11.9,-1.3,,,0.1,0.423,0.312,0.042,WAS,55,951,50,17,46,37.0,16.0,44.0,36.4,54.3,0.213953488372093,0.9166666666666666,1.7413249211356467,1.665615141955836,33.0,79.0,180.0,74.0,5.0,5.0,10.0,50.0,50.0,1.0,123.0,98.0,221.0,870,772,7,124,171,79,7.9,9.1,2.990536277602524,6.813880126182966,2.8012618296529967,0.1892744479495268,0.1892744479495268,0.3785488958990536,0.0378548895899053,4.65615141955836,3.7097791798107256,8.365930599369085,32.93375394321767,29.22397476340694,0.2649842271293375,4.694006309148265,6.473186119873817,2.990536277602524,2.278481012658228,0.6370967741935484,9.080459770114942,8.138801261829654,11.9,0.22325581395348837,0.21395348837209302,2.6119873817034702,1.362776025236593,2.195583596214511,3.7854889589905363,1.1735015772870663,0.7949526813880127,0.0037854889589905363,-1.3
Asa Newell,44,500,91,169,29,75,16,29,44,52,96,26,16,15,23,65,227,1,0.624,17.1,-0.5,,,0.6,0.402,0.154,0.0,ATL,44,500,87,29,75,38.7,29.0,74.0,39.2,58.0,0.4437869822485207,0.9866666666666668,5.4,5.328,20.0,23.0,50.0,15.0,5.0,5.0,10.0,50.0,50.0,0.0,79.0,49.0,128.0,458,403,6,46,66,35,5.7,7.6,1.656,3.6,1.08,0.36,0.36,0.72,0.0,5.688,3.528,9.216,32.976,29.016,0.432,3.312,4.752,2.52,2.1739130434782608,0.7608695652173914,5.021834061135372,12.168,17.1,0.4437869822485207,0.17159763313609466,1.8719999999999999,1.656,3.1679999999999997,3.7439999999999998,1.152,1.0799999999999998,0.043199999999999995,-0.5
Ausar Thompson,73,1896,303,577,6,24,109,191,150,268,418,228,146,69,110,198,721,1,0.545,16.9,3.6,,,4.1,0.426,0.414,0.118,DET,73,1896,17,6,30,20.0,5.0,22.0,22.7,28.3,0.0519930675909878,0.9166666666666666,0.569620253164557,0.4177215189873418,23.0,37.0,88.0,321.0,28.0,33.0,61.0,45.9,54.1,2.0,160.0,149.0,309.0,2101,2336,29,357,570,277,10.9,13.2,0.7025316455696202,1.6708860759493671,6.094936708860759,0.5316455696202531,0.6265822784810127,1.1582278481012658,0.0379746835443038,3.037974683544304,2.829113924050633,5.867088607594937,39.892405063291136,44.35443037974684,0.5506329113924051,6.778481012658228,10.822784810126585,5.259493670886076,2.3783783783783785,0.7759103641456583,1.761066158971918,10.955696202531646,16.9,0.0415944540727903,0.3310225303292894,4.329113924050633,2.088607594936709,2.848101265822785,5.088607594936709,2.7721518987341773,1.3101265822784811,0.07784810126582278,3.6
Austin Reaves,51,1762,373,762,118,328,323,371,33,207,240,280,56,20,151,110,1187,1,0.641,26.7,-0.6,,,1.4,0.15,0.277,0.143,LAL,51,1762,180,60,149,40.3,60.0,148.0,40.5,60.4,0.1955380577427821,0.4512195121951219,3.044267877412032,3.0238365493757096,28.0,16.0,36.0,114.0,20.0,20.0,40.0,50.0,50.0,15.0,84.0,69.0,153.0,2476,3425,50,435,677,357,11.3,14.4,0.3269012485811577,0.735527809307605,2.329171396140749,0.4086265607264472,0.4086265607264472,0.8172531214528944,0.3064699205448354,1.7162315550510785,1.409761634506243,3.125993189557321,50.58796821793417,69.97729852440409,1.021566401816118,8.887627695800226,13.832009080590238,7.293984108967082,2.25,0.8206896551724138,0.6462035541195477,15.56867196367764,26.7,0.4304461942257218,0.4868766404199475,5.7207718501702605,3.0851305334846764,0.674233825198638,4.229284903518729,1.1441543700340522,0.4086265607264472,0.028603859250851304,-0.6
Ayo Dosunmu,138,3762,772,1494,246,560,254,290,94,380,474,498,116,36,192,260,2044,3,0.63,20.2,-0.3,,,2.7,0.367,0.194,0.064,MIN,69,1881,304,102,231,44.2,100.0,228.0,43.9,65.8,0.1546184738955823,0.4071428571428571,2.210526315789474,2.1818181818181817,26.0,10.0,26.0,83.0,20.0,18.0,38.0,52.6,47.4,4.0,147.0,102.0,249.0,2666,3266,46,429,646,315,9.3,11.8,0.0956937799043062,0.2488038277511961,0.7942583732057417,0.1913875598086124,0.1722488038277512,0.3636363636363636,0.0382775119617224,1.4066985645933014,0.9760765550239234,2.382775119617225,25.51196172248804,31.25358851674641,0.4401913875598086,4.105263157894737,6.181818181818182,3.014354066985646,2.6,0.7342657342657343,0.3750937734433608,14.296650717703349,20.2,0.3748326639892905,0.19410977242302543,4.765550239234449,1.8373205741626792,0.8995215311004784,3.6363636363636362,1.1100478468899522,0.34449760765550236,0.02583732057416268,-0.3
Bam Adebayo,73,2365,506,1145,127,400,329,423,149,583,732,232,86,49,120,122,1468,1,0.551,25.0,0.4,,,3.6,0.205,0.252,0.193,MIA,73,2365,364,129,382,33.8,106.0,338.0,31.4,47.6,0.3336244541484716,0.845,5.814799154334038,5.145031712473573,28.0,85.0,189.0,175.0,22.0,16.0,38.0,57.9,42.1,2.0,300.0,199.0,499.0,2697,2809,52,600,601,296,8.6,11.0,1.2938689217758983,2.876955602536998,2.66384778012685,0.3348837209302325,0.2435517970401691,0.5784355179704017,0.0304439746300211,4.5665961945031714,3.0291754756871034,7.595771670190275,41.05369978858351,42.75856236786469,0.7915433403805496,9.133192389006345,9.148414376321352,4.505708245243129,2.223529411764706,0.4933333333333333,3.1516499814608823,17.429175475687103,25.0,0.34934497816593885,0.36943231441048036,3.5315010570824525,1.8266384778012685,2.268076109936575,8.874418604651163,1.309090909090909,0.7458773784355179,0.05479915433403806,0.4
Baylor Scheierman,77,1429,151,333,97,243,28,31,57,212,269,116,42,6,46,108,427,1,0.616,11.9,1.3,,,1.8,0.066,0.093,0.111,BOS,77,1429,228,77,189,40.7,74.0,186.0,39.8,60.3,0.5675675675675675,0.7654320987654321,4.761371588523443,4.685794261721483,25.0,19.0,47.0,99.0,18.0,8.0,26.0,69.2,30.8,5.0,92.0,75.0,167.0,1260,1023,18,720,322,148,9.2,11.7,0.4786564030790762,1.184044786564031,2.4940517844646606,0.4534639608117565,0.2015395381385584,0.655003498950315,0.125962211336599,2.317704688593422,1.8894331700489853,4.207137858642407,31.74247725682295,25.77186843946816,0.4534639608117565,18.13855843247026,8.111966410076977,3.728481455563331,2.473684210526316,0.2055555555555555,1.507936507936508,8.389083275017494,11.9,0.7297297297297297,0.09309309309309309,2.9223233030090974,1.158852344296711,1.435969209237229,5.340797760671799,1.0580825752274319,0.15115465360391883,0.04534639608117565,1.3
Ben Saraf,44,916,120,303,19,90,73,88,20,72,92,145,38,8,99,81,332,1,0.486,21.0,-1.7,,,0.5,0.333,0.304,0.066,BKN,44,916,45,15,71,21.1,15.0,70.0,21.4,31.7,0.2343234323432343,0.7777777777777778,2.7903930131004366,2.7510917030567685,20.0,7.0,19.0,76.0,14.0,5.0,19.0,73.7,26.3,1.0,98.0,54.0,152.0,1600,2109,19,284,378,179,9.1,11.2,0.2751091703056768,0.7467248908296943,2.986899563318777,0.5502183406113537,0.1965065502183406,0.7467248908296943,0.0393013100436681,3.851528384279476,2.1222707423580784,5.973799126637554,62.88209606986899,82.88646288209607,0.7467248908296943,11.161572052401748,14.85589519650655,7.034934497816594,2.7142857142857144,0.6302816901408451,0.4375,11.908296943231441,21.0,0.297029702970297,0.29042904290429045,5.698689956331878,3.8908296943231444,0.7860262008733625,2.8296943231441047,1.4934497816593888,0.314410480349345,0.019650655021834062,-1.7
Ben Sheppard,65,1390,168,387,84,232,39,51,43,152,195,114,39,6,41,114,459,1,0.561,13.8,-0.6,,,0.7,0.202,0.121,0.077,IND,65,1390,238,80,210,38.1,78.0,206.0,37.9,56.7,0.5426356589147286,0.8879310344827587,5.438848920863309,5.335251798561151,24.0,9.0,20.0,73.0,16.0,9.0,25.0,64.0,36.0,0.0,115.0,54.0,169.0,1721,1640,28,201,286,149,6.6,8.7,0.2330935251798561,0.5179856115107914,1.8906474820143888,0.4143884892086331,0.2330935251798561,0.6474820143884892,0.0,2.9784172661870505,1.3985611510791367,4.376978417266187,44.5726618705036,42.47482014388489,0.7251798561151079,5.205755395683453,7.407194244604317,3.858992805755396,2.2222222222222223,0.7412935323383084,0.5229517722254503,10.023021582733813,13.8,0.599483204134367,0.13178294573643412,2.952517985611511,1.0618705035971223,1.1136690647482015,3.9366906474820142,1.0100719424460431,0.1553956834532374,0.018129496402877695,-0.6
Bennedict Mathurin,108,3240,582,1354,150,476,584,672,110,476,586,258,86,26,236,274,1898,3,0.575,25.2,-1.4,,,2.2,0.213,0.21,0.226,LAC,54,1620,136,49,124,39.5,38.0,106.0,35.8,54.8,0.0915805022156573,0.2226890756302521,1.3777777777777778,1.1777777777777778,24.0,11.0,24.0,68.0,11.0,8.0,19.0,57.9,42.1,1.0,83.0,60.0,143.0,1740,2223,33,244,332,172,7.4,9.9,0.1222222222222222,0.2666666666666666,0.7555555555555555,0.1222222222222222,0.0888888888888888,0.2111111111111111,0.0111111111111111,0.9222222222222224,0.6666666666666666,1.5888888888888888,19.33333333333333,24.7,0.3666666666666666,2.7111111111111112,3.688888888888889,1.9111111111111112,2.1818181818181817,0.7049180327868853,0.632183908045977,15.044444444444444,25.2,0.3515509601181684,0.4963072378138848,2.8666666666666667,2.6222222222222222,1.2222222222222223,5.288888888888889,0.9555555555555556,0.2888888888888889,0.024444444444444446,-1.4
Bilal Coulibaly,56,1468,230,541,65,204,132,177,48,195,243,145,75,54,81,130,657,1,0.531,19.9,-0.4,,,0.8,0.287,0.242,0.094,WAS,56,1468,173,58,174,33.3,57.0,168.0,33.9,49.7,0.321626617375231,0.8235294117647058,4.267029972752043,4.119891008174387,21.0,19.0,46.0,172.0,7.0,9.0,16.0,43.8,56.3,2.0,126.0,63.0,189.0,1735,2056,19,231,365,173,8.4,10.0,0.4659400544959128,1.128065395095368,4.217983651226158,0.1716621253405994,0.220708446866485,0.3923705722070845,0.0490463215258855,3.0899182561307903,1.5449591280653951,4.6348773841961854,42.54768392370572,50.41961852861036,0.4659400544959128,5.664850136239782,8.950953678474114,4.2425068119891005,2.421052631578948,0.7489177489177489,1.095100864553314,13.267029972752045,19.9,0.37707948243992606,0.32717190388170053,3.555858310626703,1.9863760217983653,1.1771117166212535,4.782016348773842,1.8392370572207086,1.32425068119891,0.019618528610354225,-0.4
Bobby Portis,67,1619,366,750,135,296,48,68,89,339,428,105,41,12,66,110,915,1,0.587,23.1,-1.6,,,1.2,0.115,0.18,0.311,MIL,67,1619,434,155,345,44.9,124.0,273.0,45.4,62.9,0.46,0.9222972972972971,7.6714021000617665,6.07041383570105,31.0,64.0,137.0,110.0,12.0,15.0,27.0,44.4,55.6,1.0,181.0,172.0,353.0,2239,1940,19,190,276,129,4.7,5.8,1.423100679431748,3.046324891908585,2.4459542927733167,0.2668313773934527,0.3335392217418159,0.6003705991352687,0.022235948116121,4.024706609017913,3.824583075972823,7.849289684990735,49.78628783199506,43.13773934527486,0.4224830142063002,4.224830142063002,6.137121680049413,2.868437306979617,2.140625,0.6789473684210526,2.8584189370254576,16.676961087090795,23.1,0.39466666666666667,0.09066666666666667,2.3347745521927115,1.4675725756639901,1.9789993823347745,7.53798641136504,0.9116738727609636,0.26683137739345275,0.026683137739345275,-1.6
Bones Hyland,71,1177,212,468,116,299,64,82,23,104,127,188,44,17,70,120,604,1,0.599,20.6,0.5,,,1.3,0.19,0.088,0.084,MIN,71,1177,199,67,158,42.4,65.0,154.0,42.2,63.0,0.3376068376068376,0.5150501672240803,4.832625318606627,4.710280373831775,25.0,11.0,24.0,90.0,8.0,13.0,21.0,38.1,61.9,1.0,83.0,64.0,147.0,2079,2648,45,310,465,245,9.0,11.8,0.3364485981308411,0.7340696686491079,2.7527612574341545,0.2446898895497026,0.3976210705182668,0.6423109600679694,0.0305862361937128,2.538657604078165,1.957519116397621,4.496176720475786,63.58878504672897,80.99235344095158,1.3763806287170772,9.481733220050977,14.222599830076463,7.493627867459643,2.1818181818181817,0.7903225806451613,0.5291005291005291,14.314358538657604,20.6,0.6388888888888888,0.1752136752136752,5.750212404418012,2.141036533559898,0.7034834324553951,3.1809685641461343,1.3457943925233644,0.5199660152931181,0.03976210705182668,0.5
Brandin Podziemski,82,2333,394,866,153,412,192,241,72,347,419,304,88,15,131,136,1133,1,0.583,20.1,-0.1,,,2.3,0.15,0.174,0.199,GSW,82,2333,292,98,253,38.7,96.0,246.0,39.0,57.7,0.2921478060046189,0.5970873786407767,3.903986283754822,3.795970852978997,23.0,45.0,114.0,149.0,13.0,18.0,31.0,41.9,58.1,23.0,114.0,98.0,212.0,3659,4428,84,665,820,404,8.3,11.0,0.6943849121303043,1.7591084440634377,2.299185597942563,0.2006000857265323,0.2777539648521217,0.4783540505786541,0.3549078439777111,1.7591084440634377,1.5122160308615515,3.271324474924989,56.4612087441063,68.32747535362195,1.2961851693099014,10.261465923703389,12.653236176596655,6.234033433347621,2.533333333333333,0.6075187969924812,1.2298442197321673,13.363051864552078,20.1,0.47575057736720555,0.27829099307159355,4.6909558508358336,2.0214316330904416,1.111015859408487,5.354479211315902,1.3579082726103728,0.23146163737676811,0.035490784397771105,-0.1
Brandon Ingram,77,2604,614,1288,135,353,292,356,63,367,430,284,58,55,187,148,1655,1,0.573,26.9,-0.5,,,3.1,0.147,0.136,0.443,TOR,77,2604,371,131,319,41.1,109.0,269.0,40.5,58.2,0.2476708074534161,0.7620396600566572,4.410138248847926,3.71889400921659,28.0,18.0,42.0,132.0,16.0,15.0,31.0,51.6,48.4,0.0,217.0,168.0,385.0,2433,3385,66,576,729,362,11.7,14.9,0.2488479262672811,0.5806451612903226,1.824884792626728,0.2211981566820276,0.2073732718894009,0.4285714285714285,0.0,3.0,2.3225806451612905,5.32258064516129,33.63594470046083,46.79723502304147,0.912442396313364,7.9631336405529956,10.078341013824884,5.0046082949308754,2.333333333333333,0.6284722222222222,0.7398273736128237,17.806451612903228,26.9,0.27406832298136646,0.27639751552795033,3.926267281105991,2.5852534562211984,0.8709677419354839,5.07373271889401,0.8018433179723503,0.7603686635944701,0.042857142857142864,-0.5
Brandon Miller,65,1968,454,1044,204,533,199,223,70,249,319,217,66,44,163,180,1311,1,0.574,28.1,-0.1,,,2.4,0.122,0.199,0.1689999999999999,CHA,65,1968,436,147,378,38.9,142.0,361.0,39.3,57.7,0.3620689655172414,0.6772983114446529,6.914634146341464,6.603658536585366,23.0,32.0,80.0,130.0,21.0,13.0,34.0,61.8,38.2,2.0,170.0,109.0,279.0,2381,3269,43,397,580,280,9.1,11.8,0.5853658536585366,1.4634146341463414,2.3780487804878048,0.3841463414634146,0.2378048780487804,0.6219512195121951,0.0365853658536585,3.109756097560976,1.9939024390243905,5.103658536585366,43.55487804878049,59.79878048780488,0.7865853658536586,7.262195121951219,10.609756097560975,5.121951219512195,2.5,0.7052896725440806,1.343973120537589,19.097560975609756,28.1,0.5105363984674329,0.2136015325670498,3.969512195121951,2.9817073170731705,1.2804878048780488,4.554878048780488,1.2073170731707317,0.8048780487804877,0.04390243902439024,-0.1
Brandon Williams,66,1463,291,617,36,155,241,304,30,161,191,256,62,20,125,103,859,1,0.572,25.1,0.3,,,1.3,0.305,0.285,0.159,DAL,66,1463,83,28,118,23.7,27.0,115.0,23.5,35.2,0.1912479740680713,0.7419354838709677,2.903622693096377,2.829801777170198,26.0,9.0,21.0,110.0,13.0,22.0,35.0,37.1,62.9,2.0,98.0,96.0,194.0,2173,3254,35,480,640,317,11.8,14.6,0.2214627477785372,0.5167464114832536,2.706766917293233,0.3198906356801094,0.5413533834586466,0.861244019138756,0.049213943950786,2.411483253588517,2.3622693096377305,4.773752563226248,53.47095010252905,80.0710868079289,0.861244019138756,11.811346548188654,15.748462064251536,7.80041011619959,2.333333333333333,0.6604166666666667,0.4141739530602853,15.1825017088175,25.1,0.25121555915721233,0.49270664505672607,6.299384825700615,3.0758714969241288,0.7382091592617909,3.9617224880382778,1.5256322624743677,0.49213943950786054,0.031989063568010935,0.3
Brice Sensabaugh,75,1762,394,857,162,442,166,201,56,175,231,143,54,12,124,143,1116,1,0.59,24.9,-3.0,,,0.1,0.111,0.196,0.178,UTA,75,1762,360,121,325,37.2,118.0,317.0,37.2,55.4,0.3792298716452742,0.7171945701357466,6.640181611804767,6.4767309875141885,22.0,26.0,59.0,107.0,19.0,6.0,25.0,76.0,24.0,9.0,95.0,103.0,198.0,1625,2130,26,265,367,191,8.8,11.8,0.5312145289443814,1.2054483541430192,2.1861520998864927,0.3881952326901248,0.1225879682179341,0.5107832009080591,0.1838819523269012,1.940976163450624,2.104426787741203,4.045402951191828,33.20090805902384,43.51872871736663,0.5312145289443814,5.414301929625426,7.498297389330307,3.902383654937571,2.269230769230769,0.720754716981132,1.6,17.509648127128262,24.9,0.5157526254375729,0.23453908984830804,2.9216799091940975,2.5334846765039725,1.1441543700340522,3.575482406356413,1.1032917139614073,0.24517593643586832,0.0020431328036322363,-3.0
Brook Lopez,75,1635,232,542,114,317,56,74,47,226,273,97,45,87,61,154,634,1,0.552,17.2,0.4,,,1.8,0.127,0.177,0.111,LAC,75,1635,334,115,306,37.6,104.0,284.0,36.6,54.6,0.5645756457564576,0.8958990536277602,6.7376146788990825,6.253211009174312,38.0,116.0,264.0,127.0,3.0,11.0,14.0,21.4,78.6,0.0,509.0,112.0,621.0,1247,1351,13,162,256,117,7.8,9.4,2.5541284403669726,5.812844036697248,2.7963302752293577,0.0660550458715596,0.2422018348623853,0.3082568807339449,0.0,11.207339449541283,2.46605504587156,13.673394495412843,27.456880733944956,29.74678899082569,0.2862385321100917,3.5669724770642204,5.636697247706422,2.5761467889908256,2.2758620689655173,0.7222222222222222,9.30232558139535,11.93394495412844,17.2,0.584870848708487,0.13653136531365315,2.135779816513762,1.343119266055046,1.034862385321101,4.976146788990826,0.9908256880733946,1.9155963302752295,0.039633027522935786,0.4
Bruce Brown,82,1998,248,522,57,148,96,126,85,233,318,174,85,20,91,195,649,1,0.562,14.5,0.1,,,1.8,0.318,0.289,0.109,DEN,82,1998,165,56,143,39.2,53.0,135.0,39.3,57.7,0.2739463601532567,0.9121621621621622,2.5765765765765765,2.4324324324324325,29.0,43.0,103.0,195.0,10.0,10.0,20.0,50.0,50.0,0.0,90.0,121.0,211.0,2235,2530,25,315,441,217,7.8,9.7,0.7747747747747747,1.855855855855856,3.5135135135135136,0.1801801801801801,0.1801801801801801,0.3603603603603603,0.0,1.6216216216216215,2.18018018018018,3.8018018018018016,40.270270270270274,45.585585585585584,0.4504504504504504,5.675675675675675,7.945945945945946,3.90990990990991,2.395348837209302,0.6888888888888889,1.9239373601789709,9.405405405405405,14.5,0.2835249042145594,0.2413793103448276,3.135135135135135,1.6396396396396395,1.5315315315315314,4.198198198198198,1.5315315315315314,0.36036036036036034,0.032432432432432434,0.1
Bryce McGowens,42,880,114,237,38,93,74,95,12,76,88,62,27,8,17,88,340,1,0.61,14.0,-0.9,,,0.3,0.266,0.257,0.0849999999999999,NOP,42,880,96,32,81,39.5,32.0,80.0,40.0,59.3,0.3417721518987341,0.8602150537634409,3.3136363636363635,3.272727272727273,23.0,7.0,16.0,64.0,1.0,8.0,9.0,11.1,88.9,8.0,64.0,72.0,136.0,822,804,6,89,160,75,7.5,9.1,0.2863636363636364,0.6545454545454545,2.618181818181818,0.0409090909090909,0.3272727272727272,0.3681818181818181,0.3272727272727272,2.618181818181818,2.9454545454545453,5.563636363636364,33.627272727272725,32.89090909090909,0.2454545454545454,3.640909090909091,6.545454545454546,3.0681818181818183,2.2857142857142856,0.8426966292134831,0.851581508515815,9.695454545454545,14.0,0.3924050632911392,0.4008438818565401,2.536363636363636,0.6954545454545454,0.4909090909090909,3.109090909090909,1.1045454545454545,0.32727272727272727,0.012272727272727272,-0.9
Bub Carrington,82,2271,314,741,169,414,81,111,33,243,276,381,52,17,191,184,878,1,0.556,18.0,-2.5,,,-0.1,0.053,0.109,0.279,WAS,82,2271,233,78,190,41.1,77.0,184.0,41.8,61.3,0.2564102564102564,0.4444444444444444,3.011889035667107,2.916776750330251,20.0,25.0,55.0,119.0,23.0,16.0,39.0,59.0,41.0,0.0,126.0,111.0,237.0,3728,4755,40,699,935,458,10.2,12.3,0.3963011889035667,0.8718626155878467,1.8863936591809776,0.3645970937912813,0.2536327608982827,0.618229854689564,0.0,1.997357992073976,1.7595772787318362,3.756935270805813,59.09643328929987,75.37648612945839,0.6340819022457067,11.080581241743726,14.821664464993397,7.260237780713342,2.2,0.6552217453505007,0.6706008583690987,11.746367239101717,18.0,0.5587044534412956,0.14979757085020243,6.039630118890356,3.0277410832232494,0.523117569352708,3.852047556142668,0.8243064729194187,0.26948480845442535,-0.001585204755614267,-2.5
Buddy Hield,102,1638,286,654,148,424,60,74,54,178,232,142,78,18,96,114,780,3,0.568,20.3,-0.1,,,1.7000000000000002,0.159,0.11,0.0829999999999999,ATL,51,819,177,59,154,38.3,59.0,151.0,39.1,57.5,0.2354740061162079,0.3561320754716981,3.3846153846153846,3.318681318681319,33.0,5.0,11.0,78.0,11.0,11.0,22.0,50.0,50.0,0.0,80.0,54.0,134.0,1106,1125,21,125,200,105,6.4,9.5,0.1098901098901098,0.2417582417582417,1.7142857142857142,0.2417582417582417,0.2417582417582417,0.4835164835164835,0.0,1.7582417582417582,1.1868131868131868,2.9450549450549453,24.307692307692307,24.725274725274726,0.4615384615384615,2.7472527472527477,4.395604395604396,2.3076923076923075,2.2,0.84,0.4520795660036166,14.373626373626374,20.3,0.6483180428134556,0.11314984709480122,3.1208791208791213,2.10989010989011,1.1868131868131868,3.9120879120879124,1.7142857142857144,0.39560439560439564,0.03736263736263737,-0.1
CJ McCollum,152,4528,1050,2308,382,1020,366,474,124,380,504,586,128,70,270,288,2848,3,0.566,25.7,-1.7,,,2.1,0.135,0.185,0.238,ATL,76,2263,279,95,253,37.5,89.0,244.0,36.5,55.1,0.1096187175043327,0.2392156862745098,2.0114840989399294,1.939929328621908,34.0,26.0,63.0,113.0,20.0,21.0,41.0,48.8,51.2,0.0,161.0,165.0,326.0,2823,4346,56,579,769,369,10.4,13.1,0.2067137809187279,0.5008833922261484,0.8984098939929329,0.1590106007067137,0.1669611307420494,0.3259717314487632,0.0,1.280035335689046,1.311837455830389,2.591872791519435,22.44434628975265,34.553003533568905,0.4452296819787986,4.603356890459364,6.113957597173145,2.933745583038869,2.423076923076923,0.6373056994818653,0.9210060219624512,18.34982332155477,25.7,0.44194107452339687,0.20537261698440207,4.659010600706713,2.1466431095406358,0.9858657243816253,3.0212014134275615,1.017667844522968,0.5565371024734982,0.016696113074204946,-1.7
Cade Cunningham,64,2172,548,1189,125,366,310,382,56,299,355,634,92,54,236,196,1531,1,0.564,30.5,1.5,,,3.6,0.179,0.3,0.213,DET,64,2172,158,56,156,35.9,46.0,143.0,32.2,50.6,0.1312026913372582,0.3907103825136612,2.585635359116022,2.3701657458563536,24.0,20.0,44.0,154.0,24.0,32.0,56.0,42.9,57.1,0.0,177.0,132.0,309.0,3842,5526,85,1052,1584,792,16.5,20.6,0.3314917127071823,0.7292817679558011,2.552486187845304,0.3977900552486187,0.5303867403314917,0.9281767955801103,0.0,2.933701657458564,2.1878453038674035,5.121546961325967,63.67955801104972,91.59116022099448,1.408839779005525,17.43646408839779,26.25414364640884,13.12707182320442,2.2,0.752851711026616,0.5205622071837585,19.707182320441987,30.5,0.30782169890664424,0.32127838519764507,10.508287292817679,3.911602209944751,0.9281767955801105,4.955801104972376,1.5248618784530386,0.8950276243093922,0.05966850828729282,1.5
Caleb Love,49,1013,190,490,93,292,36,49,25,89,114,123,27,4,62,48,509,1,0.497,23.0,-1.6,,,0.8,0.122,0.167,0.1139999999999999,POR,49,1013,204,68,198,34.3,68.0,195.0,34.9,51.5,0.4040816326530612,0.6678082191780822,7.036525172754195,6.929911154985192,24.0,5.0,11.0,59.0,5.0,4.0,9.0,55.6,44.4,0.0,37.0,47.0,84.0,1213,1770,22,200,313,153,10.1,12.6,0.1776900296150049,0.3909180651530108,2.0967423494570583,0.1776900296150049,0.1421520236920039,0.3198420533070089,0.0,1.3149062191510366,1.6702862783810464,2.9851924975320827,43.1076011846002,62.90227048371175,0.7818361303060217,7.107601184600197,11.123395853899307,5.437314906219151,2.2,0.765,0.4122011541632316,17.413622902270482,23.0,0.5959183673469388,0.1,4.371174728529121,2.203356367226061,0.8884501480750246,3.1628825271470875,0.9595261599210266,0.14215202369200394,0.02843040473840079,-1.6
Caleb Martin,58,856,85,189,20,57,37,61,28,115,143,81,40,15,40,86,227,1,0.526,12.5,1.7,,,0.9,0.312,0.18,0.207,DAL,58,856,65,23,66,34.8,19.0,51.0,37.3,49.2,0.3492063492063492,0.8947368421052632,2.7757009345794392,2.1448598130841123,30.0,28.0,64.0,73.0,8.0,7.0,15.0,53.3,46.7,4.0,58.0,29.0,87.0,759,775,11,138,217,102,10.7,13.4,1.1775700934579438,2.691588785046729,3.0700934579439254,0.3364485981308411,0.2943925233644859,0.6308411214953271,0.1682242990654205,2.439252336448598,1.219626168224299,3.658878504672897,31.92056074766355,32.59345794392523,0.4626168224299065,5.803738317757009,9.126168224299066,4.289719626168225,2.2857142857142856,0.7391304347826086,3.689064558629776,7.948598130841121,12.5,0.30158730158730157,0.32275132275132273,3.406542056074766,1.6822429906542056,1.1775700934579438,4.836448598130841,1.6822429906542056,0.6308411214953271,0.03785046728971962,1.7
Cam Spencer,72,1714,263,556,146,325,126,134,40,143,183,400,52,11,93,103,798,1,0.649,17.2,-0.8,,,0.6,0.067,0.108,0.241,MEM,72,1714,226,78,165,47.3,70.0,151.0,46.4,68.5,0.2967625899280575,0.4646153846153846,3.465577596266044,3.1715285880980164,26.0,13.0,29.0,113.0,15.0,15.0,30.0,50.0,50.0,2.0,53.0,89.0,142.0,2990,3831,53,708,1004,488,13.4,16.3,0.2730455075845974,0.6091015169194866,2.3733955659276544,0.3150525087514585,0.3150525087514585,0.6301050175029171,0.0420070011668611,1.1131855309218204,1.869311551925321,2.982497082847141,62.80046674445741,80.46441073512253,1.1131855309218204,14.870478413068843,21.087514585764293,10.24970828471412,2.230769230769231,0.6892655367231638,0.4347826086956521,11.677946324387399,17.2,0.5845323741007195,0.24100719424460432,8.401400233372229,1.9533255542590433,0.8401400233372229,3.0035005834305717,1.0921820303383898,0.2310385064177363,0.012602100350058343,-0.8
Cam Thomas,84,1762,378,922,104,336,274,338,22,120,142,216,18,8,148,86,1134,3,0.53,30.3,-3.9,,,0.2,0.128,0.197,0.31,MIL,42,881,62,21,61,34.4,20.0,57.0,35.1,50.8,0.0661605206073752,0.1696428571428571,1.246311010215664,1.1645856980703746,24.0,3.0,7.0,31.0,4.0,1.0,5.0,80.0,20.0,1.0,50.0,41.0,91.0,1041,1656,22,206,276,135,10.4,13.0,0.061293984108967,0.1430192962542565,0.6333711691259932,0.0817253121452894,0.0204313280363223,0.1021566401816118,0.0204313280363223,1.021566401816118,0.8376844494892168,1.8592508513053347,21.26901248581158,33.83427922814983,0.4494892167990919,4.208853575482406,5.639046538024972,2.7582292849035186,2.333333333333333,0.6553398058252428,0.2881844380403458,18.837684449489217,30.3,0.3644251626898048,0.3665943600867679,4.413166855845629,3.0238365493757096,0.44948921679909193,2.4517593643586832,0.3677639046538025,0.16345062429057888,0.004086265607264473,-3.9
Cameron Johnson,54,1647,228,475,110,256,94,112,43,163,206,132,40,21,47,125,660,1,0.629,15.1,-0.9,,,1.0,0.202,0.131,0.128,DEN,54,1647,273,92,218,42.2,89.0,211.0,42.2,62.6,0.4589473684210526,0.82421875,4.765027322404372,4.612021857923497,30.0,36.0,82.0,102.0,16.0,11.0,27.0,59.3,40.7,5.0,117.0,106.0,223.0,1379,1513,24,244,325,165,9.6,12.0,0.7868852459016393,1.7923497267759565,2.2295081967213117,0.3497267759562841,0.2404371584699453,0.5901639344262295,0.1092896174863388,2.557377049180328,2.3169398907103824,4.874316939890711,30.14207650273224,33.07103825136612,0.5245901639344263,5.333333333333333,7.103825136612022,3.60655737704918,2.2777777777777777,0.6762295081967213,2.610587382160986,10.382513661202186,15.1,0.5389473684210526,0.23578947368421052,2.8852459016393444,1.0273224043715847,0.9398907103825137,3.5628415300546448,0.8743169398907104,0.45901639344262296,0.02185792349726776,-0.9
Caris LeVert,60,1154,163,391,60,180,57,84,23,94,117,159,51,41,82,91,443,1,0.518,18.4,1.5,,,1.8,0.192,0.217,0.131,DET,60,1154,110,37,108,34.3,36.0,106.0,34.0,50.9,0.2762148337595907,0.5888888888888889,3.369150779896014,3.3067590987868285,31.0,7.0,16.0,102.0,10.0,16.0,26.0,38.5,61.5,0.0,104.0,81.0,185.0,1526,1769,17,304,397,192,10.4,12.6,0.218370883882149,0.4991334488734835,3.1819757365684573,0.3119584055459272,0.4991334488734835,0.8110918544194108,0.0,3.244367417677643,2.5268630849220104,5.7712305025996535,47.60485268630849,55.18544194107452,0.5303292894280762,9.483535528596189,12.38474870017331,5.9896013864818025,2.2857142857142856,0.631578947368421,0.4587155963302752,12.197573656845755,18.4,0.46035805626598464,0.21483375959079284,4.9601386481802425,2.5580589254766033,0.7175043327556326,2.932409012131716,1.590987868284229,1.2790294627383016,0.0561525129982669,1.5
Carter Bryant,71,818,108,265,52,155,30,42,38,140,178,47,16,23,33,94,298,1,0.526,16.3,0.2,,,1.2,0.279,0.079,0.057,SAS,71,818,150,50,143,35.0,50.0,143.0,35.0,52.4,0.539622641509434,0.9225806451612903,6.293398533007335,6.293398533007335,20.0,21.0,47.0,47.0,5.0,10.0,15.0,33.3,66.7,1.0,111.0,70.0,181.0,691,635,7,90,122,60,6.8,8.7,0.9242053789731052,2.068459657701712,2.068459657701712,0.2200488997555012,0.4400977995110024,0.6601466992665037,0.0440097799511002,4.885085574572127,3.0806845965770173,7.965770171149145,30.410757946210268,27.94621026894865,0.3080684596577017,3.960880195599022,5.36919315403423,2.640586797066015,2.238095238095238,0.6666666666666666,3.0390738060781475,11.662591687041566,16.3,0.5849056603773585,0.15849056603773584,2.0684596577017116,1.4523227383863082,1.6723716381418094,6.161369193154035,0.7041564792176039,1.0122249388753057,0.05281173594132029,0.2
Cason Wallace,77,2046,252,584,101,288,55,68,63,175,238,200,150,28,73,154,660,1,0.538,14.5,3.3,,,4.2,0.274,0.175,0.0579999999999999,OKC,77,2046,259,87,246,35.4,85.0,240.0,35.4,52.6,0.4212328767123288,0.8333333333333334,4.328445747800586,4.222873900293255,22.0,55.0,119.0,339.0,22.0,17.0,39.0,56.4,43.6,0.0,133.0,201.0,334.0,2048,2334,32,393,520,247,9.8,12.1,0.967741935483871,2.093841642228739,5.964809384164223,0.3870967741935484,0.2991202346041056,0.6862170087976539,0.0,2.340175953079179,3.536656891495601,5.87683284457478,36.03519061583578,41.06744868035191,0.5630498533724341,6.914956011730205,9.149560117302054,4.346041055718475,2.163636363636364,0.628498727735369,2.685546875,10.275659824046922,14.5,0.4931506849315068,0.11643835616438356,3.519061583577713,1.2844574780058653,1.1085043988269796,3.079178885630499,2.6392961876832848,0.4926686217008798,0.07390029325513198,3.3
Cedric Coward,62,1598,305,648,93,275,140,166,83,281,364,171,40,27,105,126,843,1,0.585,21.5,-0.6,,,1.1,0.238,0.207,0.132,MEM,62,1598,213,73,217,33.6,67.0,207.0,32.4,49.1,0.3348765432098765,0.7527272727272727,4.888610763454318,4.663329161451815,22.0,10.0,25.0,102.0,26.0,29.0,55.0,47.3,52.7,2.0,172.0,155.0,327.0,2454,2197,30,294,431,217,7.0,8.8,0.2252816020025031,0.5632040050062578,2.297872340425532,0.5857321652065082,0.6533166458072591,1.2390488110137672,0.0450563204005006,3.874843554443054,3.4918648310387983,7.366708385481853,55.284105131414265,49.49436795994994,0.6758448060075094,6.623279098873592,9.709637046307884,4.888610763454318,2.5,0.7380952380952381,0.4074979625101874,14.598247809762201,21.5,0.4243827160493827,0.25617283950617287,3.8523153942428032,2.3654568210262825,1.869837296620776,6.330413016270337,0.9011264080100124,0.6082603254067585,0.024780976220275343,-0.6
Chet Holmgren,69,1997,434,779,88,243,225,284,130,485,615,115,43,131,107,158,1181,1,0.653,21.9,1.9,,,4.7,0.344,0.208,0.136,OKC,69,1997,237,83,224,37.1,71.0,197.0,36.0,52.9,0.2875481386392811,0.8106995884773662,4.038057085628442,3.5513269904857285,24.0,94.0,218.0,87.0,17.0,11.0,28.0,60.7,39.3,1.0,513.0,174.0,687.0,2090,1654,12,173,285,134,5.5,6.4,1.6945418127190786,3.929894842263395,1.56835252879319,0.3064596895343014,0.1982974461692538,0.5047571357035553,0.0180270405608412,9.247871807711569,3.13670505758638,12.384576865297946,37.67651477215824,29.816725087631447,0.2163244867300951,3.1186780170255384,5.13770655983976,2.415623435152729,2.3191489361702127,0.7745664739884393,4.497607655502392,14.043064596895345,21.9,0.3119383825417201,0.3645699614890886,2.0731096644967453,1.9288933400100152,2.3435152729093645,8.743114672008012,0.7751627441161744,2.3615423134702054,0.08472709063595395,1.9
Christian Braun,44,1399,202,389,43,143,79,101,61,150,211,120,30,12,43,103,526,1,0.607,14.8,-0.9,,,0.8,0.373,0.206,0.054,DEN,44,1399,124,43,126,34.1,38.0,118.0,32.2,49.2,0.3239074550128534,0.8251748251748252,3.242315939957112,3.0364546104360257,25.0,41.0,101.0,93.0,9.0,8.0,17.0,52.9,47.1,0.0,97.0,89.0,186.0,1580,1626,22,203,315,157,7.6,9.9,1.0550393137955685,2.598999285203717,2.3931379556826307,0.2315939957112223,0.2058613295210865,0.4374553252323088,0.0,2.496068620443174,2.2902072909220874,4.786275911365261,40.65761258041458,41.84131522516083,0.5661186561829878,5.22373123659757,8.10578984989278,4.040028591851322,2.463414634146341,0.7733990147783252,2.59493670886076,10.010007147962831,14.8,0.3676092544987147,0.2596401028277635,3.0879199428162973,1.1065046461758399,1.5696926375982845,3.8598999285203717,0.7719799857040743,0.30879199428162973,0.02058613295210865,-0.9
Christian Koloko,54,714,62,148,2,18,20,30,62,100,162,36,28,46,32,96,146,4,0.453,11.3,1.2,,,0.8,0.446,0.297,0.135,ATL,27,357,5,2,15,13.3,1.0,9.0,11.1,16.7,0.1013513513513513,0.5,0.7563025210084033,0.453781512605042,26.0,40.0,91.0,20.0,6.0,3.0,9.0,66.7,33.3,0.0,122.0,34.0,156.0,304,208,3,27,48,23,5.9,7.6,2.016806722689076,4.588235294117647,1.0084033613445378,0.3025210084033613,0.1512605042016806,0.453781512605042,0.0,6.151260504201681,1.7142857142857142,7.865546218487394,15.327731092436975,10.487394957983192,0.1512605042016806,1.361344537815126,2.4201680672268906,1.1596638655462186,2.275,0.8518518518518519,13.157894736842104,7.46218487394958,11.3,0.12162162162162163,0.20270270270270271,1.815126050420168,1.6134453781512605,3.1260504201680672,5.042016806722689,1.411764705882353,2.319327731092437,0.040336134453781515,1.2
Clint Capela,75,926,118,227,1,2,45,78,160,185,345,50,36,63,41,74,282,1,0.54,13.7,0.9,,,1.7,0.63,0.344,0.017,HOU,75,926,3,1,2,50.0,1.0,2.0,50.0,75.0,0.0088105726872246,1.0,0.0777537796976241,0.0777537796976241,32.0,87.0,191.0,49.0,18.0,10.0,28.0,64.3,35.7,1.0,260.0,76.0,336.0,869,558,9,79,127,61,5.8,7.0,3.3822894168466524,7.42548596112311,1.9049676025917928,0.6997840172786177,0.3887688984881209,1.0885529157667386,0.038876889848812,10.107991360691145,2.9546436285097197,13.062634989200864,33.78401727861771,21.69330453563715,0.3498920086393088,3.071274298056156,4.9373650107991365,2.3714902807775378,2.1954022988505746,0.7721518987341772,10.01150747986191,8.825053995680346,13.7,0.00881057268722467,0.3436123348017621,1.9438444924406046,1.593952483801296,6.220302375809935,7.1922246220302375,1.3995680345572354,2.449244060475162,0.06609071274298056,0.9
Coby White,100,2498,556,1246,230,636,394,482,34,306,340,400,50,10,256,222,1736,3,0.595,28.8,-1.9,,,1.4,0.238,0.141,0.111,CHA,50,1250,228,77,183,42.1,74.0,180.0,41.1,62.3,0.1468699839486356,0.2830188679245283,2.637309847878303,2.5940752602081667,26.0,14.0,35.0,44.0,11.0,10.0,21.0,52.4,47.6,7.0,94.0,71.0,165.0,1685,2533,39,356,523,250,11.9,14.8,0.2017614091273018,0.5044035228182546,0.6341072858286629,0.1585268214571657,0.144115292233787,0.3026421136909528,0.1008807045636509,1.354683746997598,1.023218574859888,2.377902321857486,24.283426741393114,36.50440352281826,0.5620496397117695,5.130504403522818,7.537229783827062,3.602882305844676,2.5,0.702247191011236,0.8308605341246291,17.956765412329865,28.8,0.5104333868378812,0.3868378812199037,5.764611689351481,3.689351481184948,0.48999199359487594,4.4099279423538835,0.7205764611689351,0.14411529223378705,0.020176140912730185,-1.9
Cody Williams,67,1631,238,509,28,131,84,119,61,137,198,137,51,26,73,122,588,1,0.524,16.0,-1.9,,,0.1,0.253,0.322,0.167,UTA,67,1631,88,30,125,24.0,28.0,119.0,23.5,35.2,0.2455795677799607,0.9083969465648856,2.7590435315757205,2.6266094420600856,21.0,62.0,151.0,130.0,11.0,18.0,29.0,37.9,62.1,0.0,174.0,74.0,248.0,1522,1680,18,232,337,159,9.0,10.4,1.3684855916615573,3.3329245861434704,2.8694052728387494,0.2427958307786634,0.3973022685469037,0.6400980993255672,0.0,3.840588595953403,1.6333537706928265,5.473942366646229,33.594114040465975,37.081545064377686,0.3973022685469037,5.120784794604537,7.438381361128142,3.5095033721643163,2.435483870967742,0.6853448275862069,4.073587385019711,11.234825260576335,16.0,0.25736738703339884,0.2337917485265226,3.0239117106069897,1.6112814224402208,1.3464132434089517,3.0239117106069897,1.125689760882894,0.5738810545677498,0.0022072348252605766,-1.9
Cole Anthony,35,527,98,231,22,72,16,26,16,71,87,121,20,11,65,73,234,1,0.483,25.8,-0.9,,,0.4,0.143,0.268,0.277,MIL,35,527,44,15,46,32.6,14.0,45.0,31.1,47.8,0.1991341991341991,0.625,3.1423149905123338,3.074003795066414,26.0,2.0,4.0,37.0,6.0,7.0,13.0,46.2,53.8,1.0,24.0,33.0,57.0,915,1336,17,222,312,149,13.2,16.3,0.1366223908918406,0.2732447817836812,2.527514231499051,0.4098671726755218,0.4781783681214421,0.888045540796964,0.0683111954459203,1.6394686907020872,2.25426944971537,3.893738140417457,62.50474383301708,91.26375711574951,1.1612903225806452,15.165085388994308,21.31309297912713,10.178368121442125,2.0,0.6711711711711712,0.2185792349726776,15.779886148007591,25.8,0.3116883116883117,0.11255411255411256,8.265654648956357,4.44022770398482,1.092979127134725,4.850094876660342,1.366223908918406,0.7514231499051234,0.027324478178368125,-0.9
Collin Gillespie,80,2282,352,842,232,578,76,87,89,238,327,371,99,16,125,130,1012,1,0.575,18.7,0.6,,,2.5,0.056,0.082,0.176,PHX,80,2282,406,137,297,46.1,132.0,288.0,45.8,68.4,0.3527315914489311,0.4982698961937716,4.685363716038562,4.543382997370728,27.0,29.0,65.0,202.0,39.0,31.0,70.0,55.7,44.3,12.0,93.0,117.0,210.0,3641,4418,97,643,933,489,10.2,13.4,0.4574934268185802,1.0254163014899211,3.186678352322524,0.6152497808939527,0.4890446976336547,1.1042944785276074,0.1893076248904469,1.467134092900964,1.845749342681858,3.312883435582822,57.43908851884312,69.69675723049956,1.5302366345311131,10.14373356704645,14.718667835232251,7.714285714285714,2.2413793103448274,0.76049766718507,0.7964844822850865,13.283085013146362,18.7,0.6864608076009501,0.10332541567695962,5.852760736196318,1.9719544259421558,1.404031551270815,3.7546012269938647,1.5617879053461874,0.25241016652059595,0.03943908851884312,0.6
Collin Murray-Boyles,57,1246,198,342,17,50,71,108,133,152,285,106,52,53,59,147,484,1,0.621,15.5,1.5,,,1.9,0.617,0.178,0.0579999999999999,TOR,57,1246,58,21,65,32.3,16.0,49.0,32.7,44.6,0.1900584795321637,0.98,1.87800963081862,1.4157303370786516,21.0,87.0,192.0,156.0,15.0,8.0,23.0,65.2,34.8,1.0,181.0,110.0,291.0,1416,1101,18,182,275,132,7.5,9.3,2.513643659711076,5.547351524879614,4.507223113964687,0.4333868378812199,0.2311396468699839,0.6645264847512039,0.0288924558587479,5.229534510433387,3.178170144462279,8.407704654895666,40.91171749598716,31.810593900481543,0.5200642054574639,5.258426966292135,7.945425361155698,3.813804173354735,2.206896551724138,0.7252747252747253,6.1440677966101696,9.881219903691814,15.5,0.14619883040935672,0.3157894736842105,3.062600321027287,1.7046548956661316,3.842696629213483,4.391653290529695,1.5024077046548956,1.5313001605136436,0.05489566613162119,1.5
Collin Sexton,136,3228,720,1484,224,558,436,510,82,228,310,446,152,20,282,288,2100,3,0.615,25.9,-0.5,,,2.8,0.275,0.22,0.13,CHI,68,1613,242,82,185,44.3,78.0,175.0,44.6,65.4,0.1246630727762803,0.3136200716845878,2.063197026022305,1.951672862453532,27.0,23.0,53.0,138.0,12.0,17.0,29.0,41.4,58.6,1.0,91.0,70.0,161.0,2099,3335,38,410,555,281,10.6,13.4,0.2565055762081784,0.5910780669144982,1.5390334572490707,0.1338289962825278,0.1895910780669145,0.3234200743494423,0.0111524163568773,1.0148698884758365,0.7806691449814126,1.795539033457249,23.4089219330855,37.19330855018588,0.4237918215613382,4.5724907063197024,6.189591078066915,3.133828996282528,2.3043478260869565,0.6853658536585366,1.095759885659838,16.550185873605948,25.9,0.37601078167115903,0.3436657681940701,4.973977695167286,3.144981412639405,0.9144981412639405,2.5427509293680295,1.695167286245353,0.22304832713754646,0.0312267657992565,-0.5
Cooper Flagg,70,2344,559,1194,72,244,283,342,86,380,466,316,84,64,161,142,1473,1,0.548,26.9,0.4,,,2.5,0.218,0.311,0.267,DAL,70,2344,106,38,121,31.4,30.0,105.0,28.6,43.8,0.1013400335008375,0.430327868852459,1.8583617747440275,1.6126279863481228,19.0,30.0,69.0,152.0,24.0,31.0,55.0,43.6,56.4,0.0,250.0,226.0,476.0,3107,3611,50,597,789,382,10.2,12.3,0.4607508532423208,1.0597269624573378,2.334470989761092,0.3686006825938566,0.4761092150170648,0.8447098976109215,0.0,3.839590443686007,3.47098976109215,7.310580204778157,47.718430034129696,55.45904436860068,0.7679180887372014,9.168941979522184,12.117747440273035,5.866894197952218,2.3,0.6398659966499163,0.965561635017702,18.33788395904437,26.9,0.20435510887772193,0.2864321608040201,4.853242320819112,2.4726962457337884,1.3208191126279862,5.836177474402731,1.2901023890784982,0.9829351535836177,0.03839590443686007,0.4
Corey Kispert,116,2160,368,788,174,474,154,194,54,210,264,184,32,18,90,120,1064,3,0.609,18.6,-2.0,,,1.0,0.234,0.137,0.028,ATL,58,1080,222,74,201,36.8,74.0,199.0,37.2,55.2,0.2550761421319797,0.4198312236286919,3.35,3.316666666666667,27.0,15.0,34.0,39.0,11.0,8.0,19.0,57.9,42.1,1.0,121.0,69.0,190.0,955,1031,17,154,233,114,9.6,11.9,0.25,0.5666666666666667,0.65,0.1833333333333333,0.1333333333333333,0.3166666666666666,0.0166666666666666,2.0166666666666666,1.15,3.1666666666666665,15.916666666666666,17.183333333333334,0.2833333333333333,2.566666666666667,3.883333333333333,1.9,2.2666666666666666,0.7402597402597403,1.5706806282722514,13.133333333333333,18.6,0.6015228426395939,0.24619289340101522,3.0666666666666664,1.5,0.9,3.5,0.5333333333333333,0.3,0.016666666666666666,-2.0
Craig Porter Jr.,64,1148,116,258,33,93,24,40,85,135,220,205,57,38,59,70,289,1,0.524,12.3,1.9,,,1.5,0.264,0.205,0.1709999999999999,CLE,64,1148,50,17,49,34.7,16.0,48.0,33.3,51.0,0.189922480620155,0.5161290322580645,1.5365853658536586,1.505226480836237,26.0,13.0,29.0,139.0,18.0,7.0,25.0,72.0,28.0,0.0,107.0,63.0,170.0,1801,1908,32,383,517,252,11.4,14.0,0.4076655052264808,0.9094076655052264,4.358885017421603,0.5644599303135889,0.2195121951219512,0.7839721254355401,0.0,3.355400696864112,1.975609756097561,5.331010452961673,56.47735191637631,59.832752613240416,1.0034843205574913,12.010452961672474,16.21254355400697,7.902439024390244,2.230769230769231,0.6579634464751958,0.7218212104386452,8.090592334494774,12.3,0.36046511627906974,0.15503875968992248,6.428571428571429,1.8501742160278745,2.6655052264808363,4.2334494773519165,1.7874564459930313,1.1916376306620209,0.047038327526132406,1.9
Daeqwon Plowden,32,844,120,279,62,186,42,49,33,64,97,41,23,7,26,78,344,1,0.572,16.4,-2.3,,,0.1,0.136,0.172,0.025,SAC,32,844,165,55,167,32.9,55.0,167.0,32.9,49.4,0.5985663082437276,0.8978494623655914,7.123222748815166,7.123222748815166,27.0,7.0,16.0,53.0,7.0,3.0,10.0,70.0,30.0,1.0,58.0,58.0,116.0,690,758,10,75,105,54,5.9,7.8,0.2985781990521327,0.6824644549763034,2.2606635071090047,0.2985781990521327,0.1279620853080568,0.4265402843601896,0.0426540284360189,2.4739336492890995,2.4739336492890995,4.947867298578199,29.43127962085308,32.33175355450237,0.4265402843601896,3.199052132701422,4.478672985781991,2.303317535545024,2.2857142857142856,0.72,1.0144927536231885,11.90047393364929,16.4,0.6666666666666666,0.17562724014336917,1.7488151658767774,1.109004739336493,1.4075829383886258,2.7298578199052135,0.981042654028436,0.29857819905213273,0.004265402843601896,-2.3
Dalen Terry,96,1102,136,310,48,132,32,60,52,120,172,132,58,30,52,98,352,3,0.523,14.8,0.8,,,1.2,0.335,0.187,0.052,PHI,48,551,60,20,55,36.4,20.0,55.0,36.4,54.5,0.1774193548387097,0.4166666666666667,1.796733212341198,1.796733212341198,23.0,8.0,22.0,48.0,5.0,7.0,12.0,41.7,58.3,1.0,69.0,39.0,108.0,724,754,12,133,167,80,9.1,11.0,0.2613430127041742,0.7186932849364791,1.5680580762250451,0.1633393829401088,0.2286751361161524,0.3920145190562613,0.0326678765880217,2.2540834845735027,1.2740471869328494,3.5281306715063523,23.65154264972777,24.63157894736842,0.3920145190562613,4.344827586206897,5.455535390199637,2.613430127041742,2.75,0.6015037593984962,1.1049723756906078,10.12704174228675,14.8,0.4258064516129032,0.1935483870967742,4.312159709618874,1.6987295825771322,1.6987295825771322,3.920145190562613,1.894736842105263,0.9800362976406533,0.03920145190562613,0.8
Dalton Knecht,54,553,87,191,38,111,16,22,14,61,75,21,11,11,23,45,228,1,0.568,17.7,-1.6,,,0.4,0.157,0.12,0.141,LAL,54,553,102,35,93,37.6,32.0,90.0,35.6,54.8,0.4869109947643979,0.8108108108108109,6.054249547920434,5.858951175406872,25.0,8.0,19.0,16.0,3.0,3.0,6.0,50.0,50.0,2.0,50.0,33.0,83.0,470,497,1,43,52,22,4.5,4.7,0.5207956600361664,1.2368896925858952,1.0415913200723328,0.1952983725135623,0.1952983725135623,0.3905967450271247,0.1301989150090416,3.25497287522604,2.148282097649186,5.403254972875226,30.596745027124776,32.35443037974684,0.0650994575045208,2.7992766726943943,3.385171790235081,1.4321880650994574,2.375,0.5116279069767442,1.702127659574468,12.433996383363473,17.7,0.581151832460733,0.11518324607329843,1.3670886075949369,1.4972875226039783,0.9113924050632912,3.9710669077757688,0.7160940325497288,0.7160940325497288,0.02603978300180832,-1.6
Daniel Gafford,55,1195,207,316,0,0,110,161,138,240,378,58,42,69,63,144,524,1,0.677,15.8,1.2,,,1.7,0.661,0.313,0.025,DAL,55,1194,2,1,3,33.3,0.0,0.0,,33.3,0.0094936708860759,,0.0903765690376569,0.0,27.0,156.0,355.0,102.0,15.0,13.0,28.0,53.6,46.4,3.0,310.0,78.0,388.0,1094,776,6,101,143,67,5.3,6.1,4.699581589958159,10.694560669456068,3.0728033472803347,0.4518828451882845,0.3916317991631799,0.8435146443514644,0.0903765690376569,9.338912133891212,2.3497907949790795,11.688702928870294,32.957322175732216,23.377405857740587,0.1807531380753138,3.0426778242677823,4.307949790794979,2.0184100418410043,2.275641025641025,0.6633663366336634,14.259597806215725,9.519665271966527,15.8,0.0,0.509493670886076,1.7472803347280335,1.897907949790795,4.157322175732218,7.2301255230125525,1.2652719665271965,2.078661087866109,0.05121338912133891,1.2
Daniss Jenkins,72,1455,232,568,73,195,134,161,51,115,166,278,64,15,115,107,671,1,0.525,21.5,0.1,,,2.0,0.164,0.287,0.206,DET,72,1455,169,58,119,48.7,53.0,111.0,47.7,71.0,0.2095070422535211,0.5692307692307692,2.9443298969072167,2.74639175257732,24.0,9.0,21.0,119.0,20.0,18.0,38.0,52.6,47.4,0.0,106.0,72.0,178.0,2340,3296,37,491,701,347,11.9,14.8,0.222680412371134,0.5195876288659794,2.9443298969072167,0.4948453608247423,0.445360824742268,0.9402061855670104,0.0,2.622680412371134,1.7814432989690725,4.404123711340207,57.896907216494846,81.55051546391752,0.9154639175257732,12.148453608247422,17.344329896907215,8.585567010309278,2.333333333333333,0.7067209775967414,0.3846153846153846,14.05360824742268,21.5,0.34330985915492956,0.2834507042253521,6.878350515463917,2.8453608247422677,1.2618556701030927,2.8453608247422677,1.5835051546391752,0.37113402061855666,0.049484536082474224,0.1
Danny Wolf,57,1187,178,440,68,211,84,109,57,224,281,127,30,32,73,126,508,1,0.521,20.6,-0.3,,,1.0,0.259,0.227,0.034,BKN,57,1187,174,58,177,32.8,58.0,177.0,32.8,49.2,0.4022727272727273,0.8388625592417062,5.368155012636899,5.368155012636899,22.0,11.0,26.0,67.0,7.0,7.0,14.0,50.0,50.0,0.0,215.0,88.0,303.0,1425,1384,13,217,322,153,8.9,10.7,0.3336141533277169,0.7885425442291492,2.03201347935973,0.2122999157540016,0.2122999157540016,0.4245998315080033,0.0,6.520640269587195,2.6689132266217355,9.18955349620893,43.21819713563606,41.97472620050548,0.3942712721145746,6.581297388374052,9.765796124684078,4.6402695871946085,2.363636363636364,0.7050691244239631,0.7719298245614035,13.344566133108676,20.6,0.47954545454545455,0.24772727272727274,3.851727042965459,2.213984835720303,1.7287278854254422,6.7935973041280535,0.9098567818028643,0.970513900589722,0.030328559393428812,-0.3
Darius Garland,90,2688,618,1344,244,616,210,244,36,178,214,602,86,16,260,168,1690,3,0.582,27.4,-2.4,,,1.8,0.15,0.228,0.164,LAC,45,1344,158,53,129,41.1,52.0,128.0,40.6,61.2,0.0959821428571428,0.2077922077922078,1.7276785714285714,1.7142857142857142,26.0,8.0,17.0,85.0,10.0,9.0,19.0,52.6,47.4,2.0,72.0,86.0,158.0,1975,3073,44,531,751,369,15.2,18.7,0.1071428571428571,0.2276785714285714,1.1383928571428572,0.1339285714285714,0.1205357142857142,0.2544642857142857,0.0267857142857142,0.9642857142857144,1.1517857142857142,2.1160714285714284,26.450892857142858,41.15625,0.5892857142857143,7.111607142857143,10.058035714285714,4.941964285714286,2.125,0.6949152542372882,0.4050632911392405,18.0,27.4,0.4583333333333333,0.18154761904761904,8.0625,3.4821428571428568,0.4821428571428571,2.383928571428571,1.1517857142857142,0.21428571428571427,0.024107142857142855,-2.4
Davion Mitchell,70,2000,261,533,90,228,42,65,32,154,186,453,68,11,108,181,654,1,0.582,13.6,0.4,,,1.7,0.205,0.268,0.1,MIA,70,2000,205,69,176,39.2,67.0,174.0,38.5,58.2,0.3302063789868668,0.7631578947368421,3.168,3.132,27.0,14.0,34.0,129.0,11.0,22.0,33.0,33.3,66.7,8.0,60.0,144.0,204.0,3872,4659,79,831,1211,575,11.7,14.9,0.252,0.612,2.322,0.198,0.396,0.594,0.144,1.08,2.592,3.672,69.696,83.862,1.422,14.958,21.798,10.35,2.4285714285714284,0.6919374247894103,0.3615702479338843,9.594,13.6,0.4277673545966229,0.12195121951219512,8.154,1.944,0.576,2.772,1.224,0.19799999999999998,0.030599999999999995,0.4
Day'Ron Sharpe,62,1160,214,356,9,39,103,152,171,242,413,145,67,26,106,147,540,1,0.638,19.9,1.0,,,1.5,0.587,0.292,0.011,BKN,62,1160,24,8,36,22.2,8.0,34.0,23.5,33.3,0.1011235955056179,0.8717948717948718,1.1172413793103448,1.0551724137931036,24.0,110.0,258.0,152.0,19.0,9.0,28.0,67.9,32.1,0.0,163.0,87.0,250.0,1583,1372,12,232,379,169,9.2,10.7,3.413793103448276,8.006896551724138,4.7172413793103445,0.5896551724137931,0.2793103448275862,0.8689655172413793,0.0,5.058620689655172,2.7,7.758620689655173,49.12758620689655,42.57931034482758,0.3724137931034483,7.2,11.76206896551724,5.244827586206896,2.345454545454545,0.728448275862069,6.948831332912192,11.048275862068966,19.9,0.10955056179775281,0.42696629213483145,4.5,3.2896551724137932,5.3068965517241375,7.510344827586207,2.079310344827586,0.8068965517241379,0.04655172413793103,1.0
De'Aaron Fox,72,2231,509,1047,131,395,187,246,42,228,270,445,89,19,164,162,1336,1,0.578,24.9,0.6,,,3.0,0.201,0.204,0.218,SAS,72,2231,245,85,212,40.1,75.0,194.0,38.7,57.8,0.2024832855778414,0.4911392405063291,3.4208874943971312,3.130434782608696,28.0,15.0,35.0,201.0,20.0,19.0,39.0,51.3,48.7,2.0,113.0,138.0,251.0,3245,4744,81,809,1175,567,13.7,17.5,0.242043926490363,0.5647691618108471,3.2433886149708653,0.3227252353204841,0.3065889735544599,0.6293142088749439,0.0322725235320484,1.8233975795607351,2.2268041237113403,4.050201703272076,52.362169430748544,76.55042581801882,1.3070372030479604,13.054235768713582,18.96010757507844,9.149260421335724,2.333333333333333,0.7008652657601978,0.4622496147919877,16.89466606902734,24.9,0.3772683858643744,0.2349570200573066,7.180636485880771,2.6463469296279696,0.6777229941730166,3.679067682653519,1.4361272971761543,0.3065889735544599,0.04840878529807262,0.6
De'Andre Hunter,90,2352,416,1002,150,492,248,286,60,310,370,180,60,12,150,224,1230,3,0.545,22.9,-1.5,,,2.0,0.134,0.176,0.2,SAC,45,1175,182,62,190,32.6,58.0,181.0,32.0,47.9,0.1896207584830339,0.3678861788617886,2.9081632653061225,2.770408163265306,28.0,14.0,31.0,77.0,5.0,9.0,14.0,35.7,64.3,0.0,72.0,63.0,135.0,1116,1288,22,182,231,120,8.1,10.8,0.2142857142857142,0.4744897959183674,1.1785714285714286,0.0765306122448979,0.1377551020408163,0.2142857142857142,0.0,1.1020408163265305,0.9642857142857144,2.066326530612245,17.081632653061224,19.714285714285715,0.336734693877551,2.7857142857142856,3.5357142857142856,1.836734693877551,2.2142857142857144,0.6593406593406593,1.254480286738351,15.33673469387755,22.9,0.49101796407185627,0.28542914171656686,2.7551020408163263,2.2959183673469385,0.9183673469387755,4.744897959183674,0.9183673469387755,0.18367346938775508,0.030612244897959183,-1.5
De'Anthony Melton,49,1125,215,528,72,245,100,121,39,119,158,125,77,20,91,91,602,1,0.518,25.4,0.1,,,1.5,0.159,0.288,0.089,GSW,49,1125,184,62,175,35.4,60.0,171.0,35.1,52.6,0.3314393939393939,0.6979591836734694,5.6,5.472,28.0,12.0,29.0,142.0,15.0,21.0,36.0,41.7,58.3,0.0,67.0,54.0,121.0,1718,2165,43,254,332,182,7.3,10.6,0.384,0.928,4.544,0.48,0.672,1.152,0.0,2.144,1.728,3.872,54.976,69.28,1.376,8.128,10.624,5.824,2.4166666666666665,0.7165354330708661,0.6984866123399301,16.896,25.4,0.4640151515151515,0.22916666666666666,4.0,2.912,1.248,3.8080000000000003,2.464,0.64,0.048,0.1
DeMar DeRozan,77,2406,499,1005,47,147,374,431,35,191,226,316,80,23,96,149,1419,1,0.594,22.8,-1.0,,,0.4,0.091,0.184,0.579,SAC,77,2406,191,77,184,41.8,37.0,105.0,35.2,51.9,0.1830845771144278,0.7142857142857143,2.753117206982544,1.571072319201995,36.0,7.0,17.0,125.0,16.0,23.0,39.0,41.0,59.0,4.0,123.0,93.0,216.0,1938,3094,53,622,813,387,16.3,20.0,0.1047381546134663,0.2543640897755611,1.8703241895261848,0.2394014962593516,0.3441396508728179,0.5835411471321695,0.0598503740648379,1.840399002493765,1.3915211970074812,3.2319201995012468,28.997506234413965,46.29426433915212,0.7930174563591023,9.306733167082294,12.164588528678305,5.790523690773068,2.4285714285714284,0.6221864951768489,0.3611971104231166,15.037406483790523,22.8,0.14626865671641792,0.42885572139303485,4.728179551122194,1.4364089775561097,0.5236907730673317,2.85785536159601,1.1970074812967582,0.34413965087281795,0.0059850374064837905,-1.0
Dean Wade,59,1318,122,278,71,196,27,38,53,194,247,88,44,23,16,90,342,1,0.58,9.9,1.0,,,1.4,0.223,0.036,0.036,CLE,59,1318,206,69,184,37.5,68.0,183.0,37.2,56.0,0.6618705035971223,0.9336734693877552,5.0257966616084975,4.998482549317147,29.0,48.0,115.0,115.0,8.0,11.0,19.0,42.1,57.9,0.0,205.0,81.0,286.0,1344,976,15,148,228,107,6.5,8.0,1.3110773899848256,3.141122913505311,3.141122913505311,0.2185128983308042,0.3004552352048558,0.5189681335356601,0.0,5.599393019726858,2.212443095599393,7.811836115326252,36.71016691957512,26.65857359635812,0.4097116843702579,4.042488619119879,6.227617602427921,2.9226100151745067,2.395833333333333,0.722972972972973,3.571428571428572,7.593323216995448,9.9,0.7050359712230215,0.1366906474820144,2.4036418816388467,0.4370257966616085,1.447647951441578,5.298937784522003,1.2018209408194234,0.6282245827010622,0.038239757207890746,1.0
Deandre Ayton,72,1958,403,601,0,0,91,141,185,390,575,59,41,70,83,157,897,1,0.676,16.7,-0.9,,,2.2,0.421,0.406,0.173,LAL,72,1958,74,37,77,48.1,0.0,0.0,,48.1,0.1281198003327787,,1.4157303370786516,0.0,27.0,268.0,616.0,79.0,19.0,15.0,34.0,55.9,44.1,0.0,423.0,147.0,570.0,1945,1285,15,127,152,79,3.0,4.1,4.927477017364658,11.325842696629213,1.452502553626149,0.3493360572012257,0.2757916241062308,0.6251276813074566,0.0,7.77732379979571,2.702757916241062,10.480081716036771,35.760980592441264,23.62614913176711,0.2757916241062308,2.335035750766088,2.794688457609806,1.452502553626149,2.298507462686567,0.6220472440944882,13.77892030848329,11.050051072522983,16.7,0.0,0.23460898502495842,1.0847803881511746,1.5260469867211441,3.401430030643514,7.1705822267620025,0.7538304392236976,1.2870275791624106,0.040449438202247195,-0.9
Deni Avdija,66,2199,492,1064,125,393,489,610,74,380,454,442,51,41,253,168,1598,1,0.6,29.3,0.6,,,2.4,0.29,0.243,0.096,POR,66,2199,271,92,248,37.1,87.0,240.0,36.3,54.6,0.2330827067669172,0.6106870229007634,4.060027285129604,3.929058663028649,25.0,9.0,19.0,106.0,25.0,15.0,40.0,62.5,37.5,0.0,183.0,98.0,281.0,3799,4908,73,877,1166,543,11.6,14.3,0.1473396998635743,0.311050477489768,1.7353342428376537,0.4092769440654843,0.2455661664392905,0.654843110504775,0.0,2.9959072305593453,1.6043656207366983,4.600272851296044,62.193724420191,80.34924965893588,1.195088676671214,14.357435197817187,19.088676671214188,8.88949522510232,2.111111111111111,0.6191562143671607,0.2369044485390892,17.41882673942701,29.3,0.3693609022556391,0.5733082706766918,7.2360163710777625,4.141882673942701,1.2114597544338335,6.221009549795361,0.834924965893588,0.6712141882673942,0.03929058663028649,0.6
Dennis Schröder,140,3394,510,1258,150,456,342,410,66,314,380,682,110,22,248,218,1512,3,0.526,21.0,-1.3,,,1.4,0.151,0.245,0.242,CLE,70,1696,175,59,167,35.3,57.0,159.0,35.8,52.4,0.1327503974562798,0.3486842105263157,1.7713612256923983,1.686505598114319,32.0,20.0,45.0,107.0,13.0,14.0,27.0,48.1,51.9,7.0,77.0,77.0,154.0,2988,3982,36,570,851,403,11.4,13.5,0.2121390689451974,0.4773129051266941,1.134944018856806,0.1378903948143783,0.1484973482616381,0.2863877430760165,0.074248674130819,0.8167354154390101,0.8167354154390101,1.63347083087802,31.69357690041249,42.2368886269888,0.3818503241013553,6.045963464938126,9.026517383618147,4.274602239245728,2.25,0.7070175438596491,0.6693440428380187,13.343547436652917,21.0,0.3624801271860095,0.32591414944356123,7.233942251031231,2.630524454920448,0.7000589275191514,3.3305833824395994,1.1667648791985856,0.23335297583971715,0.014849734826163818,-1.3
Derik Queen,81,2023,354,748,23,88,217,273,136,436,572,298,84,74,190,215,948,1,0.546,21.8,0.7,,,2.3,0.405,0.302,0.175,NOP,81,2023,77,29,100,29.0,19.0,75.0,25.3,38.5,0.1336898395721925,0.8522727272727273,1.7795353435491843,1.3346515076618883,21.0,125.0,295.0,187.0,21.0,9.0,30.0,70.0,30.0,4.0,358.0,192.0,550.0,2869,2523,31,440,742,362,10.4,12.6,2.2244191794364805,5.249629263470094,3.327731092436975,0.3737024221453287,0.1601581809194266,0.5338606030647554,0.0711814137419673,6.37073652990608,3.416707859614434,9.787444389520514,51.0548690064261,44.89767671774592,0.5516559565002471,7.8299555116164115,13.204152249134948,6.441917943648048,2.36,0.8227272727272728,4.35691878703381,13.3109243697479,21.8,0.11764705882352941,0.3649732620320856,5.303015323776569,3.3811171527434505,2.4201680672268906,7.7587740978744435,1.494809688581315,1.3168561542263963,0.04092931290163124,0.7
Derrick Jones Jr.,50,1350,189,379,55,153,71,93,61,112,173,69,45,50,40,104,504,1,0.6,15.1,-0.1,,,1.1,0.311,0.243,0.042,LAC,50,1350,164,55,146,37.7,54.0,143.0,37.8,56.2,0.3852242744063324,0.934640522875817,3.8933333333333335,3.8133333333333335,29.0,36.0,83.0,107.0,15.0,6.0,21.0,71.4,28.6,0.0,123.0,73.0,196.0,1183,1244,8,111,175,81,5.8,6.8,0.96,2.2133333333333334,2.853333333333333,0.4,0.16,0.56,0.0,3.28,1.9466666666666668,5.226666666666667,31.546666666666667,33.17333333333333,0.2133333333333333,2.96,4.666666666666667,2.16,2.305555555555556,0.7297297297297297,3.043110735418428,10.106666666666667,15.1,0.40369393139841686,0.24538258575197888,1.84,1.0666666666666667,1.6266666666666667,2.986666666666667,1.2000000000000002,1.3333333333333335,0.029333333333333336,-0.1
Derrick White,77,2625,437,1108,209,640,184,204,86,253,339,414,88,98,134,119,1267,1,0.529,22.0,1.0,,,3.5,0.073,0.159,0.19,BOS,77,2625,332,111,337,32.9,110.0,332.0,33.1,49.3,0.3041516245487364,0.51875,4.621714285714286,4.553142857142857,31.0,29.0,70.0,196.0,20.0,29.0,49.0,40.8,59.2,8.0,324.0,231.0,555.0,4434,5373,64,732,1057,509,9.3,11.5,0.3977142857142857,0.96,2.688,0.2742857142857143,0.3977142857142857,0.672,0.1097142857142857,4.443428571428571,3.168,7.611428571428571,60.80914285714286,73.68685714285715,0.8777142857142857,10.038857142857143,14.496,6.980571428571428,2.413793103448276,0.6953551912568307,0.6540369869192603,15.19542857142857,22.0,0.5776173285198556,0.18411552346570398,5.677714285714285,1.8377142857142856,1.1794285714285713,3.4697142857142858,1.2068571428571429,1.3439999999999999,0.048,1.0
Desmond Bane,82,2756,583,1205,167,427,314,346,98,240,338,338,86,37,164,252,1647,1,0.607,23.3,-0.2,,,2.6,0.226,0.251,0.1699999999999999,ORL,82,2756,312,106,244,43.4,100.0,228.0,43.9,63.9,0.2024896265560166,0.5339578454332553,3.1872278664731497,2.978229317851959,28.0,31.0,66.0,151.0,28.0,33.0,61.0,45.9,54.1,2.0,192.0,197.0,389.0,3233,4386,64,595,862,431,10.5,13.3,0.4049346879535558,0.8621190130624092,1.9724238026124816,0.3657474600870827,0.4310595065312046,0.7968069666182874,0.0261248185776487,2.507982583454281,2.5732946298984034,5.081277213352685,42.23076923076923,57.29172714078374,0.8359941944847605,7.772133526850508,11.259796806966618,5.629898403483309,2.129032258064516,0.7243697478991596,0.9588617383235384,15.740203193033382,23.3,0.35435684647302906,0.2871369294605809,4.415094339622642,2.142235123367199,1.2801161103047896,3.134978229317852,1.123367198838897,0.4833091436865022,0.033962264150943396,-0.2
Devin Booker,64,2146,546,1198,122,370,454,520,48,200,248,386,51,18,201,168,1668,1,0.585,32.2,-1.0,,,1.8,0.138,0.169,0.384,PHX,64,2146,150,52,139,37.4,46.0,121.0,38.0,54.0,0.1160267111853088,0.327027027027027,2.331780055917987,2.0298229263746506,29.0,33.0,76.0,89.0,24.0,23.0,47.0,51.1,48.9,2.0,95.0,77.0,172.0,2294,4062,87,763,1036,505,16.8,22.0,0.5535880708294502,1.2749301025163091,1.4930102516309414,0.4026095060577819,0.385834109972041,0.7884436160298229,0.0335507921714818,1.5936626281453867,1.2917054986020504,2.885368126747437,38.48275862068966,68.1416589002796,1.4594594594594594,12.799627213420315,17.379310344827587,8.471575023299161,2.303030303030303,0.6618610747051114,1.4385353095030515,20.096924510717614,32.2,0.3088480801335559,0.4340567612687813,6.4753028890959925,3.3718546132339235,0.8052190121155638,3.3550792171481825,0.8555452003727866,0.3019571295433364,0.030195712954333643,-1.0
Devin Carter,38,700,121,292,30,114,67,94,36,89,125,101,34,9,54,50,339,1,0.508,23.5,-1.2,,,0.4,0.205,0.329,0.076,SAC,38,700,42,14,67,20.9,14.0,67.0,20.9,31.3,0.2294520547945205,0.5877192982456141,3.4457142857142857,3.4457142857142857,24.0,5.0,13.0,62.0,6.0,8.0,14.0,42.9,57.1,0.0,36.0,53.0,89.0,1001,1302,9,185,241,118,10.1,11.8,0.2571428571428571,0.6685714285714286,3.1885714285714286,0.3085714285714285,0.4114285714285714,0.72,0.0,1.8514285714285716,2.725714285714285,4.577142857142857,51.48,66.96,0.4628571428571428,9.514285714285714,12.394285714285717,6.0685714285714285,2.6,0.6378378378378379,0.4995004995004995,15.017142857142856,23.5,0.3904109589041096,0.3219178082191781,5.194285714285714,2.777142857142857,1.8514285714285714,4.577142857142857,1.7485714285714284,0.46285714285714286,0.020571428571428574,-1.2
Devin Vassell,67,2044,330,755,166,432,106,130,39,230,269,167,57,25,60,106,932,1,0.574,18.0,0.3,,,2.6,0.089,0.061,0.278,SAS,67,2044,461,160,397,40.3,141.0,363.0,38.8,58.1,0.5258278145695364,0.8402777777777778,6.992172211350294,6.39334637964775,25.0,32.0,68.0,115.0,12.0,15.0,27.0,44.4,55.6,0.0,138.0,75.0,213.0,1897,2247,36,292,427,220,8.8,11.6,0.5636007827788649,1.197651663405088,2.025440313111546,0.2113502935420743,0.2641878669275929,0.4755381604696673,0.0,2.4305283757338554,1.3209393346379648,3.75146771037182,33.41095890410959,39.57534246575342,0.6340508806262231,5.142857142857143,7.52054794520548,3.8747553816046967,2.125,0.7534246575342466,1.686874011597259,13.297455968688844,18.0,0.5721854304635762,0.17218543046357615,2.9412915851272015,1.0567514677103718,0.6868884540117417,4.050880626223091,1.0039138943248531,0.44031311154598823,0.04579256360078278,0.3
Dillon Brooks,56,1702,417,959,127,369,170,202,43,160,203,99,57,9,98,183,1131,1,0.54,28.6,-1.3,,,1.6,0.093,0.182,0.34,PHX,56,1702,246,83,233,35.6,80.0,221.0,36.2,52.8,0.2429614181438999,0.5989159891598916,4.928319623971798,4.674500587544066,30.0,26.0,63.0,113.0,14.0,14.0,28.0,50.0,50.0,1.0,81.0,99.0,180.0,1128,2091,18,166,254,129,8.8,11.4,0.5499412455934195,1.3325499412455937,2.390129259694477,0.2961222091656874,0.2961222091656874,0.5922444183313749,0.0211515863689776,1.7132784958871916,2.094007050528789,3.807285546415981,23.85898942420681,44.22796709753232,0.3807285546415981,3.5111633372502937,5.372502937720329,2.72855464159812,2.423076923076923,0.7771084337349398,2.3049645390070923,20.28437132784959,28.6,0.38477580813347234,0.21063607924921793,2.09400705052879,2.072855464159812,0.90951821386604,3.384253819036428,1.2056404230317275,0.19036427732079908,0.03384253819036428,-1.3
Domantas Sabonis,19,564,120,221,5,27,56,77,64,152,216,78,18,4,51,66,301,1,0.59,23.0,-0.2,,,0.4,0.421,0.376,0.082,SAC,19,564,33,14,40,35.0,5.0,27.0,18.5,41.3,0.1809954751131221,1.0,2.5531914893617023,1.7234042553191489,30.0,78.0,173.0,29.0,10.0,6.0,16.0,62.5,37.5,0.0,73.0,31.0,104.0,904,715,12,133,187,97,8.6,10.7,4.97872340425532,11.04255319148936,1.851063829787234,0.6382978723404256,0.3829787234042553,1.0212765957446808,0.0,4.659574468085107,1.9787234042553192,6.638297872340425,57.70212765957447,45.63829787234042,0.7659574468085106,8.48936170212766,11.936170212765957,6.191489361702128,2.217948717948718,0.7293233082706767,8.628318584070797,14.106382978723403,23.0,0.12217194570135746,0.34841628959276016,4.978723404255319,3.25531914893617,4.085106382978723,9.702127659574467,1.1489361702127658,0.2553191489361702,0.02553191489361702,-0.2
Dominick Barlow,71,1689,215,399,21,82,94,131,133,207,340,87,63,53,56,150,545,1,0.597,12.8,0.4,,,1.8,0.489,0.248,0.0579999999999999,PHI,71,1689,73,26,97,26.8,21.0,82.0,25.6,37.6,0.2431077694235588,1.0,2.0674955595026643,1.7477797513321491,23.0,60.0,145.0,121.0,21.0,24.0,45.0,46.7,53.3,0.0,352.0,140.0,492.0,1433,1198,23,138,229,115,6.1,8.0,1.2788632326820604,3.090586145648313,2.5790408525754884,0.4476021314387211,0.5115452930728241,0.9591474245115452,0.0,7.502664298401421,2.984014209591474,10.486678507992895,30.543516873889875,25.534635879218477,0.4902309058614564,2.9413854351687387,4.880994671403197,2.4511545293072823,2.4166666666666665,0.8333333333333334,4.1870202372644805,8.504440497335702,12.8,0.20551378446115287,0.3283208020050125,1.8543516873889876,1.1936056838365898,2.8348134991119007,4.412078152753108,1.3428063943161634,1.1296625222024868,0.03836589698046181,0.4
Donovan Clingan,77,2094,356,684,84,246,138,203,347,545,892,162,44,130,95,182,934,1,0.604,16.9,0.6,,,3.5,0.471,0.155,0.015,POR,77,2094,231,78,220,35.5,75.0,215.0,34.9,52.5,0.3216374269005848,0.8739837398373984,3.782234957020057,3.696275071633238,22.0,177.0,410.0,82.0,19.0,12.0,31.0,61.3,38.7,1.0,758.0,280.0,1038.0,2347,1688,21,238,396,194,6.9,8.3,3.04297994269341,7.048710601719198,1.4097421203438396,0.326647564469914,0.2063037249283667,0.5329512893982808,0.0171919770773638,13.031518624641834,4.813753581661891,17.845272206303726,40.34957020057307,29.020057306590257,0.3610315186246418,4.091690544412607,6.808022922636103,3.335243553008596,2.3163841807909606,0.8151260504201681,7.541542394546229,11.759312320916905,16.9,0.35964912280701755,0.29678362573099415,2.7851002865329515,1.6332378223495703,5.965616045845272,9.369627507163324,0.7564469914040115,2.2349570200573066,0.060171919770773644,0.6
Donovan Mitchell,70,2342,678,1403,224,616,372,430,50,266,316,398,104,20,198,163,1952,1,0.613,32.2,-0.2,,,2.4,0.189,0.192,0.18,CLE,70,2342,294,100,242,41.3,94.0,231.0,40.7,60.7,0.172487526728439,0.375,3.719897523484201,3.550811272416738,29.0,16.0,38.0,201.0,21.0,24.0,45.0,46.7,53.3,0.0,95.0,118.0,213.0,2862,4699,81,739,1030,522,13.9,18.2,0.2459436379163108,0.5841161400512382,3.089666951323655,0.322801024765158,0.3689154568744662,0.6917164816396243,0.0,1.4602903501280955,1.8138343296327928,3.274124679760888,43.993168232280105,72.23057216054654,1.2450896669513236,11.359521776259609,15.83262169086251,8.02391118701964,2.375,0.706359945872801,0.5590496156533893,21.566182749786506,32.2,0.4390591589451176,0.30648610121168923,6.117847993168232,3.0435525192143467,0.7685738684884714,4.088812980358668,1.5986336464560205,0.3074295473953886,0.036891545687446625,-0.2
Donte DiVincenzo,82,2494,339,835,244,644,78,105,67,269,336,313,104,34,118,197,1000,1,0.567,16.9,0.7,,,2.9,0.103,0.089,0.038,MIN,82,2494,575,192,499,38.5,191.0,498.0,38.4,57.6,0.5976047904191617,0.7732919254658385,7.2028869286287085,7.188452285485164,29.0,29.0,73.0,241.0,26.0,36.0,62.0,41.9,58.1,0.0,139.0,125.0,264.0,3323,3527,58,493,771,407,9.4,12.2,0.4186046511627907,1.053728949478749,3.4787489975942263,0.3753007217321571,0.5196471531676022,0.8949478748997595,0.0,2.0064153969526863,1.8043303929430636,3.81074578989575,47.9663191659984,50.910986367281474,0.8372093023255814,7.116279069767442,11.129109863672817,5.874899759422615,2.5172413793103448,0.8255578093306288,0.8727053866987662,12.052927024859663,16.9,0.7712574850299401,0.12574850299401197,4.5180433039294305,1.7032878909382518,0.967121090617482,3.882919005613472,1.5012028869286287,0.4907778668805132,0.04186046511627907,0.7
Dorian Finney-Smith,37,620,44,132,27,100,8,9,35,58,93,36,16,6,22,61,123,1,0.452,10.7,-0.1,,,0.6,0.182,0.053,0.008,HOU,37,620,78,26,94,27.7,26.0,94.0,27.7,41.5,0.7121212121212122,0.94,5.458064516129032,5.458064516129032,33.0,11.0,25.0,35.0,3.0,3.0,6.0,50.0,50.0,0.0,42.0,31.0,73.0,559,454,4,57,88,41,6.4,7.3,0.6387096774193548,1.4516129032258065,2.032258064516129,0.1741935483870967,0.1741935483870967,0.3483870967741935,0.0,2.438709677419354,1.8,4.238709677419354,32.458064516129035,26.361290322580643,0.232258064516129,3.3096774193548386,5.109677419354838,2.3806451612903228,2.272727272727273,0.7192982456140351,1.9677996422182469,7.6645161290322585,10.7,0.7575757575757576,0.06818181818181818,2.0903225806451613,1.2774193548387098,2.032258064516129,3.367741935483871,0.9290322580645162,0.34838709677419355,0.03483870967741935,-0.1
Drake Powell,63,1320,144,358,51,182,69,77,21,90,111,91,36,14,60,89,408,1,0.521,14.9,-1.3,,,0.5,0.17,0.148,0.173,BKN,63,1320,122,41,146,28.1,40.0,143.0,28.0,41.8,0.4078212290502793,0.7857142857142857,3.981818181818182,3.9,20.0,10.0,24.0,79.0,9.0,10.0,19.0,47.4,52.6,0.0,92.0,77.0,169.0,1377,1503,18,214,246,115,6.6,8.4,0.2727272727272727,0.6545454545454545,2.1545454545454548,0.2454545454545454,0.2727272727272727,0.5181818181818182,0.0,2.5090909090909093,2.1,4.609090909090909,37.554545454545455,40.99090909090909,0.4909090909090909,5.836363636363636,6.709090909090909,3.136363636363636,2.4,0.5373831775700935,0.7262164124909223,9.763636363636364,14.9,0.5083798882681564,0.21508379888268156,2.4818181818181815,1.6363636363636362,0.5727272727272728,2.4545454545454546,0.9818181818181818,0.3818181818181818,0.013636363636363636,-1.3
Draymond Green,68,1869,205,491,101,310,59,84,55,320,375,376,61,42,181,197,570,1,0.54,16.1,1.0,,,2.1,0.208,0.112,0.049,GSW,68,1869,304,103,315,32.7,98.0,302.0,32.5,48.3,0.6415478615071283,0.9741935483870968,6.067415730337078,5.81701444622793,36.0,174.0,449.0,146.0,13.0,13.0,26.0,50.0,50.0,5.0,325.0,183.0,508.0,3860,3601,48,682,967,457,9.7,11.8,3.351524879614767,8.648475120385232,2.812199036918138,0.2504012841091493,0.2504012841091493,0.5008025682182986,0.0963081861958266,6.260032102728732,3.524879614767255,9.784911717495987,74.34991974317818,69.36115569823436,0.9245585874799358,13.136436597110755,18.626003210272877,8.802568218298555,2.5804597701149423,0.6700879765395894,4.507772020725389,9.457463884430176,16.1,0.6313645621181263,0.1710794297352342,7.242375601926163,3.4863563402889244,1.059390048154093,6.163723916532905,1.174959871589085,0.8089887640449438,0.04044943820224719,1.0
Drew Eubanks,42,552,93,156,1,7,32,57,39,88,127,19,15,26,30,57,219,1,0.605,16.3,-0.7,,,0.3,0.314,0.494,0.148,SAC,42,552,17,8,23,34.8,1.0,6.0,16.7,37.0,0.1474358974358974,0.8571428571428571,1.5,0.391304347826087,29.0,72.0,162.0,37.0,4.0,2.0,6.0,66.7,33.3,1.0,114.0,30.0,144.0,455,401,2,41,45,22,4.2,4.8,4.695652173913044,10.565217391304348,2.4130434782608696,0.2608695652173913,0.1304347826086956,0.391304347826087,0.0652173913043478,7.434782608695652,1.9565217391304348,9.391304347826088,29.67391304347826,26.15217391304348,0.1304347826086956,2.6739130434782608,2.9347826086956523,1.434782608695652,2.25,0.5365853658536586,15.824175824175825,10.17391304347826,16.3,0.04487179487179487,0.36538461538461536,1.2391304347826086,1.9565217391304348,2.543478260869565,5.739130434782608,0.9782608695652174,1.6956521739130435,0.019565217391304346,-0.7
Dru Smith,70,1141,135,325,38,129,87,105,62,111,173,180,100,21,55,109,395,1,0.532,15.2,3.6,,,1.9,0.258,0.292,0.052,MIA,70,1141,99,33,110,30.0,33.0,108.0,30.6,45.0,0.3384615384615385,0.8372093023255814,3.470639789658194,3.4075372480280457,28.0,5.0,11.0,196.0,11.0,13.0,24.0,45.8,54.2,12.0,82.0,91.0,173.0,1805,2047,33,310,458,230,10.0,12.7,0.1577563540753724,0.3470639789658195,6.184049079754601,0.3470639789658195,0.4101665205959685,0.7572304995617879,0.3786152497808939,2.5872042068361085,2.871165644171779,5.458369851007888,56.95004382120946,64.58545135845749,1.0411919368974585,9.780893952673091,14.45048203330412,7.2567922874671345,2.2,0.7419354838709677,0.2770083102493075,10.254163014899211,15.2,0.39692307692307693,0.3230769230769231,5.679228746713409,1.735319894829097,1.9561787905346186,3.502191060473269,3.1551270815074495,0.6625766871165644,0.05994741454864153,3.6
Duncan Robinson,77,2113,318,698,220,536,83,110,29,176,205,159,44,22,54,168,939,1,0.629,15.8,-0.1,,,2.3,0.083,0.119,0.03,DET,77,2113,498,167,401,41.6,164.0,396.0,41.4,62.1,0.5744985673352435,0.7388059701492538,6.831992427827733,6.746805489824894,32.0,43.0,90.0,141.0,10.0,12.0,22.0,45.5,54.5,6.0,142.0,115.0,257.0,1700,1967,25,265,387,203,9.4,11.9,0.7326076668244202,1.5333648840511125,2.4022716516800755,0.1703738760056791,0.2044486512068149,0.3748225272124941,0.1022243256034074,2.419309039280644,1.95929957406531,4.378608613345953,28.96355892096545,33.512541410317084,0.4259346900141978,4.514907714150497,6.593469001419782,3.4585896829152865,2.0930232558139537,0.7660377358490567,2.5294117647058822,11.892096545196402,15.8,0.7679083094555874,0.15759312320916904,2.7089446284902983,0.9200189304306673,0.4940842404164695,2.9985802176999528,0.7496450544249882,0.3748225272124941,0.03918599148130619,-0.1
Dwight Powell,63,904,65,101,2,7,78,112,96,161,257,68,34,21,41,133,210,1,0.699,8.9,1.5,,,1.0,0.683,0.238,0.01,DAL,63,904,8,3,8,37.5,2.0,7.0,28.6,50.0,0.0792079207920792,1.0,0.3185840707964602,0.2787610619469026,34.0,140.0,316.0,87.0,8.0,17.0,25.0,32.0,68.0,5.0,193.0,50.0,243.0,923,618,8,122,167,79,7.4,8.6,5.575221238938053,12.584070796460177,3.4646017699115044,0.3185840707964602,0.6769911504424779,0.995575221238938,0.1991150442477876,7.685840707964601,1.991150442477876,9.676991150442475,36.7566371681416,24.61061946902655,0.3185840707964602,4.8584070796460175,6.650442477876106,3.146017699115044,2.257142857142857,0.6475409836065574,15.167930660888407,4.022123893805309,8.9,0.06930693069306931,1.108910891089109,2.7079646017699113,1.6327433628318584,3.823008849557522,6.411504424778761,1.3539823008849556,0.8362831858407079,0.03982300884955752,1.5
Dylan Cardwell,44,907,105,179,2,4,26,51,147,185,332,62,30,67,39,161,238,1,0.591,11.3,0.6,,,0.9,0.441,0.453,0.089,SAC,44,907,7,3,8,37.5,1.0,3.0,33.3,43.8,0.0446927374301676,0.75,0.3175303197353914,0.1190738699007717,24.0,85.0,195.0,59.0,14.0,7.0,21.0,66.7,33.3,0.0,245.0,46.0,291.0,775,520,9,118,154,72,8.0,9.3,3.3737596471885336,7.739801543550166,2.3417861080485114,0.5556780595369349,0.2778390297684674,0.8335170893054025,0.0,9.724366041896362,1.8257993384785005,11.550165380374862,30.760749724366043,20.63947078280044,0.3572216097023153,4.683572216097023,6.112458654906284,2.8577728776185225,2.294117647058824,0.6101694915254238,10.96774193548387,7.104740904079383,11.3,0.0223463687150838,0.2849162011173184,2.4608599779492835,1.547960308710033,5.834619625137817,7.342888643880927,1.1907386990077178,2.659316427783903,0.03572216097023154,0.6
Dylan Harper,69,1558,331,656,61,178,90,119,54,180,234,266,54,24,99,139,813,1,0.574,21.8,1.1,,,2.2,0.405,0.181,0.141,SAS,69,1558,167,56,146,38.4,55.0,142.0,38.7,57.2,0.2225609756097561,0.797752808988764,3.3735558408215662,3.281129653401797,20.0,12.0,25.0,94.0,23.0,20.0,43.0,53.5,46.5,0.0,134.0,65.0,199.0,2365,3136,60,507,699,346,11.2,14.6,0.2772785622593068,0.5776636713735558,2.17201540436457,0.5314505776636713,0.4621309370988447,0.993581514762516,0.0,3.096277278562259,1.5019255455712452,4.598202824133504,54.64698331193839,72.46213093709885,1.386392811296534,11.715019255455712,16.15147625160462,7.994865211810013,2.083333333333333,0.6824457593688363,0.507399577167019,15.157894736842106,21.8,0.27134146341463417,0.18140243902439024,6.146341463414634,2.287548138639281,1.2477535301668805,4.159178433889602,1.2477535301668805,0.5545571245186136,0.05083440308087292,1.1
Dyson Daniels,76,2520,402,777,22,117,75,122,184,336,520,449,149,31,135,166,901,1,0.542,16.0,1.8,,,3.6,0.409,0.382,0.058,ATL,76,2520,71,25,113,22.1,21.0,104.0,20.2,31.4,0.1454311454311454,0.8888888888888888,1.6142857142857143,1.4857142857142858,23.0,145.0,356.0,316.0,39.0,38.0,77.0,50.6,49.4,3.0,226.0,191.0,417.0,3765,4292,82,744,1144,560,11.9,14.9,2.071428571428572,5.085714285714285,4.514285714285714,0.5571428571428572,0.5428571428571428,1.1,0.0428571428571428,3.2285714285714286,2.7285714285714286,5.957142857142857,53.785714285714285,61.31428571428572,1.1714285714285717,10.628571428571428,16.34285714285714,8.0,2.4551724137931035,0.7526881720430108,3.851261620185923,11.1,16.0,0.15057915057915058,0.15701415701415702,6.414285714285714,1.9285714285714286,2.6285714285714286,4.8,2.1285714285714286,0.44285714285714284,0.05142857142857143,1.8
Egor Dëmin,52,1308,179,449,124,322,54,65,21,144,165,173,42,17,86,93,536,1,0.561,18.8,-0.7,,,0.7,0.109,0.096,0.078,BKN,52,1308,253,85,208,40.9,83.0,205.0,40.5,60.8,0.4632516703786191,0.6366459627329193,5.724770642201835,5.6422018348623855,20.0,14.0,34.0,88.0,11.0,9.0,20.0,55.0,45.0,3.0,132.0,84.0,216.0,2158,2542,33,353,471,220,8.0,10.2,0.3853211009174312,0.9357798165137616,2.4220183486238533,0.3027522935779816,0.2477064220183486,0.5504587155963303,0.0825688073394495,3.63302752293578,2.311926605504587,5.944954128440367,59.39449541284404,69.96330275229357,0.908256880733945,9.715596330275227,12.963302752293576,6.055045871559633,2.4285714285714284,0.623229461756374,0.6487488415199258,12.357798165137615,18.8,0.7171492204899778,0.1447661469933185,4.761467889908257,2.36697247706422,0.5779816513761469,3.963302752293578,1.1559633027522938,0.46788990825688076,0.01926605504587156,-0.7
Elijah Harkless,26,545,54,161,21,88,49,64,10,43,53,75,31,6,26,52,178,1,0.471,16.2,-0.7,,,0.2,0.186,0.168,0.099,UTA,26,545,54,18,74,24.3,18.0,74.0,24.3,36.5,0.4596273291925465,0.8409090909090909,4.888073394495413,4.888073394495413,26.0,10.0,24.0,65.0,3.0,1.0,4.0,75.0,25.0,2.0,36.0,34.0,70.0,646,805,8,127,181,84,11.6,13.0,0.6605504587155964,1.5853211009174313,4.293577981651376,0.1981651376146789,0.0660550458715596,0.2642201834862385,0.1321100917431192,2.377981651376147,2.245871559633028,4.623853211009174,42.67155963302752,53.17431192660551,0.5284403669724771,8.388990825688074,11.955963302752291,5.5486238532110095,2.4,0.6614173228346457,1.547987616099071,10.634862385321101,16.2,0.546583850931677,0.39751552795031053,4.954128440366973,1.7174311926605506,0.6605504587155964,2.8403669724770646,2.047706422018349,0.3963302752293578,0.013211009174311929,-0.7
Ethan Thompson,32,653,74,196,38,116,37,47,17,52,69,57,20,9,25,69,223,1,0.515,15.7,-0.8,,,0.3,0.133,0.143,0.133,IND,32,653,90,30,101,29.7,30.0,99.0,30.3,44.6,0.5153061224489796,0.853448275862069,5.568147013782542,5.457886676875957,27.0,13.0,31.0,42.0,2.0,3.0,5.0,40.0,60.0,3.0,74.0,51.0,125.0,710,766,13,94,145,77,8.0,10.8,0.7166921898928025,1.7090352220520677,2.315467075038285,0.1102603369065849,0.1653905053598774,0.2756508422664624,0.1653905053598774,4.079632465543645,2.811638591117917,6.891271056661562,39.14241960183767,42.22970903522205,0.7166921898928025,5.182235834609495,7.993874425727412,4.2450229709035225,2.3846153846153846,0.8191489361702128,1.8309859154929575,10.805513016845328,15.7,0.5918367346938775,0.23979591836734693,3.142419601837672,1.3782542113323124,0.9372128637059725,2.86676875957121,1.1026033690658499,0.49617151607963245,0.016539050535987747,-0.8
Evan Mobley,65,2074,469,859,62,209,180,297,156,430,586,234,48,113,122,159,1180,1,0.596,22.6,1.2,,,2.9,0.406,0.254,0.096,CLE,65,2074,164,56,179,31.3,52.0,164.0,31.7,45.8,0.2083818393480791,0.784688995215311,3.107039537126326,2.846673095467695,25.0,124.0,287.0,118.0,20.0,13.0,33.0,60.6,39.4,0.0,465.0,205.0,670.0,3018,2600,33,435,605,288,7.8,9.5,2.1523625843780136,4.981677917068467,2.048216007714561,0.3471552555448409,0.2256509161041466,0.5728061716489875,0.0,8.07135969141755,3.5583413693346198,11.62970106075217,52.38572806171649,45.13018322082932,0.5728061716489875,7.550626808100289,10.501446480231436,4.999035679845709,2.314516129032258,0.6620689655172414,4.108681245858184,14.910318225650915,22.6,0.24330616996507567,0.3457508731082654,4.061716489874638,2.1176470588235294,2.7078109932497587,7.463837994214079,0.833172613307618,1.961427193828351,0.05033751205400193,1.2
Franz Wagner,34,1019,244,507,48,139,163,198,43,134,177,113,32,11,58,72,699,1,0.588,27.0,-0.2,,,1.1,0.258,0.345,0.122,ORL,34,1019,86,29,79,36.7,28.0,74.0,37.8,54.4,0.155818540433925,0.5323741007194245,2.7909715407262023,2.61432777232581,24.0,8.0,19.0,70.0,9.0,10.0,19.0,47.4,52.6,1.0,84.0,63.0,147.0,1132,1438,14,206,297,143,10.0,12.6,0.2826300294406281,0.6712463199214916,2.4730127576054954,0.3179587831207066,0.353287536800785,0.6712463199214916,0.0353287536800785,2.967615309126595,2.225711481844946,5.193326790971541,39.99214916584887,50.802747791952896,0.4946025515210991,7.277723258096173,10.492639842983316,5.052011776251227,2.375,0.6941747572815534,0.7067137809187279,17.911678115799806,27.0,0.27416173570019725,0.3905325443786982,3.992149165848872,2.0490677134445536,1.519136408243376,4.73405299313052,1.1305201177625124,0.38861629048086366,0.03886162904808636,-0.2
GG Jackson II,55,1178,255,514,64,193,112,151,49,186,235,81,31,44,85,75,686,1,0.591,23.5,-1.2,,,0.9,0.329,0.232,0.065,MEM,55,1178,134,45,132,34.1,44.0,130.0,33.8,50.8,0.2568093385214007,0.6735751295336787,4.033955857385399,3.972835314091681,21.0,15.0,37.0,65.0,8.0,10.0,18.0,44.4,55.6,0.0,166.0,95.0,261.0,1403,1416,17,145,205,101,5.8,7.2,0.4584040747028862,1.130730050933786,1.9864176570458405,0.2444821731748726,0.3056027164685908,0.5500848896434635,0.0,5.073005093378608,2.903225806451613,7.976230899830221,42.87606112054329,43.27334465195246,0.5195246179966044,4.431239388794567,6.264855687606112,3.0865874363327674,2.466666666666667,0.696551724137931,1.0691375623663577,15.70797962648557,23.5,0.3754863813229572,0.29377431906614787,2.475382003395586,2.597623089983022,1.497453310696095,5.684210526315789,0.9473684210526316,1.3446519524617997,0.027504244482173177,-1.2
Gabe Vincent,106,1758,152,432,118,346,40,46,34,74,108,152,54,6,54,158,462,3,0.511,12.3,-0.5,,,1.0,0.051,0.065,0.0829999999999999,ATL,53,879,122,41,121,33.9,40.0,118.0,33.9,50.4,0.2800925925925926,0.3410404624277456,2.477815699658703,2.416382252559727,30.0,20.0,46.0,68.0,12.0,7.0,19.0,63.2,36.8,4.0,54.0,67.0,121.0,913,1086,14,142,185,94,8.3,10.3,0.409556313993174,0.9419795221843004,1.392491467576792,0.2457337883959044,0.1433447098976109,0.3890784982935154,0.0819112627986348,1.10580204778157,1.372013651877133,2.477815699658703,18.696245733788395,22.238907849829356,0.2866894197952218,2.907849829351536,3.78839590443686,1.924914675767918,2.3,0.6619718309859155,2.190580503833516,8.84641638225256,12.3,0.8009259259259259,0.10648148148148148,3.112627986348123,1.10580204778157,0.6962457337883958,1.515358361774744,1.10580204778157,0.12286689419795221,0.020477815699658702,-0.5
Gary Harris,48,661,46,104,28,68,8,9,16,45,61,51,27,9,19,53,128,1,0.593,8.5,0.7,,,0.3,0.106,0.144,0.096,MIL,48,661,81,27,60,45.0,27.0,59.0,45.8,67.5,0.5769230769230769,0.8676470588235294,3.2677760968229954,3.2133131618759454,31.0,8.0,16.0,65.0,4.0,6.0,10.0,40.0,60.0,0.0,25.0,44.0,69.0,585,462,8,79,132,64,8.7,10.9,0.4357034795763994,0.8714069591527988,3.540090771558245,0.2178517397881997,0.3267776096822995,0.5446293494704992,0.0,1.361573373676248,2.3963691376701965,3.7579425113464446,31.860816944024204,25.161875945537066,0.4357034795763994,4.302571860816944,7.18910741301059,3.485627836611195,2.0,0.810126582278481,1.3675213675213675,5.6641452344931915,8.5,0.6538461538461539,0.08653846153846154,2.777609682299546,1.0347957639939485,0.8714069591527988,2.4508320726172466,1.470499243570348,0.4901664145234493,0.016338880484114977,0.7
Gary Payton II,73,1142,242,415,37,127,26,40,101,164,265,123,67,21,62,132,547,1,0.632,18.4,1.3,,,1.5,0.448,0.236,0.01,GSW,73,1142,87,29,117,24.8,29.0,114.0,25.4,37.2,0.2819277108433735,0.8976377952755905,3.688266199649737,3.59369527145359,33.0,53.0,138.0,149.0,21.0,14.0,35.0,60.0,40.0,0.0,77.0,59.0,136.0,1565,1362,24,217,307,152,7.9,9.7,1.6707530647985989,4.350262697022767,4.697022767075307,0.6619964973730298,0.4413309982486865,1.1033274956217165,0.0,2.427320490367776,1.8598949211908933,4.287215411558669,49.33450087565674,42.93520140105079,0.7565674255691769,6.840630472854641,9.677758318739054,4.7915936952714535,2.60377358490566,0.7004608294930875,3.3865814696485623,13.082311733800351,18.4,0.3060240963855422,0.0963855421686747,3.8774080560420314,1.9544658493870404,3.183887915936953,5.169877408056042,2.1120840630472855,0.6619964973730298,0.047285464098073555,1.3
Gary Trent Jr.,65,1377,183,473,123,342,40,52,8,59,67,79,34,3,41,85,529,1,0.533,17.2,-2.2,,,0.2,0.038,0.085,0.155,MIL,65,1377,288,96,249,38.6,96.0,248.0,38.7,57.8,0.5264270613107822,0.7251461988304093,6.509803921568627,6.483660130718954,27.0,0.0,0.0,95.0,8.0,7.0,15.0,53.3,46.7,0.0,23.0,30.0,53.0,756,1161,13,125,188,93,10.4,12.3,0.0,0.0,2.4836601307189543,0.2091503267973856,0.1830065359477124,0.392156862745098,0.0,0.6013071895424836,0.7843137254901961,1.3856209150326797,19.764705882352946,30.352941176470587,0.3398692810457516,3.2679738562091503,4.915032679738562,2.431372549019608,,0.744,0.0,12.366013071895425,17.2,0.7230443974630021,0.10993657505285412,2.065359477124183,1.0718954248366013,0.20915032679738563,1.542483660130719,0.888888888888889,0.0784313725490196,0.005228758169934641,-2.2
Giannis Antetokounmpo,36,1039,373,598,15,45,232,357,98,254,352,196,34,24,115,86,993,1,0.658,37.0,1.8,,,1.1,0.61,0.161,0.154,MIL,36,1039,27,9,25,36.0,9.0,20.0,45.0,54.0,0.0418060200668896,0.4444444444444444,0.8662175168431184,0.6929740134744947,31.0,54.0,124.0,67.0,18.0,3.0,21.0,85.7,14.3,0.0,85.0,62.0,147.0,1583,2038,45,384,540,248,12.4,15.7,1.871029836381136,4.296438883541867,2.321462945139557,0.6236766121270453,0.1039461020211742,0.7276227141482194,0.0,2.9451395572666024,2.1482194417709337,5.0933589990375365,54.84889316650626,70.614051973051,1.5591915303176132,13.305101058710298,18.71029836381136,8.592877767083735,2.2962962962962963,0.6458333333333334,3.41124447252053,20.71992300288739,37.0,0.07525083612040134,0.596989966555184,6.791145332050048,3.984600577478344,3.395572666025024,8.800769971126082,1.178055822906641,0.8315688161693936,0.03811357074109721,1.8
Goga Bitadze,64,972,152,225,2,11,69,97,137,183,320,84,37,61,43,136,375,1,0.7,13.5,2.0,,,1.6,0.729,0.191,0.031,ORL,64,972,10,4,16,25.0,2.0,11.0,18.2,31.3,0.0711111111111111,1.0,0.5925925925925926,0.4074074074074074,26.0,109.0,252.0,85.0,8.0,9.0,17.0,47.1,52.9,1.0,205.0,89.0,294.0,1079,832,3,116,201,90,7.8,8.3,4.037037037037037,9.333333333333334,3.1481481481481484,0.2962962962962963,0.3333333333333333,0.6296296296296297,0.037037037037037,7.592592592592593,3.2962962962962963,10.88888888888889,39.96296296296296,30.814814814814813,0.1111111111111111,4.296296296296297,7.444444444444445,3.333333333333333,2.311926605504587,0.7758620689655172,10.10194624652456,8.333333333333332,13.5,0.04888888888888889,0.4311111111111111,3.1111111111111107,1.5925925925925926,5.0740740740740735,6.777777777777778,1.3703703703703702,2.259259259259259,0.05925925925925926,2.0
Gradey Dick,76,1067,161,384,56,186,77,88,42,105,147,51,45,7,43,101,455,1,0.538,18.7,-0.4,,,1.3,0.24,0.13,0.146,TOR,76,1067,149,51,167,30.5,47.0,159.0,29.6,44.6,0.4348958333333333,0.8548387096774194,5.634489222118088,5.364573570759138,22.0,5.0,11.0,117.0,13.0,12.0,25.0,52.0,48.0,3.0,32.0,31.0,63.0,724,917,13,99,128,70,7.0,9.7,0.1686972820993439,0.3711340206185567,3.947516401124648,0.4386129334582943,0.4048734770384254,0.8434864104967198,0.1012183692596063,1.0796626054358014,1.0459231490159324,2.125585754451734,24.427366447985005,30.93908153701968,0.4386129334582943,3.3402061855670104,4.318650421743206,2.3617619493908157,2.2,0.7070707070707071,0.6906077348066298,12.955951265229617,18.7,0.484375,0.22916666666666666,1.7207122774133086,1.450796626054358,1.4170571696344894,3.5426429240862234,1.5182755388940956,0.23617619493908154,0.04386129334582943,-0.4
Grant Williams,36,711,78,183,52,134,44,54,46,96,142,56,17,18,31,56,252,1,0.609,14.1,1.0,,,0.8,0.06,0.115,0.093,CHA,36,711,145,50,121,41.3,45.0,116.0,38.8,59.9,0.6612021857923497,0.8656716417910447,6.1265822784810124,5.873417721518988,27.0,34.0,86.0,27.0,9.0,5.0,14.0,64.3,35.7,5.0,97.0,67.0,164.0,721,642,13,106,150,72,7.8,10.0,1.7215189873417722,4.354430379746836,1.3670886075949369,0.4556962025316455,0.2531645569620253,0.7088607594936709,0.2531645569620253,4.911392405063292,3.392405063291139,8.30379746835443,36.50632911392405,32.50632911392405,0.6582278481012658,5.367088607594937,7.594936708860759,3.645569620253165,2.5294117647058822,0.6792452830188679,4.715672676837725,9.265822784810126,14.1,0.73224043715847,0.29508196721311475,2.8354430379746836,1.5696202531645569,2.329113924050633,4.860759493670886,0.8607594936708861,0.9113924050632911,0.04050632911392405,1.0
Grayson Allen,51,1467,269,667,159,455,144,168,37,118,155,195,69,13,83,117,841,1,0.568,23.8,0.2,,,1.6,0.097,0.177,0.043,PHX,51,1467,299,100,256,39.1,99.0,253.0,39.1,58.4,0.383808095952024,0.5560439560439561,6.282208588957055,6.208588957055214,30.0,11.0,28.0,119.0,10.0,16.0,26.0,38.5,61.5,0.0,80.0,75.0,155.0,1808,2325,25,337,511,243,10.8,13.4,0.2699386503067484,0.6871165644171779,2.920245398773006,0.2453987730061349,0.3926380368098159,0.6380368098159509,0.0,1.96319018404908,1.8404907975460123,3.803680981595092,44.3680981595092,57.05521472392638,0.6134969325153374,8.269938650306749,12.539877300613496,5.96319018404908,2.5454545454545454,0.7210682492581603,0.6084070796460177,16.368098159509202,23.8,0.6821589205397302,0.2518740629685157,4.785276073619632,2.0368098159509205,0.9079754601226994,2.895705521472393,1.6932515337423313,0.31901840490797545,0.0392638036809816,0.2
Guerschon Yabusele,134,2014,250,624,138,392,108,144,112,356,468,126,52,32,82,162,746,3,0.543,16.1,-0.5,,,1.9,0.189,0.138,0.045,CHI,67,1007,203,68,196,34.7,67.0,190.0,35.3,51.8,0.3141025641025641,0.4846938775510204,3.503475670307845,3.39622641509434,30.0,37.0,88.0,56.0,10.0,10.0,20.0,50.0,50.0,2.0,106.0,46.0,152.0,1000,995,12,104,162,77,6.3,7.7,0.6613704071499503,1.5729890764647467,1.0009930486593843,0.1787487586891757,0.1787487586891757,0.3574975173783515,0.0357497517378351,1.894736842105263,0.8222442899702085,2.7169811320754715,17.874875868917577,17.78550148957299,0.2144985104270109,1.858987090367428,2.895729890764648,1.376365441906653,2.3783783783783785,0.7403846153846154,3.7,11.153922542204569,16.1,0.6282051282051282,0.23076923076923078,2.252234359483615,1.4657398212512414,2.0019860973187686,6.363455809334658,0.9294935451837141,0.5719960278053625,0.033962264150943396,-0.5
Gui Santos,68,1395,230,460,78,222,87,120,75,191,266,159,61,22,102,142,625,1,0.609,18.7,0.3,,,1.5,0.274,0.235,0.009,GSW,68,1395,224,75,204,36.8,74.0,202.0,36.6,54.9,0.4434782608695652,0.90990990990991,5.264516129032258,5.212903225806452,24.0,14.0,37.0,105.0,10.0,10.0,20.0,50.0,50.0,4.0,184.0,117.0,301.0,1918,1918,41,301,418,212,8.3,11.1,0.3612903225806451,0.9548387096774194,2.7096774193548385,0.2580645161290322,0.2580645161290322,0.5161290322580645,0.1032258064516129,4.748387096774193,3.0193548387096776,7.767741935483871,49.49677419354839,49.49677419354839,1.0580645161290323,7.767741935483871,10.787096774193548,5.470967741935484,2.642857142857143,0.7043189368770764,0.7299270072992701,11.870967741935484,18.7,0.4826086956521739,0.2608695652173913,4.103225806451613,2.632258064516129,1.935483870967742,4.929032258064516,1.5741935483870968,0.567741935483871,0.03870967741935484,0.3
Harrison Barnes,77,1986,262,575,139,358,102,123,62,151,213,148,50,12,61,85,765,1,0.608,14.6,0.1,,,2.1,0.158,0.157,0.063,SAS,77,1986,375,125,317,39.4,125.0,314.0,39.8,59.1,0.551304347826087,0.8770949720670391,5.746223564954683,5.691842900302115,34.0,53.0,119.0,98.0,17.0,14.0,31.0,54.8,45.2,3.0,142.0,119.0,261.0,1691,1597,16,272,372,179,8.8,10.6,0.9607250755287008,2.1570996978851964,1.7764350453172206,0.3081570996978852,0.2537764350453172,0.5619335347432024,0.0543806646525679,2.5740181268882174,2.1570996978851964,4.731117824773414,30.652567975830816,28.948640483383684,0.2900302114803625,4.930513595166163,6.743202416918429,3.244712990936556,2.2452830188679247,0.6580882352941176,3.1342400946185687,10.42296072507553,14.6,0.6226086956521739,0.21391304347826087,2.682779456193354,1.1057401812688823,1.123867069486405,2.7371601208459215,0.906344410876133,0.21752265861027192,0.03806646525679759,0.1
Herbert Jones,56,1588,183,478,80,259,50,62,47,143,190,155,88,27,73,177,496,1,0.491,15.2,0.6,,,1.1,0.224,0.157,0.077,NOP,56,1588,203,68,217,31.3,67.0,209.0,32.1,46.8,0.4539748953974895,0.806949806949807,4.919395465994962,4.738035264483627,27.0,21.0,48.0,196.0,14.0,16.0,30.0,46.7,53.3,2.0,104.0,105.0,209.0,1827,1739,20,250,389,191,8.5,10.5,0.4760705289672544,1.0881612090680102,4.443324937027708,0.3173803526448362,0.36272040302267,0.6801007556675063,0.0453400503778337,2.3576826196473557,2.380352644836272,4.738035264483627,41.41813602015113,39.423173803526446,0.4534005037783375,5.667506297229219,8.818639798488665,4.329974811083123,2.2857142857142856,0.764,1.1494252873563218,10.836272040302266,15.2,0.5418410041841004,0.1297071129707113,3.5138539042821155,1.6549118387909318,1.065491183879093,3.241813602015113,1.994962216624685,0.6120906801007556,0.024937027707808566,0.6
Hugo González,74,1084,117,246,42,116,13,26,62,184,246,40,42,21,38,124,289,1,0.561,11.8,1.6,,,1.7,0.26,0.228,0.04,BOS,74,1084,125,42,109,38.5,41.0,105.0,39.0,57.3,0.4430894308943089,0.9051724137931034,3.6199261992619927,3.487084870848709,20.0,23.0,54.0,68.0,9.0,11.0,20.0,45.0,55.0,2.0,110.0,73.0,183.0,959,656,15,84,105,56,4.2,5.8,0.7638376383763837,1.7933579335793357,2.2583025830258303,0.2988929889298893,0.3653136531365313,0.6642066420664207,0.066420664206642,3.6531365313653135,2.4243542435424352,6.077490774907749,31.84870848708487,21.7859778597786,0.4981549815498155,2.7896678966789668,3.487084870848709,1.8597785977859775,2.347826086956522,0.6666666666666666,2.398331595411888,8.169741697416974,11.8,0.4715447154471545,0.10569105691056911,1.3284132841328413,1.2619926199261993,2.059040590405904,6.11070110701107,1.3948339483394834,0.6974169741697417,0.056457564575645755,1.6
Immanuel Quickley,70,2231,401,905,178,476,170,207,38,244,282,415,92,5,102,141,1150,1,0.577,21.1,0.6,,,2.6,0.105,0.178,0.191,TOR,70,2231,418,142,343,41.4,134.0,325.0,41.2,60.9,0.3790055248618784,0.6827731092436975,5.534737785746303,5.244285073957866,27.0,36.0,75.0,162.0,13.0,20.0,33.0,39.4,60.6,0.0,126.0,115.0,241.0,3788,5194,74,701,1016,516,11.0,13.6,0.5809054235768714,1.2102196324518153,2.614074406095921,0.2097714029583146,0.3227252353204841,0.5324966382787988,0.0,2.033168982519049,1.855670103092784,3.888839085611833,61.124159569699685,83.81174361272971,1.1940833706857912,11.311519497982967,16.39444195428059,8.32631107126849,2.083333333333333,0.7360912981455064,0.9503695881731784,14.603316898251906,21.1,0.5259668508287293,0.2287292817679558,6.696548632900045,1.645898700134469,0.6131779471089198,3.937247870909906,1.4845360824742269,0.08068130883012102,0.04195428059166294,0.6
Isaac Okoro,63,1695,211,459,73,221,89,112,69,104,173,100,46,29,46,162,584,1,0.574,13.6,-0.8,,,0.7,0.401,0.115,0.002,CHI,63,1695,198,66,195,33.8,66.0,195.0,33.8,50.8,0.4248366013071895,0.8823529411764706,4.141592920353983,4.141592920353983,25.0,31.0,67.0,95.0,18.0,11.0,29.0,62.1,37.9,14.0,225.0,118.0,343.0,1236,1318,16,197,275,130,8.1,10.5,0.6584070796460177,1.4230088495575222,2.017699115044248,0.3823008849557522,0.2336283185840708,0.6159292035398231,0.2973451327433628,4.778761061946903,2.506194690265487,7.284955752212389,26.25132743362832,27.9929203539823,0.3398230088495575,4.184070796460177,5.84070796460177,2.7610619469026547,2.161290322580645,0.6598984771573604,2.5080906148867315,9.748672566371681,13.6,0.48148148148148145,0.2440087145969499,2.1238938053097343,0.9769911504424779,1.4654867256637167,2.208849557522124,0.9769911504424779,0.615929203539823,0.01486725663716814,-0.8
Isaiah Collier,59,1517,255,515,27,100,151,209,21,129,150,423,66,20,148,138,688,1,0.567,20.4,-1.8,,,0.3,0.21,0.445,0.152,UTA,59,1517,45,15,66,22.7,15.0,66.0,22.7,34.1,0.1281553398058252,0.66,1.5662491760052737,1.5662491760052737,21.0,10.0,24.0,101.0,11.0,7.0,18.0,61.1,38.9,1.0,47.0,104.0,151.0,3114,4177,38,788,1097,500,13.6,16.1,0.2373104812129202,0.5695451549110085,2.396835860250494,0.2610415293342122,0.1661173368490441,0.4271588661832564,0.023731048121292,1.115359261700725,2.4680290046143702,3.5833882663150955,73.89848384970337,99.12458800263678,0.9017798286090968,18.700065919578115,26.03295978905735,11.865524060646012,2.4,0.6345177664974619,0.3211303789338471,12.221489782465392,20.4,0.1941747572815534,0.4058252427184466,10.038233355306525,3.5121951219512195,0.49835201054713246,3.061305207646671,1.5662491760052735,0.47462096242584045,0.0071193144363876065,-1.8
Isaiah Hartenstein,47,1137,184,296,0,7,64,105,149,294,443,166,48,36,82,118,432,1,0.631,16.1,3.2,,,2.8,0.524,0.314,0.139,OKC,47,1137,28,14,36,38.9,0.0,7.0,0.0,38.9,0.1216216216216216,1.0,1.1398416886543536,0.2216358839050131,28.0,149.0,349.0,94.0,20.0,12.0,32.0,62.5,37.5,1.0,227.0,91.0,318.0,1690,1164,10,236,412,190,9.8,11.2,4.717678100263853,11.050131926121372,2.9762532981530345,0.633245382585752,0.3799472295514511,1.0131926121372032,0.0316622691292876,7.187335092348285,2.881266490765172,10.068601583113455,53.50923482849604,36.85488126649077,0.316622691292876,7.472295514511873,13.04485488126649,6.015831134564643,2.3422818791946307,0.8050847457627118,8.816568047337277,9.37203166226913,16.1,0.02364864864864865,0.3547297297297297,5.255936675461742,2.5963060686015833,4.717678100263853,9.308707124010555,1.5197889182058049,1.1398416886543536,0.08865435356200528,3.2
Isaiah Jackson,110,1816,302,474,0,6,136,210,226,354,580,104,72,98,116,294,740,3,0.653,16.2,0.8,,,2.4,0.629,0.321,0.038,LAC,55,908,0,0,4,0.0,0.0,2.0,0.0,0.0,0.0084388185654008,0.3333333333333333,0.079295154185022,0.039647577092511,24.0,93.0,211.0,100.0,13.0,6.0,19.0,68.4,31.6,0.0,193.0,87.0,280.0,840,609,9,88,126,67,6.2,8.0,1.843612334801762,4.182819383259912,1.9823788546255507,0.2577092511013216,0.118942731277533,0.3766519823788546,0.0,3.8259911894273126,1.724669603524229,5.5506607929515415,16.651982378854626,12.072687224669604,0.1784140969162995,1.7444933920704846,2.497797356828194,1.328193832599119,2.2688172043010755,0.7613636363636364,11.071428571428571,9.396475770925111,16.2,0.012658227848101266,0.4430379746835443,2.0616740088105727,2.299559471365639,4.4801762114537445,7.0176211453744495,1.4273127753303965,1.9427312775330399,0.04757709251101322,0.8
Isaiah Joe,71,1507,247,543,181,428,110,123,33,148,181,94,50,11,45,121,785,1,0.657,18.4,0.5,,,2.4,0.087,0.039,0.087,OKC,71,1507,476,160,365,43.8,156.0,356.0,43.8,65.2,0.6721915285451197,0.8317757009345794,8.719309887193099,8.504313205043132,26.0,25.0,56.0,115.0,11.0,13.0,24.0,45.8,54.2,8.0,64.0,101.0,165.0,1249,1546,31,194,247,133,7.5,10.6,0.59721300597213,1.3377571333775713,2.7471798274717982,0.2627737226277372,0.3105507631055076,0.5733244857332449,0.1911081619110816,1.528865295288653,2.412740544127405,3.9416058394160585,29.836761778367617,36.93165228931653,0.7405441274054413,4.63437292634373,5.900464499004645,3.177173191771732,2.24,0.6855670103092784,2.00160128102482,12.971466489714665,18.4,0.7882136279926335,0.2265193370165746,2.245520902455209,1.0749834107498342,0.7883211678832117,3.5355009953550103,1.1944260119442602,0.26277372262773724,0.057332448573324486,0.5
Isaiah Stewart,58,1317,221,402,40,120,99,131,96,194,290,66,16,93,67,166,581,1,0.632,16.6,1.1,,,2.1,0.358,0.333,0.009,DET,58,1317,121,41,119,34.5,39.0,115.0,33.9,50.8,0.2960199004975124,0.9583333333333334,3.252847380410022,3.143507972665148,25.0,86.0,203.0,31.0,10.0,8.0,18.0,55.6,44.4,0.0,384.0,140.0,524.0,950,1015,12,125,171,87,6.9,9.2,2.3507972665148062,5.548974943052392,0.8473804100227791,0.2733485193621868,0.2186788154897494,0.4920273348519362,0.0,10.496583143507973,3.826879271070615,14.323462414578588,25.968109339407743,27.74487471526196,0.3280182232346241,3.416856492027335,4.674259681093394,2.378132118451025,2.36046511627907,0.696,9.052631578947368,10.98861047835991,16.6,0.29850746268656714,0.32587064676616917,1.8041002277904328,1.8314350797266514,2.624145785876993,5.302961275626424,0.43735763097949887,2.5421412300683373,0.05740318906605923,1.1
Ivica Zubac,96,2892,576,964,0,0,202,284,324,694,1018,210,36,80,172,224,1354,3,0.622,19.2,-0.9,,,3.2,0.461,0.459,0.081,IND,48,1447,20,10,21,47.6,0.0,0.0,,47.6,0.0217842323651452,,0.2614107883817427,0.0,29.0,139.0,335.0,47.0,12.0,8.0,20.0,60.0,40.0,0.0,340.0,99.0,439.0,1626,1414,24,216,263,136,6.5,8.4,1.7302904564315351,4.170124481327801,0.5850622406639004,0.1493775933609958,0.0995850622406639,0.2489626556016597,0.0,4.232365145228216,1.2323651452282158,5.464730290456432,20.240663900414937,17.601659751037346,0.2987551867219917,2.688796680497925,3.2738589211618256,1.6929460580912865,2.4100719424460437,0.6296296296296297,8.548585485854858,12.0,19.2,0.0,0.2946058091286307,2.6141078838174274,2.141078838174274,4.033195020746888,8.639004149377593,0.4481327800829875,0.9958506224066389,0.03983402489626556,-0.9
Ja Morant,20,569,132,322,20,85,105,117,8,57,65,161,20,6,71,40,389,1,0.521,32.5,-2.0,,,0.3,0.227,0.258,0.252,MEM,20,569,35,12,36,33.3,11.0,34.0,32.4,48.6,0.1118012422360248,0.4,2.2776801405975395,2.151142355008788,26.0,1.0,2.0,48.0,7.0,4.0,11.0,63.6,36.4,2.0,16.0,18.0,34.0,924,1489,21,295,410,198,17.4,21.4,0.0632688927943761,0.1265377855887522,3.036906854130053,0.4428822495606327,0.2530755711775044,0.6959578207381371,0.1265377855887522,1.0123022847100176,1.1388400702987698,2.151142355008788,58.46045694200352,94.207381370826,1.328646748681898,18.66432337434095,25.9402460456942,12.527240773286469,2.0,0.6711864406779661,0.1082251082251082,20.372583479789103,32.5,0.2639751552795031,0.36335403726708076,10.186291739894552,4.492091388400703,0.5061511423550088,3.606326889279438,1.265377855887522,0.3796133567662566,0.01898066783831283,-2.0
Ja'Kobe Walter,72,1474,180,404,110,269,71,90,56,129,185,86,73,14,37,162,541,1,0.61,14.0,1.0,,,1.9,0.205,0.092,0.037,TOR,72,1474,323,108,255,42.4,107.0,252.0,42.5,63.3,0.6311881188118812,0.9368029739776952,6.227951153324288,6.154681139755767,21.0,14.0,30.0,167.0,12.0,17.0,29.0,41.4,58.6,5.0,89.0,97.0,186.0,1256,1184,16,150,212,105,6.8,8.4,0.3419267299864315,0.7327001356852103,4.078697421981004,0.2930800542740841,0.4151967435549525,0.7082767978290366,0.1221166892808683,2.1736770691994574,2.3690637720488468,4.542740841248304,30.67571234735414,28.917232021709637,0.3907734056987788,3.663500678426052,5.17774762550882,2.564450474898236,2.142857142857143,0.7,1.1146496815286624,9.867028493894166,14.0,0.6658415841584159,0.22277227722772278,2.100407055630936,0.903663500678426,1.367706919945726,3.1506105834464044,1.7829036635006785,0.3419267299864315,0.046404341926729986,1.0
Jabari Smith Jr.,77,2705,438,974,177,488,162,209,108,421,529,143,56,71,105,192,1215,1,0.57,18.2,-0.2,,,3.3,0.137,0.147,0.216,HOU,77,2705,488,166,451,36.8,156.0,421.0,37.1,54.1,0.4630390143737166,0.8627049180327869,6.002218114602588,5.602957486136784,23.0,33.0,81.0,117.0,15.0,21.0,36.0,41.7,58.3,0.0,314.0,159.0,473.0,2721,2436,32,256,364,184,5.3,6.8,0.4391866913123844,1.078003696857671,1.5571164510166358,0.199630314232902,0.2794824399260628,0.4791127541589648,0.0,4.178927911275416,2.1160813308687616,6.295009242144177,36.212939001848426,32.41996303142329,0.4258780036968577,3.407024029574861,4.844362292051756,2.4487985212569314,2.4545454545454546,0.71875,1.2127894156560088,12.962661737523106,18.2,0.5010266940451745,0.21457905544147843,1.9031423290203329,1.3974121996303144,1.4373382624768947,5.602957486136784,0.7452865064695009,0.944916820702403,0.043918669131238444,-0.2
Jabari Walker,64,762,97,213,32,95,50,68,72,120,192,34,23,13,27,103,276,1,0.568,15.0,-0.6,,,0.8,0.39,0.131,0.033,PHI,64,762,96,32,93,34.4,32.0,91.0,35.2,51.6,0.4366197183098591,0.9578947368421052,4.393700787401575,4.299212598425197,23.0,22.0,49.0,52.0,5.0,6.0,11.0,45.5,54.5,4.0,59.0,40.0,99.0,624,504,9,59,89,47,5.4,7.5,1.0393700787401574,2.31496062992126,2.456692913385827,0.2362204724409448,0.2834645669291338,0.5196850393700787,0.1889763779527559,2.787401574803149,1.889763779527559,4.677165354330708,29.48031496062992,23.811023622047244,0.4251968503937008,2.787401574803149,4.2047244094488185,2.220472440944882,2.227272727272727,0.7966101694915254,3.525641025641025,10.062992125984252,15.0,0.4460093896713615,0.3192488262910798,1.6062992125984252,1.2755905511811023,3.4015748031496065,5.669291338582677,1.0866141732283465,0.6141732283464567,0.03779527559055118,-0.6
Jaden Hardy,114,1796,364,858,208,524,110,150,30,142,172,116,32,12,124,178,1046,3,0.566,24.4,-3.3,,,0.2,0.107,0.145,0.137,WAS,57,898,239,80,198,40.4,79.0,197.0,40.1,60.4,0.2307692307692307,0.3759541984732824,3.968819599109132,3.9487750556792873,23.0,2.0,5.0,36.0,6.0,5.0,11.0,54.5,45.5,3.0,39.0,33.0,72.0,749,1227,10,99,138,71,7.7,9.5,0.0400890868596882,0.1002227171492204,0.7216035634743875,0.1202672605790645,0.1002227171492204,0.220489977728285,0.0601336302895322,0.7817371937639198,0.6614699331848553,1.443207126948775,15.01336302895323,24.59465478841871,0.2004454342984409,1.9844097995545655,2.7661469933184857,1.423162583518931,2.5,0.7171717171717171,0.2670226969292389,17.198218262806236,24.4,0.6107226107226107,0.17482517482517482,2.3251670378619154,2.4855233853006684,0.601336302895323,2.846325167037862,0.6414253897550112,0.24053452115812918,0.00400890868596882,-3.3
Jaden Ivey,74,1340,228,512,100,268,76,94,48,134,182,136,46,28,82,106,632,3,0.571,19.7,0.2,,,1.7,0.145,0.191,0.141,CHI,37,670,119,40,104,38.5,39.0,101.0,38.6,57.2,0.203125,0.376865671641791,2.7940298507462686,2.713432835820896,24.0,11.0,24.0,38.0,6.0,10.0,16.0,37.5,62.5,0.0,42.0,31.0,73.0,751,952,13,126,163,83,9.1,11.1,0.2955223880597015,0.6447761194029851,1.0208955223880598,0.1611940298507462,0.2686567164179104,0.4298507462686567,0.0,1.128358208955224,0.8328358208955224,1.9611940298507464,20.17611940298508,25.576119402985075,0.3492537313432836,3.385074626865672,4.37910447761194,2.2298507462686565,2.1818181818181817,0.6587301587301587,1.4647137150466043,13.755223880597015,19.7,0.5234375,0.18359375,3.653731343283582,2.2029850746268655,1.2895522388059701,3.6,1.2358208955223882,0.7522388059701492,0.04567164179104478,0.2
Jaden McDaniels,73,2316,417,809,103,250,147,176,76,234,310,199,81,73,131,244,1084,1,0.611,18.5,0.6,,,2.7,0.224,0.278,0.189,MIN,73,2316,214,72,163,44.2,70.0,155.0,45.2,65.6,0.2014833127317676,0.62,2.533678756476684,2.4093264248704664,25.0,19.0,45.0,156.0,20.0,28.0,48.0,41.7,58.3,1.0,275.0,172.0,447.0,2329,2549,48,330,522,273,8.5,11.7,0.2953367875647668,0.6994818652849741,2.424870466321244,0.310880829015544,0.4352331606217616,0.7461139896373057,0.0155440414507772,4.274611398963731,2.673575129533679,6.948186528497409,36.2020725388601,39.62176165803109,0.7461139896373057,5.129533678756476,8.1139896373057,4.243523316062176,2.3684210526315788,0.8272727272727273,0.8158007728638901,12.575129533678757,18.5,0.30902348578491967,0.21755253399258342,3.093264248704663,2.0362694300518136,1.1813471502590673,3.6373056994818653,1.2590673575129534,1.1347150259067358,0.04196891191709845,0.6
Jahmai Mashack,31,673,77,195,19,75,19,35,23,58,81,69,37,14,49,67,192,1,0.456,16.0,-0.9,,,0.5,0.287,0.272,0.056,MEM,31,673,51,17,65,26.2,17.0,61.0,27.9,39.2,0.3333333333333333,0.8133333333333334,3.4769687964338782,3.263001485884101,23.0,29.0,66.0,87.0,5.0,7.0,12.0,41.7,58.3,1.0,72.0,45.0,117.0,824,947,16,164,178,91,8.4,11.0,1.551263001485884,3.5304606240713223,4.653789004457653,0.2674591381872214,0.3744427934621099,0.6419019316493314,0.0534918276374442,3.851411589895988,2.4071322436849925,6.258543833580981,44.077265973254086,50.65676077265973,0.8558692421991084,8.772659732540863,9.521545319465082,4.867756315007429,2.2758620689655173,0.5548780487804879,3.5194174757281558,10.430906389301635,16.0,0.38461538461538464,0.1794871794871795,3.690936106983655,2.6210995542347697,1.2303120356612183,3.102526002971768,1.9791976225854382,0.7488855869242199,0.02674591381872214,-0.9
Jaime Jaquez Jr.,75,2121,464,915,58,183,166,216,96,279,375,352,51,21,152,137,1152,1,0.57,22.3,-0.1,,,2.0,0.271,0.407,0.122,MIA,75,2121,169,58,171,33.9,53.0,164.0,32.3,49.4,0.1868852459016393,0.8961748633879781,2.9024045261669023,2.783592644978784,25.0,17.0,41.0,108.0,21.0,17.0,38.0,55.3,44.7,0.0,228.0,155.0,383.0,3688,4211,57,683,935,449,9.5,12.2,0.2885431400282885,0.695898161244696,1.833097595473833,0.3564356435643564,0.2885431400282885,0.6449787835926449,0.0,3.86987270155587,2.63083451202263,6.500707213578501,62.5968882602546,71.47383309759547,0.9674681753889676,11.592644978783593,15.86987270155587,7.620933521923621,2.411764705882353,0.657393850658858,0.4609544468546638,15.53041018387553,22.3,0.2,0.2360655737704918,5.974540311173975,2.5799151343705797,1.6294200848656293,4.735502121640735,0.8656294200848657,0.3564356435643564,0.033946251768033946,-0.1
Jake LaRavia,82,2061,240,523,78,243,116,152,116,210,326,145,104,38,87,196,674,1,0.571,14.4,0.5,,,2.1,0.247,0.235,0.054,LAL,82,2061,203,68,209,32.5,67.0,207.0,32.4,48.6,0.3996175908221797,0.8518518518518519,3.650655021834061,3.6157205240174672,24.0,24.0,55.0,257.0,18.0,26.0,44.0,40.9,59.1,2.0,186.0,134.0,320.0,2214,1865,28,229,374,190,6.5,8.6,0.4192139737991266,0.960698689956332,4.489082969432315,0.314410480349345,0.4541484716157205,0.7685589519650655,0.0349344978165938,3.2489082969432315,2.3406113537117905,5.5895196506550215,38.67248908296944,32.5764192139738,0.4890829694323144,4.0,6.532751091703057,3.3187772925764194,2.2916666666666665,0.8296943231441049,1.084010840108401,9.1353711790393,14.4,0.4646271510516252,0.29063097514340347,2.5327510917030565,1.519650655021834,2.0262008733624453,3.6681222707423577,1.816593886462882,0.6637554585152838,0.03668122270742358,0.5
Jakob Poeltl,46,1149,217,310,0,0,59,98,114,209,323,93,40,32,57,145,493,1,0.698,15.3,1.4,,,1.8,0.59,0.297,0.113,TOR,46,1149,34,17,33,51.5,0.0,0.0,,51.5,0.1064516129032258,,1.0339425587467364,0.0,30.0,147.0,327.0,115.0,9.0,12.0,21.0,42.9,57.1,2.0,221.0,82.0,303.0,1285,964,19,125,222,117,7.2,9.1,4.605744125326371,10.245430809399478,3.603133159268929,0.2819843342036554,0.3759791122715404,0.6579634464751958,0.06266318537859,6.924281984334204,2.569190600522193,9.493472584856397,40.26109660574413,30.203655352480418,0.5953002610966057,3.91644908616188,6.955613577023499,3.66579634464752,2.224489795918368,0.936,11.439688715953308,9.712793733681462,15.3,0.0,0.3161290322580645,2.9138381201044385,1.785900783289817,3.571801566579634,6.548302872062663,1.2532637075718014,1.0026109660574412,0.056396866840731065,1.4
Jalen Brunson,74,2590,689,1475,195,528,354,421,31,216,247,503,57,8,175,170,1927,1,0.58,30.4,-0.9,,,2.2,0.116,0.222,0.304,NYK,74,2590,270,92,232,39.7,86.0,216.0,39.8,58.2,0.1572881355932203,0.4090909090909091,3.224710424710425,3.0023166023166024,29.0,30.0,72.0,108.0,17.0,23.0,40.0,42.5,57.5,29.0,82.0,142.0,224.0,4666,6589,111,883,1277,653,10.8,14.0,0.416988416988417,1.0007722007722009,1.5011583011583012,0.2362934362934363,0.3196911196911197,0.555984555984556,0.403088803088803,1.1397683397683398,1.9737451737451737,3.1135135135135137,64.85559845559845,91.584555984556,1.542857142857143,12.273359073359073,17.74980694980695,9.076447876447876,2.4,0.739524348810872,0.6429489927132448,20.501930501930502,30.4,0.3579661016949153,0.2854237288135593,6.991505791505791,2.4324324324324325,0.43088803088803085,3.0023166023166024,0.7922779922779922,0.11119691119691119,0.03057915057915058,-0.9
Jalen Duren,70,1976,522,803,0,0,321,430,265,472,737,138,57,59,130,195,1365,1,0.688,23.6,0.5,,,3.8,0.522,0.426,0.052,DET,70,1976,4,2,11,18.2,0.0,0.0,,18.2,0.0136986301369863,,0.2004048582995951,0.0,22.0,186.0,431.0,108.0,35.0,23.0,58.0,60.3,39.7,0.0,415.0,188.0,603.0,2331,1806,21,252,340,175,5.9,7.5,3.388663967611336,7.852226720647773,1.9676113360323888,0.6376518218623481,0.4190283400809717,1.05668016194332,0.0,7.560728744939271,3.425101214574899,10.98582995951417,42.46761133603239,32.902834008097166,0.3825910931174089,4.5910931174089065,6.194331983805668,3.188259109311741,2.317204301075269,0.6944444444444444,7.97940797940798,14.629554655870445,23.6,0.0,0.5354919053549191,2.51417004048583,2.3684210526315788,4.827935222672064,8.599190283400809,1.0384615384615383,1.074898785425101,0.06923076923076922,0.5
Jalen Green,32,828,216,512,71,227,65,87,16,100,116,91,34,8,72,42,568,1,0.516,31.9,-0.9,,,1.0,0.223,0.131,0.203,PHX,32,828,108,36,112,32.1,36.0,109.0,33.0,48.2,0.21875,0.4801762114537445,4.869565217391305,4.739130434782608,24.0,3.0,8.0,43.0,5.0,3.0,8.0,62.5,37.5,0.0,46.0,47.0,93.0,842,1471,21,177,244,118,10.8,14.0,0.1304347826086956,0.3478260869565217,1.8695652173913044,0.217391304347826,0.1304347826086956,0.3478260869565217,0.0,2.0,2.0434782608695654,4.043478260869565,36.60869565217392,63.95652173913044,0.9130434782608696,7.695652173913044,10.608695652173912,5.130434782608695,2.6666666666666665,0.6666666666666666,0.3562945368171021,22.26086956521739,31.9,0.443359375,0.169921875,3.9565217391304346,3.1304347826086953,0.6956521739130435,4.3478260869565215,1.4782608695652173,0.34782608695652173,0.043478260869565216,-0.9
Jalen Johnson,72,2532,600,1228,120,341,301,382,101,639,740,566,89,31,244,151,1621,1,0.581,27.0,1.4,,,3.9,0.252,0.273,0.1969999999999999,ATL,72,2532,276,97,246,39.4,82.0,216.0,38.0,56.1,0.2003257328990228,0.6334310850439883,3.4976303317535544,3.071090047393365,24.0,46.0,109.0,173.0,19.0,13.0,32.0,59.4,40.6,2.0,202.0,141.0,343.0,4581,4465,53,978,1442,663,12.4,14.5,0.6540284360189573,1.5497630331753554,2.4597156398104265,0.2701421800947867,0.1848341232227488,0.4549763033175355,0.0284360189573459,2.8720379146919437,2.004739336492891,4.876777251184834,65.13270142180095,63.48341232227488,0.7535545023696683,13.90521327014218,20.502369668246445,9.42654028436019,2.369565217391304,0.6779141104294478,1.0041475660336172,17.459715639810426,27.0,0.2776872964169381,0.31107491856677527,8.04739336492891,3.4691943127962084,1.4360189573459714,9.085308056872037,1.2654028436018956,0.44075829383886256,0.05545023696682464,1.4
Jalen Pickett,50,807,98,232,49,127,15,19,18,96,114,115,13,5,34,42,260,1,0.541,14.8,-1.1,,,0.4,0.103,0.155,0.194,DEN,50,806,114,40,95,42.1,34.0,81.0,42.0,60.0,0.4094827586206896,0.6377952755905512,4.237918215613383,3.613382899628253,26.0,17.0,39.0,25.0,6.0,3.0,9.0,66.7,33.3,0.0,43.0,44.0,87.0,1142,1285,8,222,290,131,10.1,11.5,0.758364312267658,1.7397769516728625,1.1152416356877324,0.2676579925650557,0.1338289962825278,0.4014869888475836,0.0,1.9182156133829,1.962825278810409,3.8810408921933086,50.94423791821561,57.32342007434944,0.3568773234200743,9.903345724907064,12.936802973977697,5.843866171003717,2.294117647058824,0.5900900900900901,1.48861646234676,10.349442379182156,14.8,0.5474137931034483,0.08189655172413793,5.130111524163569,1.516728624535316,0.8029739776951672,4.282527881040892,0.5799256505576208,0.22304832713754646,0.017843866171003718,-1.1
Jalen Smith,53,1095,195,404,82,220,69,93,98,257,355,65,24,42,53,111,541,1,0.608,19.0,-0.9,,,1.1,0.329,0.097,0.03,CHI,53,1095,243,82,216,38.0,79.0,205.0,38.5,56.3,0.5346534653465347,0.9318181818181818,7.101369863013699,6.739726027397261,26.0,68.0,156.0,37.0,7.0,11.0,18.0,38.9,61.1,4.0,222.0,94.0,316.0,1270,1179,18,104,168,87,5.1,6.9,2.2356164383561645,5.128767123287672,1.2164383561643837,0.2301369863013698,0.3616438356164383,0.5917808219178082,0.1315068493150684,7.298630136986302,3.0904109589041098,10.389041095890413,41.75342465753425,38.76164383561644,0.5917808219178082,3.419178082191781,5.523287671232877,2.8602739726027395,2.294117647058824,0.8365384615384616,5.354330708661418,13.282191780821917,19.0,0.5445544554455446,0.2301980198019802,2.1369863013698627,1.7424657534246573,3.2219178082191777,8.44931506849315,0.7890410958904108,1.380821917808219,0.03616438356164384,-0.9
Jalen Suggs,57,1574,282,649,122,360,100,117,36,184,220,312,105,40,152,145,786,1,0.561,22.9,1.8,,,2.4,0.156,0.128,0.161,ORL,57,1574,254,85,218,39.0,84.0,214.0,39.3,58.3,0.3359013867488444,0.5944444444444444,4.986022871664549,4.894536213468869,25.0,13.0,26.0,192.0,24.0,20.0,44.0,54.5,45.5,6.0,99.0,81.0,180.0,2701,3293,48,486,770,395,11.6,14.6,0.2973316391359593,0.5946632782719187,4.391359593392631,0.5489199491740788,0.4574332909783989,1.0063532401524775,0.1372299872935197,2.264294790343075,1.852604828462516,4.116899618805591,61.77636594663278,75.3163913595934,1.0978398983481577,11.115628970775097,17.61118170266836,9.03430749682338,2.0,0.8127572016460906,0.4813032210292484,14.843710292249046,22.9,0.5546995377503852,0.1802773497688752,7.135959339263024,3.476493011435832,0.8233799237611181,4.208386277001271,2.4015247776365944,0.9148665819567979,0.05489199491740787,1.8
Jalen Williams,33,936,216,446,23,77,108,129,27,125,152,181,39,9,63,65,563,1,0.56,26.2,1.0,,,1.7,0.294,0.26,0.274,OKC,33,936,53,18,55,32.7,17.0,50.0,34.0,48.2,0.1233183856502242,0.6493506493506493,2.1153846153846154,1.9230769230769231,25.0,10.0,25.0,104.0,7.0,10.0,17.0,41.2,58.8,0.0,65.0,40.0,105.0,1200,1674,13,298,463,204,15.1,17.0,0.3846153846153846,0.9615384615384616,4.0,0.2692307692307692,0.3846153846153846,0.6538461538461539,0.0,2.5,1.5384615384615383,4.038461538461538,46.15384615384615,64.38461538461539,0.5,11.461538461538462,17.807692307692307,7.846153846153846,2.5,0.6845637583892618,0.8333333333333334,17.153846153846153,26.2,0.1726457399103139,0.289237668161435,6.961538461538462,2.4230769230769234,1.0384615384615385,4.807692307692308,1.5,0.34615384615384615,0.06538461538461539,1.0
Jalen Wilson,54,859,110,278,54,152,69,96,17,97,114,50,22,2,38,85,343,1,0.536,18.2,-2.1,,,0.4,0.162,0.237,0.054,BKN,54,859,149,50,143,35.0,49.0,142.0,34.5,52.1,0.5143884892086331,0.9342105263157896,5.993015133876601,5.951105937136205,25.0,14.0,35.0,49.0,7.0,5.0,12.0,58.3,41.7,0.0,52.0,48.0,100.0,825,915,4,106,145,64,6.1,7.8,0.5867287543655413,1.466821885913853,2.053550640279395,0.2933643771827706,0.209545983701979,0.5029103608847497,0.0,2.1792782305005822,2.011641443538999,4.190919674039581,34.57508731082654,38.346915017462166,0.1676367869615832,4.442374854481956,6.076833527357392,2.682188591385332,2.5,0.6037735849056604,1.696969696969697,11.650756693830035,18.2,0.5467625899280576,0.34532374100719426,2.0954598370197903,1.5925494761350407,0.7124563445867288,4.065192083818394,0.9220023282887078,0.08381839348079162,0.016763678696158326,-2.1
Jamal Murray,75,2652,657,1360,245,563,346,390,32,298,330,535,66,29,171,131,1905,1,0.622,27.9,-1.4,,,1.7,0.127,0.195,0.264,DEN,75,2652,281,95,207,45.9,91.0,202.0,45.0,67.9,0.1522058823529411,0.3587921847246891,2.809954751131221,2.742081447963801,29.0,30.0,73.0,137.0,16.0,17.0,33.0,48.5,51.5,4.0,163.0,156.0,319.0,3804,5579,110,956,1371,696,14.1,18.3,0.4072398190045249,0.990950226244344,1.8597285067873304,0.2171945701357466,0.2307692307692307,0.4479638009049774,0.0542986425339366,2.2126696832579187,2.117647058823529,4.330316742081448,51.63800904977376,75.73303167420815,1.493212669683258,12.97737556561086,18.61085972850679,9.447963800904978,2.433333333333333,0.7280334728033473,0.7886435331230284,18.461538461538463,27.9,0.4139705882352941,0.2867647058823529,7.262443438914027,2.321266968325792,0.4343891402714932,4.04524886877828,0.8959276018099548,0.3936651583710407,0.023076923076923078,-1.4
Jamal Shead,82,1852,185,504,84,262,91,116,26,117,143,444,76,15,112,162,545,1,0.491,15.5,0.0,,,2.0,0.163,0.198,0.119,TOR,82,1852,190,64,205,31.2,62.0,200.0,31.0,46.3,0.4067460317460317,0.7633587786259542,3.98488120950324,3.887688984881209,23.0,23.0,53.0,168.0,11.0,14.0,25.0,44.0,56.0,6.0,65.0,112.0,177.0,3231,4120,71,790,1103,567,13.7,17.5,0.4470842332613391,1.0302375809935205,3.265658747300216,0.2138228941684665,0.2721382289416846,0.4859611231101511,0.1166306695464362,1.263498920086393,2.1771058315334773,3.4406047516198703,62.80561555075594,80.08639308855291,1.3801295896328294,15.356371490280775,21.44060475161987,11.02159827213823,2.3043478260869565,0.7177215189873418,0.7118539151965336,9.796976241900648,15.5,0.5198412698412699,0.23015873015873015,8.630669546436286,2.1771058315334773,0.5053995680345572,2.2742980561555077,1.4773218142548596,0.2915766738660907,0.038876889848812095,0.0
Jamaree Bouyea,46,644,108,236,23,78,24,35,18,64,82,82,29,16,30,38,263,1,0.523,18.5,1.1,,,0.8,0.191,0.246,0.2329999999999999,PHX,46,644,30,10,40,25.0,10.0,40.0,25.0,37.5,0.1694915254237288,0.5128205128205128,2.2360248447204967,2.2360248447204967,27.0,5.0,13.0,64.0,6.0,5.0,11.0,54.5,45.5,0.0,46.0,34.0,80.0,922,1163,8,163,214,92,8.9,10.0,0.2795031055900621,0.7267080745341615,3.577639751552795,0.3354037267080745,0.2795031055900621,0.6149068322981367,0.0,2.571428571428572,1.9006211180124224,4.472049689440993,51.54037267080745,65.01242236024845,0.4472049689440994,9.111801242236025,11.96273291925466,5.142857142857143,2.6,0.5644171779141104,0.5422993492407809,13.192546583850932,18.5,0.3305084745762712,0.1483050847457627,4.583850931677019,1.6770186335403727,1.0062111801242237,3.577639751552795,1.6211180124223603,0.8944099378881988,0.04472049689440994,1.1
James Harden,140,4876,974,2246,430,1146,926,1048,80,592,672,1114,158,56,490,274,3304,3,0.61,28.6,-0.8,,,4.2,0.139,0.224,0.126,CLE,70,2438,165,55,142,38.7,55.0,137.0,40.1,58.1,0.0632235084594835,0.1195462478184991,1.0484003281378178,1.0114848236259228,36.0,6.0,14.0,133.0,22.0,25.0,47.0,46.8,53.2,0.0,91.0,130.0,221.0,3549,5402,82,943,1373,680,15.7,19.2,0.0442986054142739,0.1033634126333059,0.9819524200164068,0.162428219852338,0.184577522559475,0.347005742411813,0.0,0.671862182116489,0.95980311730927,1.6316652994257588,26.202625102543067,39.88351107465135,0.605414273995078,6.962264150943396,10.136997538966366,5.02050861361772,2.333333333333333,0.721102863202545,0.1690617075232459,16.582444626743232,28.6,0.5102404274265361,0.4666073018699911,8.224774405250205,3.6177194421657095,0.5906480721903199,4.370795734208367,1.1665299425758817,0.4134536505332239,0.031009023789991798,-0.8
Jamir Watkins,50,1032,132,296,47,158,57,82,49,145,194,67,54,25,40,129,368,1,0.554,15.1,-0.5,,,0.5,0.257,0.172,0.037,WAS,50,1032,123,41,139,29.5,41.0,139.0,29.5,44.2,0.4695945945945945,0.879746835443038,4.848837209302325,4.848837209302325,24.0,14.0,36.0,126.0,2.0,15.0,17.0,11.8,88.2,4.0,116.0,74.0,190.0,882,870,9,116,183,81,7.6,9.2,0.4883720930232558,1.255813953488372,4.395348837209302,0.0697674418604651,0.5232558139534884,0.5930232558139535,0.1395348837209302,4.046511627906977,2.581395348837209,6.627906976744186,30.76744186046512,30.348837209302324,0.313953488372093,4.046511627906977,6.383720930232558,2.8255813953488373,2.571428571428572,0.6982758620689655,1.5873015873015872,10.325581395348838,15.1,0.5337837837837838,0.27702702702702703,2.3372093023255816,1.3953488372093024,1.7093023255813953,5.058139534883721,1.8837209302325582,0.872093023255814,0.01744186046511628,-0.5
Jamison Battle,61,517,74,145,35,85,9,14,20,69,89,24,7,3,19,42,192,1,0.635,14.1,-1.0,,,0.5,0.228,0.103,0.082,TOR,61,517,97,33,76,43.4,31.0,74.0,41.9,63.8,0.5241379310344828,0.8705882352941177,5.292069632495164,5.152804642166345,25.0,6.0,13.0,19.0,4.0,3.0,7.0,57.1,42.9,1.0,44.0,16.0,60.0,389,370,6,39,63,34,6.2,8.7,0.4177949709864603,0.9052224371373307,1.323017408123791,0.2785299806576402,0.2088974854932301,0.4874274661508704,0.06963249516441,3.0638297872340425,1.114119922630561,4.177949709864604,27.087040618955516,25.76402321083172,0.4177949709864603,2.7156673114119925,4.386847195357833,2.367504835589942,2.1666666666666665,0.8717948717948718,1.5424164524421593,10.096711798839458,14.1,0.5862068965517241,0.09655172413793103,1.6711798839458414,1.323017408123791,1.3926499032882012,4.804642166344294,0.4874274661508704,0.20889748549323017,0.03481624758220503,-1.0
Jarace Walker,76,1953,307,733,133,356,137,183,49,342,391,192,63,26,139,124,884,1,0.543,20.7,-0.7,,,1.5,0.166,0.207,0.141,IND,76,1953,320,107,260,41.2,106.0,257.0,41.2,61.5,0.354706684856753,0.7219101123595506,4.792626728110599,4.7373271889400925,22.0,20.0,47.0,144.0,7.0,14.0,21.0,33.3,66.7,1.0,125.0,92.0,217.0,2174,2182,31,343,480,241,8.8,11.1,0.3686635944700461,0.8663594470046083,2.654377880184332,0.1290322580645161,0.2580645161290322,0.3870967741935484,0.0184331797235023,2.304147465437788,1.695852534562212,4.0,40.07373271889401,40.22119815668203,0.5714285714285714,6.32258064516129,8.847926267281107,4.442396313364055,2.35,0.7026239067055393,0.9199632014719412,13.511520737327189,20.7,0.48567530695770805,0.24965893587994542,3.539170506912442,2.5622119815668203,0.9032258064516129,6.304147465437788,1.1612903225806452,0.4792626728110599,0.027649769585253454,-0.7
Jared McCain,134,2320,408,960,198,514,102,118,46,228,274,180,70,10,112,162,1116,3,0.551,20.7,-0.8,,,2.4,0.16,0.144,0.16,OKC,67,1160,204,68,169,40.2,68.0,167.0,40.7,60.4,0.1760416666666666,0.3249027237354085,2.622413793103448,2.5913793103448275,22.0,16.0,37.0,64.0,15.0,10.0,25.0,60.0,40.0,3.0,74.0,67.0,141.0,1292,1619,28,172,252,131,7.0,10.1,0.2482758620689655,0.5741379310344827,0.993103448275862,0.2327586206896551,0.1551724137931034,0.3879310344827586,0.046551724137931,1.1482758620689657,1.039655172413793,2.1879310344827587,20.04827586206897,25.122413793103448,0.4344827586206896,2.668965517241379,3.910344827586207,2.032758620689655,2.3125,0.7616279069767442,1.238390092879257,14.89655172413793,20.7,0.5354166666666667,0.12291666666666666,2.793103448275862,1.7379310344827585,0.7137931034482758,3.5379310344827584,1.0862068965517242,0.15517241379310345,0.037241379310344824,-0.8
Jaren Jackson Jr.,96,2908,684,1438,168,470,326,406,84,460,544,188,106,138,214,358,1862,3,0.576,26.2,0.5,,,2.7,0.147,0.376,0.15,UTA,48,1455,240,81,217,37.3,78.0,205.0,38.0,55.3,0.150904033379694,0.4361702127659574,2.686382393397524,2.5378266850068774,26.0,45.0,111.0,107.0,12.0,12.0,24.0,50.0,50.0,1.0,289.0,147.0,436.0,1412,1754,22,197,254,125,6.7,8.9,0.5570839064649243,1.37414030261348,1.3246217331499313,0.1485557083906465,0.1485557083906465,0.297111416781293,0.0123796423658872,3.577716643741403,1.8198074277854197,5.397524071526823,17.480055020632737,21.713892709766164,0.2723521320495186,2.43878954607978,3.144429160935351,1.547455295735901,2.466666666666667,0.6345177664974619,3.186968838526912,17.801925722145803,26.2,0.32684283727399166,0.282336578581363,2.327372764786795,2.6492434662998625,1.0398899587345254,5.694635488308116,1.312242090784044,1.7083906464924346,0.033425034387895465,0.5
Jarred Vanderbilt,65,1128,113,240,29,99,33,56,80,212,292,84,55,19,56,104,288,1,0.544,12.4,0.9,,,1.5,0.425,0.154,0.008,LAL,65,1128,89,30,100,30.0,29.0,98.0,29.6,44.5,0.4166666666666667,0.98989898989899,3.191489361702128,3.127659574468085,27.0,45.0,111.0,103.0,13.0,19.0,32.0,40.6,59.4,0.0,95.0,42.0,137.0,1077,703,10,134,204,103,7.8,9.6,1.4361702127659577,3.542553191489361,3.2872340425531914,0.4148936170212766,0.6063829787234043,1.0212765957446808,0.0,3.0319148936170213,1.3404255319148937,4.372340425531915,34.37234042553192,22.43617021276596,0.3191489361702128,4.276595744680851,6.51063829787234,3.2872340425531914,2.466666666666667,0.7686567164179104,4.178272980501393,7.659574468085106,12.4,0.4125,0.23333333333333334,2.680851063829787,1.7872340425531914,2.553191489361702,6.76595744680851,1.7553191489361701,0.6063829787234042,0.047872340425531915,0.9
Jarrett Allen,56,1519,337,528,1,10,185,261,144,332,476,100,55,47,75,95,860,1,0.669,19.9,0.4,,,2.2,0.455,0.419,0.108,CLE,56,1519,45,22,57,38.6,1.0,7.0,14.3,39.5,0.1079545454545454,0.7,1.3508887425938116,0.1658986175115207,28.0,142.0,321.0,135.0,22.0,15.0,37.0,59.5,40.5,2.0,355.0,93.0,448.0,1417,1360,16,142,258,128,7.1,9.0,3.3653719552337065,7.607636603028308,3.1994733377221856,0.521395655036208,0.3554970375246873,0.8768926925608953,0.0473996050032916,8.413429888084266,2.204081632653061,10.617511520737327,33.58262014483213,32.23173140223832,0.3791968400263331,3.3653719552337065,6.114549045424622,3.033574720210665,2.26056338028169,0.9014084507042254,10.021171489061397,12.513495720868994,19.9,0.01893939393939394,0.4943181818181818,2.369980250164582,1.7774851876234365,3.4127715602369983,7.868334430546413,1.3034891375905202,1.1138907175773536,0.05213956550362081,0.4
Jase Richardson,54,587,89,188,28,79,33,46,21,42,63,58,19,2,25,53,239,1,0.574,16.8,-0.7,,,0.5,0.191,0.277,0.112,ORL,54,587,68,23,57,40.4,22.0,56.0,39.3,59.6,0.3031914893617021,0.7088607594936709,3.495741056218058,3.434412265758092,20.0,2.0,4.0,31.0,5.0,6.0,11.0,45.5,54.5,1.0,49.0,17.0,66.0,667,805,6,96,143,69,8.7,10.3,0.1226575809199318,0.2453151618398637,1.901192504258944,0.3066439522998296,0.3679727427597956,0.6746166950596252,0.0613287904599659,3.0051107325383306,1.0425894378194207,4.047700170357751,40.90630323679727,49.369676320272575,0.3679727427597956,5.887563884156729,8.770017035775128,4.231686541737649,2.0,0.71875,0.2998500749625187,11.529812606473595,16.8,0.42021276595744683,0.24468085106382978,3.557069846678024,1.5332197614991483,1.2879045996592844,2.5758091993185688,1.1652470187393527,0.12265758091993186,0.030664395229982964,-0.7
Javon Small,41,830,134,288,60,142,68,82,36,92,128,151,34,9,56,65,396,1,0.611,19.0,-0.6,,,0.5,0.177,0.212,0.118,MEM,41,830,61,21,46,45.7,19.0,42.0,45.2,66.3,0.1597222222222222,0.2957746478873239,1.9951807228915663,1.821686746987952,23.0,3.0,6.0,75.0,7.0,7.0,14.0,50.0,50.0,0.0,39.0,69.0,108.0,1179,1648,10,271,389,171,12.8,14.5,0.1301204819277108,0.2602409638554216,3.253012048192771,0.3036144578313253,0.3036144578313253,0.6072289156626506,0.0,1.691566265060241,2.9927710843373494,4.68433734939759,51.13734939759036,71.47951807228915,0.4337349397590361,11.75421686746988,16.872289156626508,7.416867469879518,2.0,0.6309963099630996,0.2544529262086514,12.491566265060241,19.0,0.4930555555555556,0.2847222222222222,6.549397590361446,2.4289156626506023,1.5614457831325301,3.9903614457831327,1.4746987951807229,0.39036144578313253,0.021686746987951807,-0.6
Javonte Green,82,1446,185,414,94,247,105,125,62,168,230,56,102,25,45,107,569,1,0.607,14.8,2.4,,,2.7,0.2,0.171,0.031,DET,82,1446,271,91,235,38.7,89.0,229.0,38.9,57.7,0.5676328502415459,0.9271255060728744,5.850622406639004,5.7012448132780085,32.0,16.0,35.0,207.0,17.0,31.0,48.0,35.4,64.6,0.0,70.0,71.0,141.0,1435,1253,14,118,143,81,3.9,5.6,0.3983402489626556,0.8713692946058091,5.153526970954357,0.4232365145228215,0.7717842323651453,1.1950207468879668,0.0,1.7427385892116185,1.7676348547717842,3.5103734439834025,35.726141078838175,31.19502074688797,0.3485477178423236,2.9377593360995853,3.5601659751037342,2.016597510373444,2.1875,0.6864406779661016,1.1149825783972125,10.307053941908713,14.8,0.5966183574879227,0.30193236714975846,1.3941908713692945,1.120331950207469,1.5435684647302903,4.182572614107883,2.5394190871369293,0.6224066390041494,0.06721991701244813,2.4
Jaxson Hayes,66,1207,198,262,3,3,98,150,99,172,271,59,29,52,31,127,497,1,0.758,13.0,0.4,,,1.2,0.695,0.282,0.011,LAL,66,1207,13,5,7,71.4,3.0,3.0,100.0,92.9,0.0267175572519083,1.0,0.2087821043910522,0.0894780447390223,26.0,143.0,331.0,73.0,6.0,10.0,16.0,37.5,62.5,1.0,247.0,129.0,376.0,974,813,8,100,155,71,6.1,7.3,4.2651201325600665,9.872410936205467,2.177299088649544,0.1789560894780447,0.2982601491300746,0.4772162386081193,0.0298260149130074,7.367025683512842,3.847555923777962,11.214581607290803,29.050538525269264,24.248550124275063,0.2386081193040596,2.9826014913007457,4.623032311516155,2.117647058823529,2.3146853146853146,0.71,14.681724845995891,7.8144159072079535,13.0,0.011450381679389313,0.5725190839694656,1.75973487986744,0.9246064623032312,2.952775476387738,5.130074565037282,0.8649544324772163,1.5509527754763877,0.03579121789560895,0.4
Jay Huff,82,1719,291,611,119,373,82,99,73,251,324,121,41,153,76,196,783,1,0.598,18.0,1.3,,,1.9,0.25,0.123,0.016,IND,82,1719,343,115,363,31.7,113.0,358.0,31.6,47.2,0.5941080196399345,0.9597855227882036,7.602094240837697,7.49738219895288,28.0,145.0,325.0,70.0,12.0,8.0,20.0,60.0,40.0,1.0,533.0,167.0,700.0,1653,1686,22,181,310,149,7.3,9.0,3.0366492146596857,6.806282722513089,1.4659685863874343,0.2513089005235602,0.1675392670157068,0.418848167539267,0.0209424083769633,11.162303664921463,3.4973821989528795,14.659685863874346,34.617801047120416,35.30890052356021,0.4607329842931937,3.7905759162303663,6.492146596858639,3.1204188481675392,2.2413793103448274,0.8232044198895028,8.771929824561404,12.795811518324609,18.0,0.6104746317512275,0.16202945990180032,2.5340314136125657,1.5916230366492148,1.5287958115183247,5.2565445026178015,0.8586387434554974,3.2041884816753927,0.039790575916230364,1.3
Jaylen Brown,71,2443,736,1543,140,404,426,536,81,411,492,364,72,27,259,191,2038,1,0.573,36.2,-0.1,,,3.4,0.16,0.262,0.316,BOS,71,2443,188,64,189,33.9,60.0,176.0,34.1,49.7,0.1224886584575502,0.4356435643564356,2.7851002865329515,2.593532541956611,29.0,25.0,62.0,128.0,35.0,23.0,58.0,60.3,39.7,1.0,127.0,203.0,330.0,2663,4139,62,919,949,445,13.7,16.7,0.3683995088006549,0.9136307818256242,1.8862054850593533,0.5157593123209169,0.3389275480966025,0.8546868604175194,0.0147359803520261,1.871469504707327,2.991404011461318,4.862873516168645,39.24191567744576,60.99222267703643,0.9136307818256242,13.542365943512076,13.98444535407286,6.557511256651658,2.48,0.4842219804134929,0.938790837401427,22.737617683176424,36.2,0.26182760855476345,0.3473752430330525,5.363896848137536,3.816618911174785,1.193614408514122,6.056487924682767,1.0609905853458863,0.3978714695047073,0.050102333196889066,-0.1
Jaylen Clark,68,888,99,228,33,101,44,67,54,66,120,43,47,9,23,87,275,1,0.534,13.3,0.7,,,1.0,0.285,0.206,0.066,MIN,68,888,93,31,93,33.3,31.0,93.0,33.3,50.0,0.4078947368421052,0.9207920792079208,3.77027027027027,3.77027027027027,24.0,13.0,32.0,89.0,9.0,7.0,16.0,56.3,43.8,0.0,97.0,54.0,151.0,528,562,11,74,104,56,8.1,10.6,0.527027027027027,1.2972972972972974,3.608108108108108,0.3648648648648648,0.2837837837837837,0.6486486486486487,0.0,3.932432432432433,2.189189189189189,6.121621621621622,21.405405405405407,22.783783783783782,0.4459459459459459,3.0,4.216216216216216,2.27027027027027,2.4615384615384617,0.7567567567567568,2.462121212121212,9.243243243243244,13.3,0.44298245614035087,0.29385964912280704,1.7432432432432434,0.9324324324324325,2.1891891891891895,2.675675675675676,1.9054054054054055,0.3648648648648649,0.04054054054054054,0.7
Jaylen Wells,69,1821,301,698,129,365,134,171,61,159,220,111,61,9,74,148,865,1,0.559,19.3,-1.4,,,0.7,0.152,0.142,0.183,MEM,69,1821,331,113,300,37.7,105.0,282.0,37.2,55.2,0.4297994269340974,0.7726027397260274,5.930807248764415,5.57495881383855,22.0,18.0,40.0,113.0,13.0,21.0,34.0,38.2,61.8,0.0,130.0,112.0,242.0,1229,1779,27,209,277,142,9.0,11.6,0.3558484349258649,0.7907742998352554,2.2339373970345964,0.257001647446458,0.415156507413509,0.6721581548599671,0.0,2.57001647446458,2.214168039538715,4.784184514003295,24.296540362438225,35.16968698517298,0.5337726523887973,4.13179571663921,5.476112026359143,2.8072487644151565,2.2222222222222223,0.6794258373205742,1.4646053702196908,13.799011532125204,19.3,0.5229226361031518,0.24498567335243554,2.1943986820428334,1.4629324546952223,1.2059308072487642,3.1433278418451396,1.2059308072487642,0.17792421746293244,0.013838550247116967,-1.4
Jaylin Williams,65,1277,149,352,98,256,73,92,32,326,358,158,31,42,67,127,469,1,0.597,15.6,2.8,,,2.8,0.119,0.088,0.066,OKC,65,1277,294,100,256,39.1,94.0,247.0,38.1,57.4,0.7272727272727273,0.96484375,7.216914643696163,6.963194988253719,24.0,95.0,214.0,61.0,7.0,9.0,16.0,43.8,56.3,17.0,313.0,160.0,473.0,2200,1641,11,253,398,177,7.2,8.0,2.678151918559123,6.032889584964761,1.7196554424432262,0.1973375097885669,0.2537196554424432,0.4510571652310102,0.4792482380579483,8.823805794831637,4.510571652310102,13.33437744714174,62.0203602192639,46.26155050900548,0.3101018010963195,7.1323414252153485,11.220046985121378,4.98981989036805,2.2526315789473683,0.6996047430830039,4.318181818181818,9.923257635082225,15.6,0.7272727272727273,0.26136363636363635,4.454189506656226,1.888801879404855,0.9021143304620204,9.190289741581832,0.8739232576350823,1.1840250587314018,0.07893500391542678,2.8
Jaylon Tyson,66,1777,330,670,133,298,79,107,118,220,338,147,54,28,99,164,872,1,0.608,19.3,-0.5,,,1.7,0.279,0.216,0.06,CLE,66,1777,390,132,299,44.1,126.0,281.0,44.8,65.2,0.4462686567164179,0.9429530201342282,6.0574001125492405,5.692740574001125,23.0,35.0,80.0,115.0,16.0,17.0,33.0,48.5,51.5,0.0,172.0,131.0,303.0,1816,2146,31,260,382,188,8.1,10.4,0.7090602138435566,1.6207090602138436,2.3297692740574,0.3241418120427687,0.3444006752954417,0.6685424873382104,0.0,3.484524479459764,2.6539110861001687,6.1384355655599325,36.79009566685425,43.47552054023635,0.6280247608328644,5.267304445694991,7.738885762521103,3.808666291502533,2.2857142857142856,0.7230769230769231,1.9273127753303965,13.57343837929094,19.3,0.44477611940298506,0.15970149253731344,2.9780528981429373,2.0056274620146315,2.390545863815419,4.45694991558807,1.0939786156443443,0.5672481710748453,0.03444006752954418,-0.5
Jayson Tatum,16,522,118,287,47,143,65,79,8,152,160,85,22,3,39,26,348,1,0.541,30.0,1.8,,,1.0,0.171,0.167,0.164,BOS,16,522,34,12,37,32.4,10.0,33.0,30.3,45.9,0.1289198606271777,0.2307692307692307,2.5517241379310347,2.2758620689655173,28.0,10.0,24.0,33.0,2.0,3.0,5.0,40.0,60.0,0.0,17.0,29.0,46.0,878,901,19,195,210,108,9.7,12.3,0.6896551724137931,1.6551724137931034,2.2758620689655173,0.1379310344827586,0.2068965517241379,0.3448275862068966,0.0,1.1724137931034482,2.0,3.1724137931034484,60.55172413793103,62.13793103448276,1.3103448275862069,13.448275862068966,14.482758620689657,7.448275862068965,2.4,0.5538461538461539,1.1389521640091116,19.79310344827586,30.0,0.49825783972125437,0.27526132404181186,5.862068965517241,2.689655172413793,0.5517241379310345,10.482758620689655,1.5172413793103448,0.20689655172413793,0.06896551724137931,1.8
Jerami Grant,57,1695,331,730,136,350,262,322,55,143,198,122,42,36,119,142,1060,1,0.608,23.8,-0.9,,,1.4,0.234,0.2,0.086,POR,57,1695,362,121,323,37.5,120.0,318.0,37.7,56.0,0.4424657534246575,0.9085714285714286,6.860176991150443,6.753982300884956,32.0,16.0,39.0,75.0,18.0,13.0,31.0,58.1,41.9,2.0,101.0,79.0,180.0,1567,2172,15,249,321,145,7.8,9.3,0.3398230088495575,0.8283185840707965,1.592920353982301,0.3823008849557522,0.2761061946902655,0.6584070796460177,0.0424778761061946,2.145132743362832,1.6778761061946903,3.8230088495575214,33.28141592920354,46.13097345132744,0.3185840707964602,5.288495575221239,6.817699115044248,3.079646017699115,2.4375,0.5823293172690763,1.021059349074665,15.504424778761061,23.8,0.4794520547945205,0.4410958904109589,2.591150442477876,2.527433628318584,1.168141592920354,3.0371681415929204,0.8920353982300885,0.7646017699115044,0.02973451327433628,-0.9
Jeremiah Fears,82,2112,437,1006,101,306,194,246,60,240,300,279,97,30,178,151,1169,1,0.525,25.5,-1.3,,,1.4,0.326,0.222,0.148,NOP,82,2112,186,62,189,32.8,62.0,185.0,33.5,49.2,0.1878727634194831,0.6045751633986928,3.221590909090909,3.153409090909091,19.0,6.0,13.0,211.0,12.0,20.0,32.0,37.5,62.5,1.0,127.0,140.0,267.0,3130,4504,56,466,694,358,8.9,11.4,0.1022727272727272,0.2215909090909091,3.596590909090909,0.2045454545454545,0.3409090909090909,0.5454545454545454,0.0170454545454545,2.164772727272727,2.386363636363636,4.551136363636363,53.35227272727273,76.77272727272727,0.9545454545454546,7.943181818181818,11.829545454545457,6.102272727272728,2.1666666666666665,0.7682403433476395,0.1916932907348242,17.14772727272727,25.5,0.30417495029821073,0.24453280318091453,4.7556818181818175,3.0340909090909087,1.0227272727272727,4.090909090909091,1.6534090909090908,0.5113636363636364,0.02386363636363636,-1.3
Jeremiah Robinson-Earl,44,722,74,200,20,82,34,36,72,134,206,30,18,2,24,52,202,3,0.468,14.1,-1.7,,,0.6,0.35,0.16,0.08,DAL,22,361,34,12,44,27.3,10.0,41.0,24.4,38.6,0.22,0.5,2.193905817174515,2.044321329639889,25.0,6.0,15.0,12.0,6.0,1.0,7.0,85.7,14.3,0.0,38.0,30.0,68.0,355,220,3,33,36,18,4.2,5.1,0.299168975069252,0.7479224376731302,0.5983379501385041,0.299168975069252,0.0498614958448753,0.3490304709141274,0.0,1.894736842105263,1.4958448753462603,3.390581717451524,17.700831024930746,10.969529085872576,0.149584487534626,1.6454293628808865,1.7950138504155124,0.8975069252077562,2.5,0.5454545454545454,1.6901408450704225,9.97229916897507,14.1,0.41,0.18,1.4958448753462605,1.1966759002770084,3.5900277008310253,6.6814404432132966,0.8975069252077563,0.0997229916897507,0.029916897506925208,-1.7
Jeremy Sochan,88,938,128,258,22,90,38,52,74,140,214,80,34,14,42,124,316,3,0.563,14.6,1.1,,,1.4,0.426,0.186,0.039,NYK,44,469,41,15,51,29.4,11.0,45.0,24.4,40.2,0.1976744186046511,0.5,1.9573560767590616,1.7270788912579955,23.0,38.0,87.0,41.0,8.0,8.0,16.0,50.0,50.0,0.0,64.0,26.0,90.0,514,455,5,86,109,50,7.8,9.7,1.4584221748400852,3.3390191897654584,1.5735607675906182,0.3070362473347548,0.3070362473347548,0.6140724946695096,0.0,2.4562899786780386,0.997867803837953,3.4541577825159915,19.727078891258,17.46268656716418,0.1918976545842217,3.300639658848614,4.183368869936034,1.9189765458422172,2.289473684210526,0.5813953488372093,7.392996108949417,9.901918976545844,14.6,0.3488372093023256,0.20155038759689922,3.070362473347548,1.611940298507463,2.840085287846482,5.373134328358209,1.304904051172708,0.5373134328358209,0.05373134328358209,1.1
Jericho Sims,67,1318,145,185,0,0,44,71,147,223,370,104,19,17,75,146,334,1,0.772,9.8,-0.9,,,0.7,0.816,0.146,0.038,MIL,67,1318,4,2,6,33.3,0.0,0.0,,33.3,0.0324324324324324,,0.1638846737481032,0.0,27.0,134.0,309.0,39.0,8.0,12.0,20.0,40.0,60.0,0.0,166.0,85.0,251.0,1681,1236,23,174,272,128,6.2,7.6,3.660091047040971,8.440060698027315,1.0652503793626706,0.2185128983308042,0.3277693474962064,0.5462822458270106,0.0,4.5341426403641885,2.3216995447647952,6.855842185128983,45.91502276176024,33.76024279210926,0.6282245827010622,4.7526555386949925,7.429438543247344,3.496206373292868,2.3059701492537314,0.735632183908046,7.971445568114218,5.053110773899848,9.8,0.0,0.3837837837837838,2.840667678300455,2.04855842185129,4.0151745068285285,6.091047040971168,0.5189681335356601,0.46433990895295907,0.019119878603945373,-0.9
Jett Howard,55,695,105,251,54,145,37,39,23,64,87,45,10,11,15,66,301,1,0.561,17.2,-1.1,,,0.5,0.167,0.187,0.068,ORL,55,695,132,44,116,37.9,44.0,116.0,37.9,56.9,0.4621513944223107,0.8,6.00863309352518,6.00863309352518,22.0,4.0,8.0,31.0,7.0,5.0,12.0,58.3,41.7,0.0,70.0,31.0,101.0,452,603,6,87,112,56,10.0,12.4,0.2071942446043165,0.4143884892086331,1.6057553956834532,0.3625899280575539,0.2589928057553957,0.6215827338129496,0.0,3.62589928057554,1.6057553956834532,5.231654676258993,23.41294964028777,31.23453237410072,0.3107913669064748,4.506474820143885,5.801438848920864,2.900719424460432,2.0,0.6436781609195402,0.8849557522123894,13.001438848920863,17.2,0.5776892430278885,0.1553784860557769,2.330935251798561,0.776978417266187,1.19136690647482,3.3151079136690647,0.5179856115107914,0.5697841726618705,0.025899280575539568,-1.1
Jevon Carter,106,1734,246,614,156,430,30,38,28,150,178,174,80,20,72,114,678,3,0.537,17.0,0.4,,,1.7,0.072,0.052,0.175,ORL,53,867,157,53,143,37.1,51.0,139.0,36.7,54.9,0.2328990228013029,0.3232558139534883,2.968858131487889,2.885813148788927,30.0,4.0,9.0,82.0,6.0,7.0,13.0,46.2,53.8,0.0,39.0,62.0,101.0,1269,1508,22,164,220,118,6.9,9.3,0.0830449826989619,0.1868512110726643,1.7024221453287198,0.1245674740484429,0.1453287197231834,0.2698961937716263,0.0,0.8096885813148789,1.28719723183391,2.096885813148789,26.34602076124568,31.30795847750865,0.4567474048442906,3.40484429065744,4.567474048442906,2.449826989619377,2.25,0.7195121951219512,0.3152088258471237,12.747404844290656,17.0,0.7003257328990228,0.06188925081433225,3.612456747404844,1.4948096885813147,0.5813148788927336,3.1141868512110724,1.6608996539792387,0.41522491349480967,0.03529411764705882,0.4
Jimmy Butler,38,1182,240,462,32,85,248,287,88,123,211,185,55,8,60,46,760,1,0.646,23.3,0.5,,,1.1,0.342,0.303,0.1709999999999999,GSW,38,1182,73,26,71,36.6,21.0,56.0,37.5,51.4,0.1536796536796536,0.6588235294117647,2.1624365482233503,1.7055837563451777,36.0,36.0,93.0,93.0,19.0,14.0,33.0,57.6,42.4,1.0,42.0,48.0,90.0,1679,1968,40,393,495,237,11.0,14.1,1.0964467005076142,2.83248730964467,2.83248730964467,0.5786802030456852,0.4263959390862944,1.0050761421319796,0.0304568527918781,1.2791878172588833,1.4619289340101522,2.7411167512690358,51.13705583756345,59.93908629441624,1.218274111675127,11.96954314720812,15.076142131979696,7.218274111675127,2.583333333333333,0.6030534351145038,2.144133412745682,14.071065989847716,23.3,0.18398268398268397,0.6212121212121212,5.634517766497462,1.8274111675126905,2.6802030456852792,3.7461928934010156,1.6751269035532996,0.2436548223350254,0.03350253807106599,0.5
Jock Landale,136,3012,564,1096,148,386,160,252,366,408,774,230,70,72,120,300,1436,3,0.595,18.3,-1.0,,,2.2,0.334,0.237,0.077,ATL,68,1506,239,84,217,38.7,71.0,185.0,38.4,55.1,0.197992700729927,0.4792746113989637,2.593625498007968,2.211155378486056,30.0,143.0,339.0,68.0,14.0,8.0,22.0,63.6,36.4,1.0,284.0,67.0,351.0,1480,1484,19,192,306,143,7.8,9.7,1.709163346613546,4.051792828685259,0.8127490039840638,0.1673306772908366,0.095617529880478,0.2629482071713147,0.0119521912350597,3.394422310756972,0.8007968127490039,4.195219123505976,17.689243027888445,17.737051792828684,0.2270916334661354,2.2948207171314743,3.657370517928287,1.709163346613546,2.370629370629371,0.7447916666666666,9.66216216216216,13.099601593625497,18.3,0.3521897810218978,0.22992700729927007,2.749003984063745,1.4342629482071714,4.374501992031872,4.876494023904383,0.8366533864541833,0.8605577689243028,0.026294820717131476,-1.0
Joel Embiid,38,1201,341,697,53,159,286,335,75,218,293,150,21,46,109,82,1021,1,0.605,33.5,-0.2,,,1.3,0.224,0.149,0.399,PHI,38,1201,235,96,211,45.5,43.0,124.0,34.7,55.7,0.3027259684361549,0.779874213836478,6.324729392173189,3.716902581182348,32.0,139.0,336.0,35.0,13.0,6.0,19.0,68.4,31.6,1.0,235.0,72.0,307.0,1647,2078,21,271,392,187,9.1,11.4,4.166527893422148,10.071606994171525,1.0491257285595337,0.3896752706078268,0.17985012489592,0.5695253955037469,0.0299750208159866,7.044129891756869,2.158201498751041,9.20233139050791,49.36885928393006,62.28809325562032,0.6294754371357202,8.12323064113239,11.750208159866778,5.605328892589509,2.41726618705036,0.6900369003690037,8.439587128111718,20.892589508742716,33.5,0.22812051649928264,0.4806312769010043,4.496253122398002,3.267277268942548,2.248126561199001,6.534554537885096,0.6294754371357203,1.3788509575353873,0.038967527060782686,-0.2
John Collins,69,1872,364,659,89,219,118,154,110,257,367,70,60,51,95,187,935,1,0.643,19.5,-0.5,,,1.8,0.281,0.275,0.112,LAC,69,1871,281,98,226,43.4,85.0,204.0,41.7,62.2,0.3429438543247344,0.9315068493150684,4.346153846153846,3.923076923076923,28.0,43.0,104.0,116.0,16.0,15.0,31.0,51.6,48.4,1.0,195.0,185.0,380.0,1697,1477,11,123,175,84,4.1,4.9,0.8269230769230769,2.0,2.230769230769231,0.3076923076923077,0.2884615384615384,0.5961538461538461,0.0192307692307692,3.75,3.5576923076923075,7.3076923076923075,32.63461538461539,28.403846153846157,0.2115384615384615,2.3653846153846154,3.3653846153846154,1.6153846153846154,2.4186046511627906,0.6829268292682927,2.53388332351208,12.673076923076923,19.5,0.3323216995447648,0.2336874051593323,1.3461538461538463,1.826923076923077,2.1153846153846154,4.9423076923076925,1.153846153846154,0.9807692307692308,0.03461538461538462,-0.5
John Konchar,112,2230,188,398,56,198,64,88,148,332,480,236,166,76,70,158,496,3,0.568,9.4,2.2,,,2.4,0.291,0.166,0.045,UTA,56,1115,80,27,95,28.4,26.0,92.0,28.3,42.1,0.2386934673366834,0.4646464646464646,1.5336322869955157,1.485201793721973,30.0,32.0,70.0,149.0,14.0,20.0,34.0,41.2,58.8,1.0,96.0,78.0,174.0,1340,954,17,228,290,143,8.8,10.7,0.5165919282511211,1.1300448430493273,2.4053811659192825,0.2260089686098654,0.3228699551569506,0.5488789237668161,0.0161434977578475,1.5497757847533633,1.2591928251121076,2.8089686098654707,21.632286995515692,15.400896860986547,0.274439461883408,3.6807174887892375,4.681614349775785,2.308520179372197,2.1875,0.6271929824561403,2.388059701492537,6.425112107623319,9.4,0.49748743718592964,0.22110552763819097,3.809865470852018,1.1300448430493275,2.389237668161435,5.359641255605381,2.6798206278026906,1.2269058295964126,0.03874439461883408,2.2
Johnny Furphy,35,643,70,149,23,71,17,35,32,121,153,41,20,7,29,65,180,1,0.547,12.8,0.2,,,0.5,0.302,0.208,0.013,IND,35,643,66,22,68,32.4,22.0,67.0,32.8,48.5,0.4563758389261745,0.943661971830986,3.807153965785381,3.751166407465008,21.0,16.0,36.0,36.0,6.0,9.0,15.0,40.0,60.0,0.0,97.0,23.0,120.0,753,534,6,57,95,48,5.4,6.4,0.895800933125972,2.015552099533437,2.015552099533437,0.3359253499222395,0.5038880248833593,0.8398133748055988,0.0,5.430793157076205,1.287713841368585,6.718506998444791,42.15863141524106,29.897356143079318,0.3359253499222395,3.191290824261275,5.318818040435459,2.687402799377916,2.25,0.8421052631578947,2.1248339973439574,8.342146189735614,12.8,0.47651006711409394,0.2348993288590604,2.295489891135303,1.6236391912908241,1.791601866251944,6.774494556765163,1.119751166407465,0.3919129082426127,0.027993779160186624,0.2
Jonas Valančiūnas,65,871,227,390,8,26,105,136,105,224,329,78,14,37,73,133,567,1,0.63,26.1,-0.5,,,1.1,0.333,0.387,0.213,DEN,65,871,75,34,72,47.2,7.0,22.0,31.8,52.1,0.1846153846153846,0.8461538461538461,2.975889781859931,0.9092996555683124,34.0,97.0,225.0,18.0,7.0,6.0,13.0,53.8,46.2,0.0,213.0,48.0,261.0,1195,1115,11,107,199,98,6.5,8.2,4.00918484500574,9.299655568312284,0.7439724454649828,0.2893226176808266,0.2479908151549942,0.5373134328358209,0.0,8.803673938002296,1.9839265212399544,10.78760045924225,49.39150401836969,46.0849598163031,0.4546498277841561,4.422502870264064,8.225028702640643,4.050516647531573,2.31958762886598,0.9158878504672896,8.117154811715482,16.11940298507463,26.1,0.06666666666666667,0.3487179487179487,3.2238805970149254,3.0172215843857635,4.3398392652124,9.258323765786454,0.5786452353616534,1.529276693455798,0.04546498277841562,-0.5
Jonathan Isaac,52,521,46,109,7,38,35,58,43,89,132,22,20,31,18,41,134,1,0.498,12.4,1.3,,,0.8,0.404,0.165,0.0829999999999999,ORL,52,521,23,8,40,20.0,7.0,37.0,18.9,28.8,0.3669724770642202,0.9736842105263158,2.763915547024952,2.5566218809980805,28.0,26.0,62.0,62.0,1.0,3.0,4.0,25.0,75.0,0.0,98.0,36.0,134.0,450,284,4,36,57,28,4.9,6.2,1.7965451055662187,4.284069097888676,4.284069097888676,0.0690978886756238,0.2072936660268714,0.2763915547024952,0.0,6.771593090211132,2.487523992322457,9.259117082533589,31.09404990403071,19.62380038387716,0.2763915547024952,2.487523992322457,3.9385796545105567,1.9347408829174664,2.3846153846153846,0.7777777777777778,5.777777777777778,7.531669865642995,12.4,0.3486238532110092,0.5321100917431193,1.5201535508637236,1.2437619961612285,2.9712092130518237,6.149712092130518,1.3819577735124762,2.1420345489443378,0.055278310940499044,1.3
Jonathan Kuminga,72,1660,314,678,70,210,178,246,98,306,404,166,44,22,134,110,876,3,0.557,23.4,-0.5,,,1.8,0.271,0.26,0.159,ATL,36,830,82,28,85,32.9,26.0,82.0,31.7,48.2,0.1253687315634218,0.3904761904761905,1.843373493975904,1.7783132530120482,23.0,15.0,34.0,67.0,8.0,7.0,15.0,53.3,46.7,1.0,82.0,51.0,133.0,998,1129,11,158,209,98,8.3,9.8,0.3253012048192771,0.7373493975903614,1.453012048192771,0.1734939759036144,0.1518072289156626,0.3253012048192771,0.0216867469879518,1.7783132530120482,1.106024096385542,2.8843373493975903,21.643373493975904,24.48433734939759,0.2385542168674699,3.4265060240963856,4.532530120481928,2.125301204819277,2.2666666666666666,0.620253164556962,1.503006012024048,14.703614457831325,23.4,0.30973451327433627,0.36283185840707965,3.6,2.906024096385542,2.125301204819277,6.636144578313253,0.9542168674698795,0.4771084337349398,0.03903614457831325,-0.5
Jordan Clarkson,72,1279,237,526,70,214,78,94,62,65,127,96,30,9,63,123,622,1,0.548,21.1,-1.4,,,1.0,0.183,0.27,0.141,NYK,72,1279,184,62,174,35.6,60.0,168.0,35.7,52.9,0.3307984790874524,0.7850467289719626,4.897576231430805,4.72869429241595,34.0,5.0,12.0,76.0,16.0,6.0,22.0,72.7,27.3,0.0,79.0,62.0,141.0,935,1273,13,171,250,116,10.3,12.4,0.1407349491790461,0.3377638780297107,2.1391712275215014,0.4503518373729476,0.1688819390148553,0.619233776387803,0.0,2.223612197028929,1.745113369820172,3.968725566849101,26.317435496481625,35.83111806098515,0.3659108678655199,4.813135261923378,7.0367474589523065,3.2650508209538702,2.4,0.6783625730994152,0.5347593582887701,14.805316653635652,21.1,0.4068441064638783,0.17870722433460076,2.7021110242376856,1.773260359655981,1.745113369820172,1.8295543393275997,0.8444096950742768,0.253322908522283,0.028146989835809225,-1.4
Jordan Goodwin,70,1572,229,555,112,302,39,56,138,203,341,151,106,14,68,133,609,1,0.525,17.5,1.5,,,2.4,0.231,0.126,0.099,PHX,70,1572,278,94,244,38.5,90.0,238.0,37.8,57.0,0.4396396396396396,0.7880794701986755,5.587786259541985,5.450381679389313,27.0,20.0,47.0,260.0,25.0,19.0,44.0,56.8,43.2,1.0,85.0,69.0,154.0,1991,1845,25,267,379,190,7.6,9.5,0.4580152671755725,1.076335877862595,5.954198473282442,0.5725190839694656,0.4351145038167939,1.0076335877862594,0.0229007633587786,1.9465648854961832,1.5801526717557253,3.5267175572519083,45.595419847328245,42.25190839694657,0.5725190839694656,6.114503816793893,8.679389312977099,4.351145038167939,2.35,0.7116104868913857,1.0045203415369162,12.709923664122137,17.5,0.5441441441441441,0.1009009009009009,3.4580152671755724,1.5572519083969465,3.1603053435114505,4.648854961832061,2.427480916030534,0.32061068702290074,0.0549618320610687,1.5
Jordan Hawkins,51,692,94,257,47,135,23,27,20,68,88,42,13,10,34,30,258,1,0.48,18.2,-3.0,,,0.2,0.105,0.066,0.304,NOP,51,692,110,37,98,37.8,36.0,95.0,37.9,56.1,0.3813229571984435,0.7037037037037037,5.098265895953757,4.942196531791907,24.0,4.0,8.0,22.0,4.0,6.0,10.0,40.0,60.0,1.0,58.0,38.0,96.0,558,635,11,66,102,56,7.5,10.0,0.2080924855491329,0.4161849710982659,1.1445086705202312,0.2080924855491329,0.3121387283236994,0.5202312138728323,0.0520231213872832,3.017341040462428,1.976878612716763,4.994219653179191,29.028901734104046,33.03468208092485,0.5722543352601156,3.433526011560694,5.30635838150289,2.913294797687861,2.0,0.8484848484848485,0.7168458781362007,13.369942196531792,18.2,0.5252918287937743,0.10505836575875487,2.184971098265896,1.7687861271676302,1.0404624277456649,3.5375722543352603,0.6763005780346821,0.5202312138728324,0.01040462427745665,-3.0
Jordan Miller,60,1325,212,399,38,110,136,175,50,132,182,136,45,11,63,62,598,1,0.628,18.0,-0.4,,,1.0,0.293,0.326,0.105,LAC,60,1325,108,36,99,36.4,36.0,98.0,36.7,54.5,0.2481203007518796,0.8909090909090909,2.689811320754717,2.6626415094339624,26.0,10.0,22.0,83.0,8.0,10.0,18.0,44.4,55.6,1.0,95.0,116.0,211.0,1428,1589,21,228,357,167,9.5,11.7,0.2716981132075471,0.5977358490566038,2.2550943396226417,0.2173584905660377,0.2716981132075471,0.4890566037735849,0.0271698113207547,2.581132075471698,3.151698113207547,5.732830188679245,38.798490566037735,43.17283018867924,0.570566037735849,6.194716981132076,9.699622641509434,4.537358490566038,2.2,0.7324561403508771,0.7002801120448179,10.840754716981133,18.0,0.2756892230576441,0.43859649122807015,3.695094339622641,1.711698113207547,1.3584905660377358,3.5864150943396225,1.2226415094339622,0.2988679245283019,0.027169811320754716,-0.4
Jordan Poole,39,933,165,444,96,288,98,114,9,68,77,119,22,15,69,89,524,1,0.53,25.1,-2.6,,,0.2,0.153,0.133,0.065,NOP,39,933,153,51,152,33.6,51.0,151.0,33.8,50.3,0.3423423423423423,0.5243055555555556,5.864951768488746,5.826366559485531,27.0,2.0,5.0,52.0,5.0,5.0,10.0,50.0,50.0,3.0,42.0,73.0,115.0,1128,1783,21,209,288,154,10.5,13.7,0.0771704180064308,0.1929260450160771,2.0064308681672025,0.1929260450160771,0.1929260450160771,0.3858520900321543,0.1157556270096463,1.6205787781350482,2.8167202572347265,4.437299035369775,43.52411575562701,68.79742765273312,0.8102893890675241,8.064308681672026,11.112540192926046,5.942122186495177,2.5,0.7368421052631579,0.1773049645390071,17.131832797427656,25.1,0.6486486486486487,0.25675675675675674,4.591639871382637,2.662379421221865,0.34726688102893893,2.62379421221865,0.8488745980707396,0.5787781350482315,0.007717041800643087,-2.6
Jordan Walsh,68,1212,136,267,48,125,44,57,85,187,272,54,49,31,35,137,364,1,0.623,11.7,1.6,,,1.9,0.337,0.172,0.022,BOS,68,1212,144,48,117,41.0,48.0,116.0,41.4,61.5,0.4382022471910112,0.928,3.4752475247524752,3.445544554455445,22.0,30.0,77.0,117.0,8.0,8.0,16.0,50.0,50.0,0.0,109.0,82.0,191.0,914,730,7,108,148,65,5.9,7.1,0.8910891089108911,2.287128712871287,3.4752475247524752,0.2376237623762376,0.2376237623762376,0.4752475247524752,0.0,3.237623762376238,2.435643564356436,5.673267326732673,27.14851485148515,21.683168316831683,0.2079207920792079,3.207920792079208,4.396039603960396,1.9306930693069304,2.566666666666667,0.6018518518518519,3.2822757111597376,7.930693069306931,11.7,0.4681647940074906,0.21348314606741572,1.6039603960396038,1.0396039603960396,2.5247524752475248,5.554455445544554,1.4554455445544554,0.9207920792079207,0.05643564356435643,1.6
Jose Alvarado,138,2740,374,898,202,574,70,92,52,290,342,468,132,16,154,258,1020,3,0.543,16.8,0.3,,,2.4,0.131,0.156,0.073,NYK,69,1370,204,68,178,38.2,68.0,177.0,38.4,57.3,0.198218262806236,0.3083623693379791,2.338686131386861,2.3255474452554745,28.0,6.0,13.0,151.0,10.0,16.0,26.0,38.5,61.5,1.0,28.0,52.0,80.0,2263,2825,36,382,572,287,10.3,12.7,0.0788321167883211,0.1708029197080292,1.983941605839416,0.1313868613138686,0.2102189781021897,0.3416058394160584,0.0131386861313868,0.3678832116788321,0.6832116788321168,1.051094890510949,29.732846715328467,37.11678832116788,0.472992700729927,5.018978102189781,7.515328467153284,3.770802919708029,2.1666666666666665,0.7513089005235603,0.2651347768448961,11.798540145985402,16.8,0.6391982182628062,0.10244988864142539,6.148905109489051,2.023357664233577,0.6832116788321168,3.81021897810219,1.7343065693430657,0.21021897810218979,0.031532846715328466,0.3
Josh Giddey,54,1731,321,717,103,283,174,228,67,381,448,494,55,27,196,90,919,1,0.562,24.4,0.4,,,1.7,0.261,0.262,0.082,CHI,54,1731,209,70,183,38.3,69.0,180.0,38.3,57.1,0.2552301255230125,0.6360424028268551,3.805892547660312,3.7435008665511273,23.0,7.0,15.0,101.0,23.0,16.0,39.0,59.0,41.0,2.0,110.0,160.0,270.0,3873,4537,57,880,1260,587,12.8,15.2,0.145580589254766,0.3119584055459272,2.10051993067591,0.4783362218370884,0.3327556325823224,0.8110918544194108,0.0415944540727903,2.287694974003466,3.3275563258232235,5.6152512998266895,80.54766031195841,94.35701906412478,1.1854419410745234,18.301559792027728,26.204506065857885,12.207972270363951,2.142857142857143,0.6670454545454545,0.1807384456493674,14.911611785095321,24.4,0.3947001394700139,0.3179916317991632,10.273830155979203,4.076256499133449,1.3934142114384749,7.923743500866552,1.1438474870017332,0.561525129982669,0.03535528596187175,0.4
Josh Green,58,908,83,181,58,138,25,28,45,57,102,47,35,6,35,64,249,1,0.644,10.6,1.0,,,0.9,0.138,0.083,0.017,CHA,58,908,173,58,132,43.9,57.0,131.0,43.5,65.5,0.7292817679558011,0.9492753623188406,5.233480176211454,5.193832599118943,25.0,16.0,37.0,70.0,15.0,8.0,23.0,65.2,34.8,1.0,58.0,48.0,106.0,549,457,6,76,117,56,8.6,10.2,0.6343612334801763,1.4669603524229076,2.7753303964757707,0.5947136563876652,0.3171806167400881,0.9118942731277532,0.039647577092511,2.299559471365639,1.9030837004405283,4.202643171806168,21.766519823788546,18.11894273127753,0.237885462555066,3.013215859030837,4.638766519823789,2.2202643171806167,2.3125,0.7368421052631579,2.914389799635701,7.176211453744494,10.6,0.7624309392265194,0.15469613259668508,1.8634361233480177,1.3876651982378856,1.7841409691629957,2.2599118942731278,1.3876651982378856,0.2378854625550661,0.035682819383259914,1.0
Josh Hart,66,1994,301,592,100,242,90,125,93,393,486,317,75,17,128,165,792,1,0.612,16.7,2.0,,,3.0,0.294,0.157,0.141,NYK,66,1994,197,66,168,39.3,65.0,161.0,40.4,58.6,0.2837837837837837,0.6652892561983471,3.033099297893681,2.9067201604814445,31.0,57.0,135.0,194.0,24.0,32.0,56.0,42.9,57.1,3.0,150.0,198.0,348.0,3018,2751,46,539,823,387,10.5,12.8,1.029087261785356,2.4373119358074224,3.502507522567703,0.4332998996990972,0.5777331995987964,1.0110330992978938,0.0541624874623871,2.7081243731193583,3.5747241725175525,6.28284854563691,54.487462387161486,49.66700100300903,0.8304914744232698,9.731193580742229,14.858575727181544,6.986960882647944,2.3684210526315788,0.7179962894248608,1.8886679920477136,10.688064192577734,16.7,0.40878378378378377,0.21114864864864866,5.723169508525578,2.3109327983951857,1.6790371113340021,7.095285857572719,1.3540621865596791,0.3069207622868606,0.054162487462387165,2.0
Josh Minott,98,1668,252,504,128,306,96,122,96,220,316,92,88,48,86,146,728,3,0.653,16.8,1.1,,,2.3,0.214,0.151,0.028,BKN,49,834,165,55,134,41.0,55.0,132.0,41.7,61.6,0.2658730158730158,0.4313725490196078,2.892086330935252,2.848920863309353,23.0,19.0,48.0,109.0,14.0,9.0,23.0,60.9,39.1,0.0,94.0,68.0,162.0,612,618,5,82,117,54,7.5,8.8,0.4100719424460431,1.0359712230215827,2.352517985611511,0.302158273381295,0.1942446043165467,0.4964028776978417,0.0,2.028776978417266,1.4676258992805755,3.4964028776978417,13.20863309352518,13.338129496402878,0.1079136690647482,1.7697841726618706,2.525179856115108,1.1654676258992809,2.526315789473684,0.6585365853658537,3.104575163398693,10.877697841726619,16.8,0.6071428571428571,0.24206349206349206,1.985611510791367,1.856115107913669,2.0719424460431655,4.7482014388489215,1.8992805755395685,1.0359712230215827,0.04964028776978417,1.1
Josh Okogie,78,1354,125,294,62,161,41,69,81,119,200,69,63,16,41,107,353,1,0.544,11.3,1.1,,,1.6,0.245,0.167,0.04,HOU,78,1354,185,62,158,39.2,61.0,154.0,39.6,58.5,0.5374149659863946,0.9565217391304348,4.200886262924668,4.09453471196455,27.0,15.0,32.0,130.0,26.0,22.0,48.0,54.2,45.8,2.0,88.0,63.0,151.0,961,862,13,135,166,86,7.2,8.9,0.3988183161004431,0.8508124076809453,3.4564254062038406,0.691285081240768,0.5849335302806499,1.276218611521418,0.053175775480059,2.3397341211225995,1.675036927621861,4.014771048744461,25.55096011816839,22.918759231905465,0.345642540620384,3.5893648449039883,4.413589364844904,2.2865583456425407,2.1333333333333333,0.6370370370370371,1.5608740894901143,7.816838995568685,11.3,0.5476190476190477,0.23469387755102042,1.8345642540620384,1.0901033973412113,2.153618906942393,3.1639586410635157,1.675036927621861,0.4254062038404727,0.04254062038404727,1.1
Jrue Holiday,53,1560,320,709,137,362,88,105,71,174,245,322,54,6,146,78,865,1,0.573,23.5,-0.5,,,1.5,0.14,0.207,0.142,POR,53,1560,155,52,121,43.0,51.0,118.0,43.2,64.0,0.1706629055007052,0.3259668508287293,2.792307692307692,2.723076923076923,36.0,10.0,24.0,115.0,17.0,13.0,30.0,56.7,43.3,0.0,51.0,78.0,129.0,2602,3493,37,603,829,400,12.4,15.4,0.2307692307692307,0.5538461538461539,2.6538461538461537,0.3923076923076923,0.3,0.6923076923076923,0.0,1.176923076923077,1.8,2.976923076923077,60.04615384615385,80.6076923076923,0.8538461538461538,13.915384615384616,19.130769230769232,9.23076923076923,2.4,0.6633499170812603,0.3843197540353574,16.361538461538462,23.5,0.5105782792665726,0.14809590973201692,7.430769230769231,3.3692307692307693,1.6384615384615386,4.015384615384615,1.2461538461538462,0.13846153846153847,0.03461538461538462,-0.5
Julian Champagnie,82,2266,301,689,195,512,114,135,74,399,473,127,62,38,69,131,911,1,0.609,15.2,0.8,,,3.4,0.154,0.078,0.024,SAS,82,2266,533,178,461,38.6,177.0,460.0,38.5,57.8,0.6690856313497823,0.8984375,7.323918799646955,7.308031774051192,25.0,66.0,141.0,124.0,12.0,31.0,43.0,27.9,72.1,0.0,202.0,121.0,323.0,2258,2185,25,238,336,169,5.6,7.5,1.0485436893203883,2.240070609002648,1.969991173874669,0.1906443071491615,0.4924977934686672,0.6831421006178288,0.0,3.209179170344219,1.922330097087379,5.131509267431597,35.872903795233896,34.71315092674316,0.3971756398940865,3.781112091791704,5.338040600176522,2.684907325684025,2.136363636363636,0.7100840336134454,2.9229406554472983,10.946160635481023,15.2,0.7431059506531205,0.19593613933236576,2.017652250661959,1.0962047661076786,1.1756398940864958,6.33892321270962,0.9849955869373345,0.6037069726390114,0.05401588702559576,0.8
Julian Phillips,96,856,102,242,40,130,36,46,46,52,98,20,44,14,22,86,280,3,0.534,13.9,-0.3,,,0.6,0.314,0.124,0.025,MIN,48,427,62,21,64,32.8,20.0,63.0,31.7,48.4,0.2644628099173554,0.4846153846153846,2.691588785046729,2.649532710280374,22.0,7.0,15.0,36.0,4.0,2.0,6.0,66.7,33.3,2.0,32.0,29.0,61.0,230,236,1,20,24,11,4.3,4.8,0.2943925233644859,0.6308411214953271,1.514018691588785,0.1682242990654205,0.0841121495327102,0.2523364485981308,0.0841121495327102,1.3457943925233644,1.219626168224299,2.5654205607476634,9.67289719626168,9.925233644859814,0.0420560747663551,0.8411214953271028,1.0093457943925233,0.4626168224299065,2.142857142857143,0.55,3.0434782608695654,10.177570093457943,13.9,0.5371900826446281,0.19008264462809918,0.8411214953271028,0.9252336448598131,1.9345794392523363,2.1869158878504673,1.8504672897196262,0.5887850467289719,0.02523364485981308,-0.3
Julian Strawther,57,861,149,319,58,150,57,70,12,102,114,61,25,6,36,73,413,1,0.59,19.4,-1.1,,,0.6,0.154,0.241,0.135,DEN,57,861,150,50,117,42.7,50.0,116.0,43.1,64.1,0.3667711598746082,0.7733333333333333,4.89198606271777,4.850174216027875,24.0,9.0,23.0,55.0,6.0,7.0,13.0,46.2,53.8,1.0,46.0,36.0,82.0,806,950,13,122,162,82,7.6,10.2,0.3763066202090592,0.9616724738675958,2.299651567944251,0.2508710801393728,0.2926829268292683,0.5435540069686411,0.0418118466898954,1.923344947735192,1.505226480836237,3.4285714285714284,33.70034843205575,39.721254355400696,0.5435540069686411,5.101045296167247,6.7735191637630665,3.4285714285714284,2.555555555555556,0.6721311475409836,1.1166253101736974,13.337979094076656,19.4,0.4702194357366771,0.219435736677116,2.550522648083624,1.505226480836237,0.5017421602787457,4.2648083623693385,1.0452961672473868,0.25087108013937287,0.025087108013937282,-1.1
Julius Randle,79,2610,580,1207,109,346,398,496,132,400,532,398,86,18,217,223,1667,1,0.585,26.5,0.0,,,3.1,0.27,0.229,0.214,MIN,79,2610,227,78,239,32.6,71.0,213.0,33.3,47.5,0.1980115990057995,0.615606936416185,3.296551724137931,2.9379310344827587,31.0,58.0,144.0,168.0,32.0,23.0,55.0,58.2,41.8,0.0,223.0,147.0,370.0,3058,4123,48,685,1068,476,13.0,15.6,0.8,1.986206896551724,2.317241379310345,0.4413793103448276,0.3172413793103448,0.7586206896551724,0.0,3.075862068965517,2.027586206896552,5.103448275862069,42.179310344827584,56.86896551724138,0.6620689655172414,9.448275862068966,14.73103448275862,6.56551724137931,2.4827586206896552,0.6948905109489051,1.896664486592544,16.648275862068964,26.5,0.2866611433305717,0.4109362054681027,5.489655172413793,2.993103448275862,1.8206896551724139,5.517241379310345,1.186206896551724,0.2482758620689655,0.04275862068965517,0.0
Justin Champagnie,69,1377,232,462,53,166,80,102,145,239,384,84,59,43,45,114,597,1,0.589,16.7,-1.0,,,0.8,0.411,0.212,0.017,WAS,69,1377,138,46,145,31.7,46.0,143.0,32.2,47.6,0.3138528138528138,0.8614457831325302,3.7908496732026142,3.738562091503268,25.0,12.0,28.0,128.0,21.0,10.0,31.0,67.7,32.3,0.0,139.0,94.0,233.0,1467,1069,10,133,209,94,5.7,6.4,0.3137254901960784,0.7320261437908496,3.34640522875817,0.5490196078431373,0.261437908496732,0.8104575163398693,0.0,3.633986928104575,2.457516339869281,6.091503267973856,38.35294117647059,27.94771241830065,0.261437908496732,3.477124183006536,5.4640522875817,2.457516339869281,2.333333333333333,0.706766917293233,0.8179959100204499,12.07843137254902,16.7,0.3593073593073593,0.22077922077922077,2.196078431372549,1.1764705882352942,3.7908496732026147,6.248366013071895,1.542483660130719,1.1241830065359477,0.020915032679738564,-1.0
Justin Edwards,64,977,143,320,67,180,33,39,26,68,94,80,54,11,36,91,386,1,0.572,16.1,0.6,,,0.9,0.159,0.15,0.128,PHI,64,977,174,58,155,37.4,58.0,155.0,37.4,56.1,0.484375,0.8611111111111112,5.711361310133061,5.711361310133061,22.0,19.0,44.0,99.0,3.0,12.0,15.0,20.0,80.0,1.0,40.0,45.0,85.0,1009,1144,12,123,217,100,7.9,9.9,0.7001023541453428,1.6212896622313204,3.647901740020471,0.1105424769703173,0.4421699078812692,0.5527123848515865,0.0368474923234391,1.473899692937564,1.6581371545547594,3.1320368474923237,37.17911975435005,42.15353121801433,0.4421699078812692,4.532241555783009,7.995905834186285,3.68474923234391,2.3157894736842106,0.8130081300813008,1.883052527254708,11.79119754350051,16.1,0.5625,0.121875,2.9477993858751277,1.3265097236438075,0.9580348004094166,2.5056294779938586,1.9897645854657113,0.40532241555783005,0.03316274309109519,0.6
Jusuf Nurkić,41,1083,180,358,25,71,62,113,106,319,425,196,52,22,101,134,447,1,0.548,19.3,1.6,,,1.1,0.263,0.472,0.067,UTA,41,1083,94,36,81,44.4,22.0,62.0,35.5,58.0,0.2262569832402234,0.8732394366197183,2.6925207756232687,2.0609418282548475,31.0,177.0,425.0,112.0,8.0,6.0,14.0,57.1,42.9,0.0,175.0,100.0,275.0,1830,1605,13,304,488,227,10.7,12.4,5.883656509695291,14.12742382271468,3.722991689750693,0.2659279778393352,0.1994459833795014,0.4653739612188365,0.0,5.8171745152354575,3.324099722991689,9.141274238227147,60.83102493074792,53.35180055401662,0.4321329639889196,10.105263157894736,16.221606648199447,7.545706371191136,2.401129943502825,0.7467105263157895,9.672131147540984,11.90027700831025,19.3,0.19832402234636873,0.31564245810055863,6.515235457063712,3.357340720221607,3.5235457063711912,10.603878116343491,1.7285318559556788,0.7313019390581718,0.03656509695290859,1.6
KJ Simpson,40,514,68,198,24,80,22,36,18,56,74,86,32,0,50,36,182,3,0.426,21.8,0.4,,,0.6,0.273,0.182,0.141,DEN,20,258,27,9,30,30.0,9.0,29.0,31.0,45.0,0.1515151515151515,0.3625,2.1011673151750974,2.0311284046692606,23.0,5.0,13.0,28.0,2.0,3.0,5.0,40.0,60.0,1.0,12.0,13.0,25.0,404,542,3,83,110,47,10.6,11.6,0.3501945525291828,0.9105058365758756,1.961089494163424,0.1400778210116731,0.2101167315175097,0.3501945525291828,0.0700389105058365,0.8404669260700389,0.9105058365758756,1.7509727626459144,28.295719844357976,37.961089494163424,0.2101167315175097,5.813229571984436,7.704280155642023,3.291828793774319,2.6,0.5662650602409639,1.2376237623762376,13.867704280155642,21.8,0.40404040404040403,0.18181818181818182,6.023346303501945,3.501945525291829,1.2607003891050583,3.9221789883268485,2.2412451361867705,0.0,0.04202334630350194,0.4
Kam Jones,37,616,68,169,22,75,4,8,15,45,60,119,18,0,36,39,162,1,0.47,14.4,-1.9,,,0.2,0.154,0.337,0.065,IND,37,616,51,18,61,29.5,15.0,57.0,26.3,41.8,0.3609467455621302,0.76,3.564935064935065,3.331168831168831,24.0,2.0,4.0,35.0,4.0,3.0,7.0,57.1,42.9,0.0,42.0,30.0,72.0,993,1227,21,236,310,146,12.0,14.7,0.1168831168831168,0.2337662337662337,2.0454545454545454,0.2337662337662337,0.1753246753246753,0.4090909090909091,0.0,2.4545454545454546,1.7532467532467533,4.207792207792208,58.032467532467535,71.70779220779221,1.2272727272727273,13.792207792207792,18.11688311688312,8.532467532467532,2.0,0.6186440677966102,0.2014098690835851,9.876623376623376,14.4,0.4437869822485207,0.047337278106508875,6.954545454545454,2.103896103896104,0.8766233766233766,2.6298701298701297,1.051948051948052,0.0,0.011688311688311689,-1.9
Karl-Anthony Towns,75,2322,517,1032,113,307,357,416,233,656,889,226,65,40,187,255,1504,1,0.619,25.9,0.6,,,4.0,0.408,0.224,0.071,NYK,75,2322,302,103,284,36.3,96.0,261.0,36.8,53.2,0.2751937984496124,0.8501628664495114,4.403100775193798,4.046511627906977,30.0,138.0,315.0,153.0,20.0,22.0,42.0,47.6,52.4,2.0,313.0,138.0,451.0,2460,2590,34,342,546,274,9.2,11.1,2.13953488372093,4.883720930232558,2.372093023255814,0.3100775193798449,0.3410852713178294,0.6511627906976745,0.0310077519379844,4.852713178294573,2.13953488372093,6.992248062015504,38.13953488372093,40.15503875968992,0.5271317829457365,5.3023255813953485,8.465116279069768,4.248062015503876,2.282608695652174,0.8011695906432749,5.609756097560975,16.0,25.9,0.29748062015503873,0.40310077519379844,3.503875968992248,2.89922480620155,3.6124031007751936,10.170542635658915,1.0077519379844961,0.6201550387596899,0.06201550387596899,0.6
Karlo Matković,62,912,142,235,38,90,30,41,72,157,229,50,25,54,34,105,352,1,0.696,13.1,0.4,,,0.9,0.447,0.157,0.013,NOP,62,912,115,39,94,41.5,37.0,89.0,41.6,61.2,0.4,0.9888888888888888,3.710526315789474,3.513157894736842,25.0,49.0,117.0,63.0,10.0,8.0,18.0,55.6,44.4,2.0,202.0,91.0,293.0,751,638,8,85,126,59,6.7,7.9,1.9342105263157892,4.618421052631579,2.486842105263158,0.3947368421052631,0.3157894736842105,0.7105263157894737,0.0789473684210526,7.973684210526316,3.5921052631578947,11.56578947368421,29.644736842105264,25.18421052631579,0.3157894736842105,3.3552631578947367,4.973684210526316,2.3289473684210527,2.3877551020408165,0.6941176470588235,6.524633821571238,9.276315789473683,13.1,0.3829787234042553,0.17446808510638298,1.9736842105263157,1.3421052631578947,2.8421052631578947,6.197368421052631,0.9868421052631579,2.131578947368421,0.035526315789473684,0.4
Kasparas Jakučionis,53,945,102,238,66,156,58,66,43,95,138,137,33,7,50,99,328,1,0.614,13.7,0.6,,,0.9,0.189,0.126,0.029,MIA,53,945,186,62,129,48.1,62.0,129.0,48.1,72.1,0.542016806722689,0.8269230769230769,4.914285714285715,4.914285714285715,20.0,4.0,8.0,88.0,8.0,17.0,25.0,32.0,68.0,3.0,81.0,79.0,160.0,1348,1516,13,238,350,159,10.2,11.8,0.1523809523809524,0.3047619047619048,3.3523809523809525,0.3047619047619048,0.6476190476190476,0.9523809523809524,0.1142857142857142,3.085714285714286,3.009523809523809,6.095238095238095,51.35238095238096,57.75238095238095,0.4952380952380952,9.066666666666666,13.333333333333334,6.057142857142857,2.0,0.6680672268907563,0.2967359050445103,9.066666666666668,13.7,0.6554621848739496,0.2773109243697479,5.219047619047619,1.9047619047619049,1.6380952380952383,3.6190476190476195,1.2571428571428573,0.2666666666666667,0.03428571428571429,0.6
Kawhi Leonard,65,2085,635,1258,172,445,371,416,71,342,413,234,122,27,133,78,1813,1,0.629,33.5,0.6,,,2.7,0.128,0.205,0.313,LAC,65,2085,241,84,212,39.6,73.0,184.0,39.7,56.8,0.1685214626391097,0.4134831460674157,3.660431654676259,3.176978417266187,35.0,13.0,31.0,220.0,27.0,17.0,44.0,61.4,38.6,0.0,105.0,140.0,245.0,1979,3119,67,453,605,316,11.8,16.0,0.2244604316546762,0.5352517985611511,3.7985611510791366,0.4661870503597122,0.2935251798561151,0.7597122302158273,0.0,1.8129496402877696,2.41726618705036,4.23021582733813,34.16978417266187,53.85323741007194,1.1568345323741007,7.821582733812949,10.446043165467628,5.456115107913669,2.3846153846153846,0.6975717439293598,0.6568974229408793,21.720863309352517,33.5,0.3537360890302067,0.33068362480127184,4.040287769784173,2.2964028776978416,1.2258992805755395,5.905035971223022,2.1064748201438848,0.4661870503597122,0.04661870503597122,0.6
Keaton Wallace,53,536,68,171,38,102,12,18,3,53,56,94,24,5,28,48,186,1,0.52,16.1,0.3,,,0.6,0.041,0.123,0.239,ATL,53,536,81,27,67,40.3,27.0,66.0,40.9,60.4,0.391812865497076,0.6470588235294118,4.5,4.432835820895522,27.0,6.0,14.0,43.0,3.0,9.0,12.0,25.0,75.0,0.0,38.0,50.0,88.0,1004,1334,16,204,240,117,9.4,11.7,0.4029850746268656,0.9402985074626866,2.888059701492537,0.2014925373134328,0.6044776119402985,0.8059701492537313,0.0,2.5522388059701493,3.3582089552238807,5.91044776119403,67.43283582089552,89.59701492537313,1.0746268656716418,13.701492537313433,16.119402985074625,7.858208955223881,2.333333333333333,0.5735294117647058,0.5976095617529881,11.485074626865671,16.1,0.5964912280701754,0.10526315789473684,6.313432835820896,1.8805970149253732,0.20149253731343283,3.5597014925373136,1.6119402985074627,0.33582089552238803,0.04029850746268657,0.3
Keegan Murray,23,793,126,300,31,112,38,49,33,99,132,38,24,36,27,42,321,1,0.499,18.7,-1.0,,,0.4,0.083,0.24,0.303,SAC,23,793,104,38,110,34.5,28.0,91.0,30.8,47.3,0.3666666666666666,0.8125,4.993694829760403,4.131147540983607,25.0,8.0,18.0,51.0,6.0,7.0,13.0,46.2,53.8,1.0,131.0,48.0,179.0,685,625,4,80,98,48,5.5,7.0,0.3631778058007566,0.8171500630517023,2.3152585119798235,0.2723833543505675,0.317780580075662,0.5901639344262295,0.0453972257250945,5.9470365699873895,2.17906683480454,8.126103404791928,31.097099621689782,28.373266078184116,0.1815889029003783,3.631778058007566,4.448928121059269,2.17906683480454,2.25,0.6,1.167883211678832,13.619167717528374,18.7,0.37333333333333335,0.16333333333333333,1.7250945775535942,1.2257250945775537,1.4981084489281211,4.494325346784364,1.08953341740227,1.634300126103405,0.018158890290037834,-1.0
Kel'el Ware,77,1704,344,649,92,233,71,96,217,477,694,56,59,84,62,119,851,1,0.616,18.0,0.1,,,3.0,0.441,0.171,0.029,MIA,77,1704,275,93,227,41.0,89.0,218.0,40.8,60.6,0.349768875192604,0.9356223175965666,4.795774647887324,4.605633802816901,22.0,58.0,134.0,107.0,17.0,18.0,35.0,48.6,51.4,0.0,354.0,126.0,480.0,1641,1021,15,67,149,76,3.4,4.6,1.2253521126760565,2.830985915492957,2.26056338028169,0.3591549295774648,0.380281690140845,0.7394366197183099,0.0,7.47887323943662,2.6619718309859155,10.140845070422536,34.66901408450704,21.570422535211268,0.3169014084507042,1.4154929577464788,3.147887323943662,1.6056338028169015,2.310344827586207,1.1343283582089552,3.534430225472273,13.711267605633802,18.0,0.35901386748844377,0.14791987673343607,1.1830985915492958,1.3098591549295775,4.584507042253521,10.077464788732394,1.2464788732394365,1.7746478873239435,0.06338028169014084,0.1
Keldon Johnson,82,1911,414,797,99,273,154,194,137,303,440,111,46,11,70,162,1081,1,0.613,21.0,-0.3,,,2.6,0.344,0.3,0.0139999999999999,SAS,82,1911,272,91,251,36.3,90.0,248.0,36.3,54.2,0.3149309912170639,0.9084249084249084,4.728414442700157,4.671899529042387,26.0,19.0,42.0,91.0,15.0,22.0,37.0,40.5,59.5,1.0,141.0,98.0,239.0,2012,1802,28,205,291,152,5.5,7.6,0.3579277864992151,0.7912087912087912,1.7142857142857142,0.282574568288854,0.4144427001569858,0.6970172684458399,0.0188383045525902,2.656200941915228,1.8461538461538465,4.5023547880690735,37.90266875981162,33.94662480376766,0.5274725274725275,3.8618524332810047,5.481946624803768,2.8634222919937207,2.210526315789474,0.7414634146341463,0.9443339960238568,15.014128728414441,21.0,0.342534504391468,0.24341279799247176,2.0910518053375196,1.3186813186813187,2.580847723704866,5.7080062794348505,0.8665620094191522,0.2072213500784929,0.04897959183673469,-0.3
Kelly Oubre Jr.,50,1574,254,544,86,239,111,145,50,202,252,80,68,24,69,127,705,1,0.58,18.2,-0.1,,,1.6,0.224,0.244,0.092,PHI,50,1574,239,80,211,37.9,79.0,208.0,38.0,56.6,0.3878676470588235,0.8702928870292888,4.825921219822109,4.757306226175349,30.0,13.0,34.0,212.0,11.0,17.0,28.0,39.3,60.7,0.0,92.0,84.0,176.0,1568,1554,14,134,197,100,5.1,6.4,0.2973316391359593,0.7776365946632783,4.848792884371029,0.2515883100381194,0.3888182973316391,0.6404066073697586,0.0,2.1041931385006354,1.921219822109276,4.025412960609911,35.86277001270648,35.5425667090216,0.3202033036848793,3.064803049555273,4.50571791613723,2.2871664548919948,2.6153846153846154,0.746268656716418,0.8290816326530612,12.44218551461245,18.2,0.43933823529411764,0.2665441176470588,1.8297331639135959,1.5781448538754763,1.1435832274459974,4.620076238881829,1.5552731893265563,0.5489199491740787,0.03659466327827192,-0.1
Kenrich Williams,56,855,140,296,50,129,33,52,59,128,187,79,31,5,43,59,363,1,0.569,18.3,0.3,,,1.5,0.264,0.155,0.145,OKC,56,855,133,45,109,41.3,43.0,105.0,41.0,61.0,0.3682432432432432,0.813953488372093,4.589473684210526,4.421052631578948,31.0,38.0,88.0,74.0,6.0,5.0,11.0,54.5,45.5,6.0,54.0,56.0,110.0,839,807,9,131,203,94,9.4,11.2,1.6,3.705263157894737,3.1157894736842104,0.2526315789473684,0.2105263157894736,0.4631578947368421,0.2526315789473684,2.273684210526316,2.357894736842105,4.631578947368421,35.32631578947368,33.97894736842105,0.3789473684210526,5.515789473684211,8.547368421052632,3.957894736842105,2.3157894736842106,0.7175572519083969,4.529201430274136,12.463157894736842,18.3,0.4358108108108108,0.17567567567567569,3.3263157894736843,1.8105263157894735,2.484210526315789,5.389473684210526,1.305263157894737,0.21052631578947367,0.06315789473684211,0.3
Kentavious Caldwell-Pope,51,1088,150,366,55,174,73,80,20,105,125,139,43,8,61,57,428,1,0.533,17.7,-0.2,,,0.5,0.101,0.161,0.262,MEM,51,1088,125,44,129,34.1,37.0,118.0,31.4,48.4,0.3524590163934426,0.6781609195402298,4.268382352941177,3.904411764705882,33.0,3.0,8.0,69.0,13.0,9.0,22.0,59.1,40.9,0.0,24.0,36.0,60.0,1552,1638,19,249,356,174,9.0,11.2,0.0992647058823529,0.2647058823529412,2.2830882352941178,0.4301470588235294,0.2977941176470588,0.7279411764705882,0.0,0.7941176470588235,1.1911764705882353,1.9852941176470589,51.35294117647059,54.1985294117647,0.6286764705882353,8.238970588235293,11.779411764705882,5.757352941176471,2.6666666666666665,0.6987951807228916,0.1932989690721649,12.11029411764706,17.7,0.47540983606557374,0.2185792349726776,4.599264705882353,2.0183823529411766,0.6617647058823529,3.474264705882353,1.4227941176470589,0.2647058823529412,0.016544117647058824,-0.2
Keon Ellis,144,2956,338,768,182,502,102,140,76,194,270,144,166,92,82,268,960,3,0.579,13.0,1.3,,,2.4,0.143,0.115,0.088,CLE,72,1479,207,69,196,35.2,69.0,194.0,35.6,52.8,0.2552083333333333,0.3864541832669322,2.3870094722598107,2.3626522327469552,26.0,24.0,51.0,194.0,11.0,17.0,28.0,39.3,60.7,0.0,95.0,111.0,206.0,1236,1219,18,143,189,97,5.8,7.8,0.2922868741542625,0.6211096075778079,2.3626522327469552,0.1339648173207036,0.2070365358592693,0.3410013531799729,0.0,1.1569688768606226,1.3518267929634642,2.5087956698240865,15.05277401894452,14.84573748308525,0.2192151556156968,1.7415426251691477,2.301759133964817,1.1813261163734776,2.125,0.6783216783216783,1.941747572815534,9.3531799729364,13.0,0.6536458333333334,0.18229166666666666,1.753721244925575,0.9986468200270636,0.925575101488498,2.3626522327469552,2.0216508795669825,1.1204330175913395,0.02922868741542625,1.3
Kevin Durant,78,2840,716,1376,186,450,408,467,41,385,426,372,62,71,246,142,2026,1,0.641,27.1,0.1,,,3.2,0.065,0.145,0.4629999999999999,HOU,78,2840,451,165,362,45.6,121.0,287.0,42.2,62.3,0.2630813953488372,0.6377777777777778,4.588732394366197,3.638028169014084,37.0,36.0,80.0,120.0,18.0,23.0,41.0,43.9,56.1,0.0,239.0,212.0,451.0,2975,4250,96,663,920,515,12.5,17.3,0.4563380281690141,1.0140845070422535,1.5211267605633805,0.228169014084507,0.2915492957746479,0.5197183098591549,0.0,3.029577464788733,2.687323943661972,5.716901408450704,37.7112676056338,53.87323943661972,1.2169014084507042,8.404225352112675,11.661971830985916,6.528169014084507,2.2222222222222223,0.7767722473604827,1.2100840336134453,17.442253521126762,27.1,0.32703488372093026,0.3393895348837209,4.715492957746479,3.11830985915493,0.5197183098591549,4.880281690140845,0.7859154929577465,0.9,0.040563380281690146,0.1
Kevin Huerter,138,3098,538,1192,200,650,110,142,68,412,480,356,126,66,144,230,1386,3,0.552,18.8,0.5,,,3.4,0.21,0.18,0.065,DET,69,1549,245,82,270,30.4,81.0,268.0,30.2,45.4,0.2265100671140939,0.4123076923076923,3.1375080697224016,3.114267269205939,27.0,22.0,49.0,118.0,7.0,12.0,19.0,36.8,63.2,1.0,138.0,120.0,258.0,1795,1816,34,289,456,237,9.9,13.2,0.2556488056810845,0.5693996126533247,1.3712072304712717,0.0813428018076178,0.1394448030987734,0.2207876049063912,0.0116204002582311,1.603615235635894,1.394448030987734,2.998063266623628,20.858618463524856,21.10264686894771,0.395093608779858,3.358295674628793,5.2989025177533895,2.7540348612007746,2.227272727272727,0.8200692041522492,1.2256267409470751,13.85151710781149,18.8,0.5453020134228188,0.11912751677852348,4.136862491930278,1.6733376371852808,0.7901872175597159,4.78760490639122,1.4641704325371208,0.7669464170432537,0.039509360877985795,0.5
Kevin Love,37,613,79,199,53,142,37,44,55,160,215,67,14,9,30,54,248,1,0.568,16.6,-0.9,,,0.3,0.151,0.085,0.05,UTA,37,613,149,51,128,39.8,47.0,121.0,38.8,58.2,0.6432160804020101,0.852112676056338,7.517128874388255,7.106035889070147,37.0,43.0,100.0,31.0,7.0,12.0,19.0,36.8,63.2,3.0,39.0,35.0,74.0,855,622,13,91,160,85,7.8,9.9,2.525285481239804,5.872756933115824,1.8205546492659053,0.4110929853181077,0.7047308319738989,1.1158238172920063,0.1761827079934747,2.2903752039151715,2.0554649265905383,4.345840130505709,50.21207177814029,36.52854812398042,0.763458401305057,5.3442088091354,9.396411092985318,4.99184339314845,2.3255813953488373,0.934065934065934,5.029239766081871,11.68678629690049,16.6,0.7135678391959799,0.22110552763819097,3.934747145187602,1.7618270799347473,3.2300163132137034,9.396411092985318,0.8221859706362153,0.5285481239804242,0.017618270799347472,-0.9
Kevin Porter Jr.,38,1261,239,514,46,143,137,156,34,164,198,280,83,19,110,88,661,1,0.567,24.3,1.2,,,1.3,0.251,0.21,0.26,MIL,38,1261,66,22,62,35.5,22.0,61.0,36.1,53.2,0.1206225680933852,0.4265734265734265,1.7700237906423473,1.741475019825535,26.0,3.0,6.0,142.0,14.0,25.0,39.0,35.9,64.1,0.0,103.0,87.0,190.0,2231,3131,35,510,720,338,12.6,15.2,0.0856463124504361,0.1712926249008723,4.053925455987312,0.3996827914353688,0.7137192704203014,1.11340206185567,0.0,2.9405233941316418,2.4837430610626487,5.4242664551942905,63.69230769230769,89.38620142743854,0.999206978588422,14.559873116574147,20.55511498810468,9.649484536082474,2.0,0.6627450980392157,0.1344688480502017,14.674068199841395,24.3,0.2782101167315175,0.3035019455252918,7.993655828707375,3.140364789849326,0.9706582077716098,4.681998413957177,2.3695479777954005,0.542426645519429,0.03711340206185567,1.2
Keyonte George,54,1786,402,881,134,361,337,378,23,176,199,332,58,14,166,120,1275,1,0.609,27.9,-2.1,,,0.1,0.101,0.276,0.213,UTA,54,1786,246,85,199,42.7,76.0,183.0,41.5,61.8,0.2258796821793416,0.5069252077562327,4.011198208286674,3.6886898096304592,22.0,25.0,58.0,94.0,14.0,17.0,31.0,45.2,54.8,2.0,66.0,106.0,172.0,2912,4277,65,608,823,424,11.4,14.6,0.503919372900336,1.1690929451287797,1.894736842105263,0.2821948488241881,0.3426651735722284,0.6248600223964166,0.0403135498320268,1.3303471444568868,2.1366181410974243,3.4669652855543114,58.69652855543113,86.21052631578948,1.3101903695408734,12.25531914893617,16.58902575587906,8.546472564389697,2.32,0.6973684210526315,0.8585164835164835,17.758118701007838,27.9,0.4097616345062429,0.42905788876276957,6.692049272116461,3.3460246360582304,0.46360582306830905,3.547592385218365,1.1690929451287795,0.2821948488241881,0.002015677491601344,-2.1
Khris Middleton,126,2878,454,1080,134,372,238,272,102,360,462,352,82,18,216,288,1280,3,0.533,20.6,-1.5,,,1.0,0.081,0.161,0.413,DAL,63,1439,162,58,146,39.7,46.0,118.0,39.0,55.5,0.1351851851851851,0.3172043010752688,1.826268241834608,1.4760250173731757,34.0,16.0,38.0,99.0,13.0,8.0,21.0,61.9,38.1,5.0,74.0,79.0,153.0,1229,1586,21,328,456,223,14.3,18.1,0.2001389854065323,0.4753300903405142,1.2383599722029186,0.1626129256428075,0.1000694927032661,0.2626824183460736,0.0625434329395413,0.925642807505212,0.9881862404447532,1.9138290479499651,15.373175816539264,19.838776928422515,0.2626824183460736,4.102849200833912,5.7039610840861705,2.789437109103544,2.375,0.6798780487804879,1.301871440195281,13.509381514940932,20.6,0.34444444444444444,0.2518518518518518,4.4030576789437115,2.7018763029881865,1.2758860319666436,4.503127171646978,1.0257123002084783,0.22515635858234886,0.01250868658790827,-1.5
Klay Thompson,69,1497,286,728,202,527,36,47,18,125,143,96,33,22,63,70,810,1,0.541,22.7,-1.5,,,0.9,0.055,0.037,0.184,DAL,69,1497,472,160,414,38.6,152.0,391.0,38.9,57.0,0.5686813186813187,0.7419354838709677,9.955911823647297,9.402805611222444,36.0,19.0,40.0,45.0,4.0,11.0,15.0,26.7,73.3,0.0,87.0,63.0,150.0,859,1465,18,157,245,133,11.2,15.5,0.4569138276553106,0.9619238476953909,1.0821643286573146,0.096192384769539,0.2645290581162324,0.3607214428857715,0.0,2.092184368737475,1.5150300601202404,3.607214428857716,20.65731462925852,35.23046092184369,0.4328657314629258,3.775551102204409,5.891783567134269,3.1983967935871744,2.1052631578947367,0.8471337579617835,2.211874272409778,17.507014028056112,22.7,0.7239010989010989,0.06456043956043957,2.308617234468938,1.5150300601202404,0.43286573146292584,3.006012024048096,0.7935871743486974,0.5290581162324649,0.021643286573146292,-1.5
Kobe Brown,122,1926,254,542,104,278,94,118,136,234,370,160,46,24,106,138,706,3,0.594,15.6,-1.4,,,1.1,0.303,0.148,0.037,IND,61,962,138,46,119,38.7,46.0,118.0,39.0,58.0,0.2195571955719557,0.4244604316546763,2.2242990654205608,2.205607476635514,26.0,13.0,29.0,44.0,7.0,9.0,16.0,43.8,56.3,3.0,75.0,45.0,120.0,1021,1013,10,130,201,95,7.8,9.3,0.2429906542056074,0.5420560747663551,0.822429906542056,0.1308411214953271,0.1682242990654205,0.2990654205607476,0.0560747663551401,1.4018691588785046,0.8411214953271028,2.2429906542056077,19.08411214953271,18.93457943925233,0.1869158878504672,2.4299065420560746,3.7570093457943927,1.7757009345794392,2.230769230769231,0.7307692307692307,1.2732615083251717,10.130841121495326,15.6,0.5129151291512916,0.2177121771217712,2.9906542056074765,1.981308411214953,2.542056074766355,4.373831775700935,0.8598130841121495,0.44859813084112143,0.020560747663551402,-1.4
Kobe Sanders,68,1351,179,384,80,196,57,69,29,124,153,109,49,10,81,146,495,1,0.597,16.3,-0.2,,,1.0,0.141,0.159,0.19,LAC,68,1351,238,80,190,42.1,78.0,185.0,42.2,62.6,0.4947916666666667,0.9438775510204082,5.062916358253146,4.929681717246484,24.0,16.0,38.0,94.0,10.0,17.0,27.0,37.0,63.0,1.0,131.0,76.0,207.0,1281,1529,19,199,284,140,8.5,10.9,0.4263508512213175,1.0125832716506291,2.5048112509252407,0.2664692820133235,0.4529977794226499,0.7194670614359734,0.0266469282013323,3.4907475943745374,2.0251665433012582,5.515914137675796,34.134715025906736,40.743153219837154,0.5062916358253146,5.302738712065137,7.567727609178386,3.730569948186528,2.375,0.7035175879396985,1.249024199843872,10.23242042931162,16.3,0.5104166666666666,0.1796875,2.9045151739452257,2.15840118430792,0.7727609178386381,3.304219096965211,1.305699481865285,0.2664692820133235,0.026646928201332347,-0.2
Kon Knueppel,81,2551,515,1084,273,642,195,226,97,335,432,274,57,19,161,169,1498,1,0.633,22.3,-0.4,,,2.5,0.141,0.171,0.096,CHA,81,2551,659,225,518,43.4,209.0,491.0,42.6,63.6,0.477859778597786,0.764797507788162,7.310074480595845,6.929047432379459,20.0,37.0,85.0,144.0,34.0,21.0,55.0,61.8,38.2,3.0,295.0,141.0,436.0,2662,3117,52,510,721,349,10.3,13.1,0.5221481771854175,1.1995295962367698,2.0321442571540573,0.4798118384947079,0.2963543708349667,0.7761662093296746,0.0423363386907095,4.163073304586437,1.989807918463348,6.152881223049785,37.56644453155625,43.9874558996472,0.7338298706389651,7.19717757742062,10.17483339866719,4.925127401019208,2.2972972972972974,0.6843137254901961,1.3899323816679188,15.29753038024304,22.3,0.5922509225092251,0.20848708487084872,3.86671893375147,2.272050176401411,1.3688749509996079,4.727557820462564,0.804390435123481,0.26813014504116034,0.03528028224225794,-0.4
Kris Dunn,82,2230,227,477,80,214,62,81,58,213,271,295,131,14,111,189,596,1,0.581,12.4,1.5,,,2.3,0.187,0.27,0.095,LAC,82,2230,233,79,207,38.2,75.0,199.0,37.7,56.3,0.4339622641509434,0.9299065420560748,3.3417040358744394,3.21255605381166,32.0,45.0,106.0,296.0,14.0,25.0,39.0,35.9,64.1,0.0,108.0,155.0,263.0,3458,3546,46,535,737,369,8.5,10.7,0.726457399103139,1.7112107623318389,4.77847533632287,0.2260089686098654,0.4035874439461883,0.6295964125560538,0.0,1.7434977578475337,2.502242152466368,4.245739910313901,55.82421524663677,57.24484304932736,0.7426008968609865,8.63677130044843,11.897757847533631,5.95695067264574,2.355555555555556,0.6897196261682244,1.3013302486986698,7.700448430493274,12.4,0.44863731656184486,0.16981132075471697,4.762331838565022,1.7919282511210763,0.936322869955157,3.4385650224215247,2.114798206278027,0.22600896860986547,0.037130044843049326,1.5
Kris Murray,57,1333,129,276,34,122,39,57,90,116,206,81,51,22,47,92,331,1,0.55,10.6,0.8,,,1.3,0.388,0.17,0.0,POR,57,1333,102,34,120,28.3,34.0,120.0,28.3,42.5,0.4347826086956521,0.9836065573770492,3.240810202550638,3.240810202550638,25.0,19.0,43.0,101.0,11.0,16.0,27.0,40.7,59.3,2.0,143.0,49.0,192.0,774,677,10,133,211,99,10.5,12.8,0.5131282820705176,1.1612903225806452,2.72768192048012,0.2970742685671418,0.4321080270067516,0.7291822955738935,0.0540135033758439,3.8619654913728434,1.323330832708177,5.18529632408102,20.90322580645161,18.28357089272318,0.2700675168792198,3.5918979744936235,5.698424606151538,2.673668417104276,2.263157894736842,0.7443609022556391,2.454780361757106,7.453863465866466,10.6,0.4420289855072464,0.20652173913043478,2.1875468867216803,1.269317329332333,2.430607651912978,3.1327831957989494,1.377344336084021,0.5941485371342835,0.03510877719429857,0.8
Kristaps Porziņģis,64,1538,346,776,108,320,266,316,80,254,334,162,36,76,82,184,1066,3,0.582,27.3,0.3,,,2.0,0.16,0.198,0.2299999999999999,GSW,32,769,156,53,157,33.8,50.0,145.0,34.5,49.7,0.2023195876288659,0.453125,3.6749024707412223,3.3940182054616383,30.0,46.0,104.0,44.0,8.0,3.0,11.0,72.7,27.3,0.0,225.0,77.0,302.0,793,979,6,121,198,89,10.2,11.2,1.0767230169050714,2.434330299089727,1.0299089726918076,0.1872561768530559,0.0702210663198959,0.2574772431729519,0.0,5.266579973992197,1.8023407022106632,7.068920676202861,18.561768530559167,22.91547464239272,0.1404421326397919,2.832249674902471,4.634590377113134,2.083224967490247,2.260869565217391,0.7355371900826446,5.800756620428752,18.163849154746426,27.3,0.41237113402061853,0.4072164948453608,3.7919375812743827,1.9193758127438232,1.8725617685305593,5.945383615084526,0.8426527958387516,1.7789336801040314,0.04681404421326398,0.3
Kyle Anderson,86,1706,214,404,8,22,96,136,84,216,300,252,90,52,78,192,532,4,0.573,13.2,1.7,,,1.6,0.243,0.559,0.144,MIN,43,853,9,4,15,26.7,1.0,7.0,14.3,30.0,0.0371287128712871,0.3181818181818182,0.3165298944900351,0.1477139507620164,32.0,69.0,161.0,108.0,3.0,2.0,5.0,60.0,40.0,0.0,90.0,62.0,152.0,1158,1005,9,201,306,142,10.9,12.3,1.4560375146541618,3.3974208675263773,2.279015240328253,0.063305978898007,0.0422039859320046,0.1055099648300117,0.0,1.899179366940211,1.308323563892145,3.2075029308323564,24.43610785463072,21.207502930832355,0.1899179366940211,4.241500586166471,6.457209847596718,2.996483001172333,2.333333333333333,0.7064676616915423,5.958549222797927,8.525205158264948,13.2,0.054455445544554455,0.33663366336633666,5.317702227432591,1.6459554513481829,1.772567409144197,4.558030480656506,1.899179366940211,1.0973036342321218,0.03376318874560375,1.7
Kyle Filipowski,77,1801,323,657,74,228,159,212,144,408,552,198,73,39,125,232,879,1,0.586,20.0,-0.5,,,1.3,0.259,0.339,0.055,UTA,77,1801,219,75,224,33.5,69.0,209.0,33.0,48.9,0.3409436834094368,0.9166666666666666,4.477512493059411,4.177679067184897,22.0,112.0,260.0,129.0,22.0,7.0,29.0,75.9,24.1,3.0,259.0,185.0,444.0,2267,1820,29,320,481,237,8.7,10.5,2.238756246529705,5.197112715158245,2.5785674625208217,0.4397556912826207,0.1399222654081066,0.5796779566907274,0.0599666851749028,5.177123820099944,3.6979455857856736,8.875069405885618,45.31482509716824,36.37978900610772,0.5796779566907274,6.396446418656302,9.614658523042754,4.737368128817324,2.321428571428572,0.740625,4.94044993383326,13.13270405330372,20.0,0.3470319634703196,0.3226788432267884,3.957801221543587,2.498611882287618,2.878400888395336,8.155469183786785,1.459189339255969,0.7795669072737368,0.025985563575791227,-0.5
Kyle Kuzma,69,1806,339,689,83,239,135,186,57,256,313,184,46,28,119,134,896,1,0.581,21.8,-1.3,,,1.0,0.3,0.257,0.096,MIL,69,1806,214,73,218,33.5,68.0,199.0,34.2,49.1,0.3164005805515239,0.8326359832635983,4.3455149501661126,3.9667774086378738,30.0,32.0,74.0,55.0,6.0,8.0,14.0,42.9,57.1,3.0,155.0,95.0,250.0,2074,2060,34,351,477,232,8.9,11.2,0.6378737541528239,1.4750830564784052,1.0963455149501662,0.1196013289036544,0.1594684385382059,0.2790697674418604,0.0598006644518272,3.089700996677741,1.893687707641196,4.983388704318937,41.3421926910299,41.06312292358804,0.6777408637873754,6.996677740863787,9.508305647840531,4.6245847176079735,2.3125,0.6609686609686609,1.5429122468659595,13.734219269102988,21.8,0.3468795355587808,0.26995645863570394,3.667774086378737,2.3720930232558137,1.1362126245847175,5.102990033222591,0.9169435215946843,0.5581395348837209,0.019933554817275746,-1.3
Kyshawn George,48,1391,253,577,99,260,105,131,43,202,245,214,48,43,125,169,710,1,0.559,22.8,-0.6,,,0.5,0.135,0.199,0.215,WAS,48,1391,195,65,153,42.5,65.0,152.0,42.8,63.7,0.2651646447140381,0.5846153846153846,3.959741193386053,3.933860531991373,22.0,27.0,65.0,120.0,11.0,15.0,26.0,42.3,57.7,6.0,185.0,138.0,323.0,1920,2238,32,390,540,266,11.1,13.9,0.6987778576563624,1.6822429906542056,3.1056793673616103,0.2846872753414809,0.3882099209202013,0.6728971962616822,0.1552839683680805,4.787922358015816,3.571531272465852,8.359453630481667,49.690869877785765,57.92092020129403,0.8281811646297628,10.093457943925234,13.975557153127246,6.884255930984903,2.4074074074074074,0.6820512820512821,1.40625,14.93314162473041,22.8,0.4506065857885615,0.2270363951473137,5.538461538461538,3.2350826743350107,1.1128684399712436,5.227893601725378,1.242271746944644,1.1128684399712436,0.012940330697340043,-0.6
LaMelo Ball,72,2017,506,1244,272,740,161,179,65,282,347,514,87,17,202,195,1445,1,0.546,32.0,-0.1,,,2.6,0.112,0.185,0.1089999999999999,CHA,72,2017,370,124,333,37.2,122.0,328.0,37.2,55.6,0.267684887459807,0.4432432432432432,5.94348041646009,5.854238968765493,24.0,22.0,53.0,144.0,16.0,24.0,40.0,40.0,60.0,0.0,75.0,61.0,136.0,3515,5081,80,835,1339,637,14.6,18.1,0.3926623698562221,0.9459593455627168,2.5701536936043627,0.285572632622707,0.4283589489340605,0.7139315815567675,0.0,1.338621715418939,1.0887456618740703,2.4273673772930096,62.73673772930094,90.6871591472484,1.427863163113535,14.90332176499752,23.898859692612792,11.369360436291522,2.409090909090909,0.7628742514970059,0.6258890469416786,22.203272186415468,32.0,0.594855305466238,0.14389067524115756,9.174020823004462,3.6053544868616756,1.160138820029747,5.033217649975211,1.5528011898859693,0.3034209221616262,0.04640555280118989,-0.1
Landry Shamet,51,1171,159,364,103,263,54,76,23,69,92,72,31,9,30,77,475,1,0.598,15.7,0.1,,,1.0,0.162,0.038,0.077,NYK,51,1171,237,80,192,41.7,77.0,188.0,41.0,61.7,0.5274725274725275,0.714828897338403,5.90264730999146,5.779675491033305,29.0,19.0,44.0,76.0,3.0,6.0,9.0,33.3,66.7,2.0,103.0,86.0,189.0,997,1215,13,134,191,88,7.2,8.8,0.5841161400512382,1.3526900085397096,2.336464560204953,0.0922288642186165,0.1844577284372331,0.2766865926558497,0.0614859094790777,3.1665243381725023,2.643894107600341,5.810418445772844,30.65072587532024,37.35269000853971,0.3996584116140051,4.119555935098207,5.871904355251921,2.705380017079419,2.3157894736842106,0.6567164179104478,1.9057171514543632,11.190435525192143,15.7,0.7225274725274725,0.2087912087912088,2.2134927412467977,0.9222886421861657,0.7070879590093937,2.121263877028181,0.9530315969257046,0.2766865926558497,0.030742954739538857,0.1
Lauri Markkanen,42,1443,384,805,115,324,240,268,84,205,289,89,42,21,63,77,1123,1,0.608,28.1,-2.0,,,0.3,0.21,0.267,0.12,UTA,42,1443,331,112,300,37.3,107.0,287.0,37.3,55.2,0.3726708074534161,0.8858024691358025,7.484407484407485,7.16008316008316,29.0,50.0,122.0,72.0,7.0,11.0,18.0,38.9,61.1,0.0,182.0,71.0,253.0,1185,1487,14,160,226,107,7.5,9.0,1.2474012474012477,3.043659043659044,1.7962577962577964,0.1746361746361746,0.2744282744282744,0.4490644490644491,0.0,4.54054054054054,1.7713097713097714,6.311850311850312,29.563409563409564,37.0977130977131,0.3492723492723493,3.991683991683992,5.638253638253638,2.6694386694386694,2.44,0.66875,4.219409282700422,20.083160083160084,28.1,0.40248447204968946,0.33291925465838507,2.2203742203742207,1.5717255717255718,2.0956340956340958,5.114345114345115,1.0478170478170479,0.5239085239085239,0.007484407484407485,-2.0
LeBron James,60,1989,473,919,77,243,233,316,43,321,364,432,72,35,179,81,1256,1,0.594,27.2,0.2,,,2.1,0.292,0.235,0.209,LAL,60,1989,139,48,145,33.1,43.0,126.0,34.1,47.9,0.1577801958650707,0.5185185185185185,2.6244343891402715,2.28054298642534,41.0,37.0,87.0,109.0,18.0,18.0,36.0,50.0,50.0,0.0,78.0,71.0,149.0,2802,3771,38,694,1059,505,15.4,18.0,0.669683257918552,1.5746606334841629,1.972850678733032,0.3257918552036199,0.3257918552036199,0.6515837104072398,0.0,1.411764705882353,1.2850678733031675,2.696832579185521,50.71493212669683,68.25339366515837,0.6877828054298643,12.56108597285068,19.16742081447964,9.14027149321267,2.3513513513513518,0.7276657060518732,1.3204853675945754,16.63348416289593,27.2,0.264417845484222,0.3438520130576714,7.8190045248868785,3.2398190045248874,0.7782805429864255,5.809954751131222,1.3031674208144797,0.6334841628959277,0.03800904977375566,0.2
Leonard Miller,92,1438,290,524,64,198,78,106,108,254,362,80,34,30,72,130,722,3,0.633,18.7,-1.1,,,1.2,0.466,0.134,0.023,CHI,46,719,92,31,91,34.1,30.0,89.0,33.7,50.5,0.1736641221374046,0.4494949494949495,2.278164116828929,2.2280945757997217,22.0,31.0,69.0,35.0,6.0,7.0,13.0,46.2,53.8,0.0,111.0,70.0,181.0,849,611,6,59,102,48,4.7,5.7,0.7760778859527121,1.7273991655076495,0.8762169680111266,0.1502086230876217,0.1752433936022253,0.325452016689847,0.0,2.7788595271210013,1.7524339360222532,4.531293463143254,21.25452016689847,15.296244784422807,0.1502086230876217,1.4770514603616134,2.553546592489569,1.2016689847009736,2.225806451612903,0.8135593220338984,3.651354534746761,13.118219749652294,18.7,0.37786259541984735,0.20229007633587787,2.0027816411682893,1.8025034770514603,2.7037552155771905,6.358831710709318,0.8511821974965229,0.7510431154381084,0.030041724617524336,-1.1
Lonzo Ball,35,728,53,176,40,147,14,21,26,114,140,136,45,9,52,46,160,1,0.432,13.7,1.8,,,1.0,0.097,0.023,0.046,CLE,35,728,77,26,107,24.3,25.0,105.0,23.8,36.0,0.6079545454545454,0.7142857142857143,5.291208791208791,5.1923076923076925,28.0,20.0,49.0,77.0,8.0,13.0,21.0,38.1,61.9,0.0,47.0,49.0,96.0,1317,1259,26,236,349,173,10.3,13.1,0.989010989010989,2.423076923076923,3.807692307692308,0.3956043956043956,0.6428571428571429,1.0384615384615383,0.0,2.3241758241758244,2.423076923076923,4.747252747252747,65.12637362637362,62.25824175824176,1.2857142857142858,11.67032967032967,17.25824175824176,8.554945054945055,2.45,0.7330508474576272,1.5186028853454825,8.703296703296703,13.7,0.8352272727272727,0.11931818181818182,6.725274725274725,2.571428571428571,1.2857142857142856,5.637362637362637,2.2252747252747254,0.44505494505494503,0.04945054945054945,1.8
Luguentz Dort,69,1849,202,524,128,372,44,58,56,189,245,85,62,27,54,179,576,1,0.524,14.1,0.8,,,3.0,0.115,0.055,0.12,OKC,69,1849,357,120,340,35.3,117.0,332.0,35.2,52.5,0.648854961832061,0.8924731182795699,6.619794483504597,6.464034613304489,27.0,64.0,146.0,119.0,7.0,13.0,20.0,35.0,65.0,2.0,91.0,163.0,254.0,1295,1418,22,162,224,113,6.6,8.7,1.2460789616008654,2.842617631151974,2.3169280692266088,0.1362898864250946,0.2531097890751758,0.3893996755002704,0.038939967550027,1.7717685235262304,3.173607355327204,4.945375878853434,25.21362898864251,27.60843699296917,0.4283396430502975,3.1541373715521903,4.361276365603029,2.200108166576528,2.28125,0.6975308641975309,4.942084942084942,10.202271498107086,14.1,0.7099236641221374,0.11068702290076336,1.6549486208761492,1.0513791238507302,1.0903190914007572,3.6798269334775555,1.2071389940508384,0.5256895619253651,0.058409951325040566,0.8
Luka Dončić,64,2289,693,1457,254,694,503,645,41,454,495,530,105,34,255,153,2143,1,0.616,38.1,1.3,,,2.9,0.076,0.198,0.249,LAL,64,2289,209,70,186,37.6,69.0,182.0,37.9,56.2,0.1276595744680851,0.2622478386167147,2.925294888597641,2.8623853211009176,27.0,5.0,10.0,196.0,16.0,22.0,38.0,42.1,57.9,14.0,149.0,169.0,318.0,3391,5099,105,830,1297,684,15.6,20.2,0.0786369593709043,0.1572739187418086,3.0825688073394497,0.2516382699868938,0.346002621231979,0.5976408912188729,0.2201834862385321,2.343381389252949,2.657929226736566,5.001310615989515,53.33158584534731,80.19397116644824,1.651376146788991,13.053735255570118,20.398427260812586,10.757536041939712,2.0,0.8240963855421687,0.1474491300501327,22.914809960681517,38.1,0.47632120796156485,0.4426904598490048,8.335517693315857,4.01048492791612,0.6448230668414154,7.140235910878112,1.6513761467889907,0.5347313237221494,0.0456094364351245,1.3
Luka Garza,69,1118,206,357,55,127,90,117,156,125,281,66,27,28,46,161,557,1,0.682,17.7,0.2,,,1.4,0.353,0.232,0.059,BOS,69,1118,184,65,144,45.1,54.0,126.0,42.9,63.9,0.4033613445378151,0.9921259842519684,4.636851520572451,4.057245080500895,27.0,171.0,399.0,92.0,17.0,3.0,20.0,85.0,15.0,5.0,232.0,66.0,298.0,1175,947,8,96,162,74,5.6,6.3,5.506261180679785,12.8479427549195,2.962432915921288,0.5474060822898033,0.0966010733452593,0.6440071556350626,0.1610017889087656,7.470483005366726,2.1252236135957068,9.595706618962431,37.83542039355993,30.49373881932021,0.257602862254025,3.0912343470483004,5.216457960644007,2.382826475849732,2.333333333333333,0.7708333333333334,14.5531914893617,11.495527728085868,17.7,0.3557422969187675,0.3277310924369748,2.1252236135957068,1.4812164579606442,5.023255813953488,4.025044722719142,0.8694096601073346,0.9016100178890878,0.04508050089445438,0.2
Luke Kennard,156,3362,472,886,234,490,126,138,64,300,364,348,110,16,120,202,1304,3,0.689,13.5,0.1,,,2.8,0.113,0.117,0.217,LAL,78,1680,305,104,210,49.5,97.0,199.0,48.7,72.6,0.237020316027088,0.4061224489795918,2.248661511005354,2.130874479476502,30.0,38.0,90.0,105.0,9.0,8.0,17.0,52.9,47.1,0.0,90.0,80.0,170.0,1638,1764,30,288,451,226,10.6,13.8,0.4069006543723973,0.9637120761451516,1.124330755502677,0.0963712076145151,0.0856632956573468,0.182034503271862,0.0,0.9637120761451516,0.8566329565734682,1.82034503271862,17.53955978584176,18.88875669244497,0.3212373587150505,3.0838786436644856,4.829268292682927,2.419988102320048,2.3684210526315788,0.7847222222222222,2.31990231990232,9.48720999405116,13.5,0.5530474040632054,0.15575620767494355,3.7263533610945867,1.2849494348602022,0.6853063652587745,3.2123735871505055,1.1778703152885188,0.17132659131469363,0.029982153480071383,0.1
Luke Kornet,68,1430,175,272,0,0,94,114,181,233,414,126,32,65,28,120,444,1,0.689,10.3,2.1,,,2.3,0.827,0.143,0.03,SAS,68,1430,4,2,5,40.0,0.0,0.0,,40.0,0.0183823529411764,,0.1258741258741259,0.0,30.0,237.0,532.0,58.0,6.0,6.0,12.0,50.0,50.0,4.0,510.0,141.0,651.0,1418,1041,12,186,311,143,8.9,10.1,5.966433566433566,13.393006993006994,1.46013986013986,0.151048951048951,0.151048951048951,0.3020979020979021,0.1006993006993007,12.839160839160838,3.5496503496503498,16.38881118881119,35.697902097902094,26.20699300699301,0.3020979020979021,4.682517482517483,7.829370629370629,3.6,2.2447257383966246,0.7688172043010753,16.713681241184766,6.847552447552448,10.3,0.0,0.41911764705882354,3.1720279720279723,0.704895104895105,4.556643356643357,5.865734265734266,0.8055944055944056,1.6363636363636365,0.0579020979020979,2.1
Malik Monk,62,1364,277,632,124,314,94,107,15,102,117,185,37,24,91,99,772,1,0.568,24.0,-2.1,,,0.2,0.108,0.217,0.179,SAC,62,1364,234,78,172,45.3,78.0,171.0,45.6,68.0,0.2721518987341772,0.5445859872611465,4.53958944281525,4.513196480938417,28.0,20.0,43.0,80.0,13.0,11.0,24.0,54.2,45.8,1.0,88.0,71.0,159.0,1505,2263,20,330,461,225,12.3,15.0,0.5278592375366569,1.1348973607038124,2.1114369501466275,0.3431085043988269,0.2903225806451613,0.6334310850439883,0.0263929618768328,2.3225806451612905,1.873900293255132,4.196480938416422,39.72140762463343,59.72727272727273,0.5278592375366569,8.709677419354838,12.167155425219942,5.93841642228739,2.15,0.6818181818181818,1.32890365448505,16.680351906158357,24.0,0.49683544303797467,0.16930379746835442,4.882697947214076,2.401759530791789,0.3958944281524927,2.6920821114369504,0.9765395894428153,0.6334310850439883,0.00527859237536657,-2.1
Marcus Smart,62,1769,188,476,97,293,106,129,36,136,172,185,87,23,92,162,579,1,0.543,15.4,0.6,,,1.6,0.109,0.162,0.113,LAL,62,1769,262,88,260,33.8,86.0,256.0,33.6,50.4,0.5462184873949579,0.8737201365187713,5.29112492933861,5.209723007348785,32.0,37.0,90.0,172.0,17.0,20.0,37.0,45.9,54.1,20.0,76.0,117.0,193.0,2032,2485,28,312,458,237,9.1,11.7,0.752967778405879,1.831543244771057,3.5002826455624647,0.3459581684567552,0.4070096099491238,0.752967778405879,0.4070096099491238,1.5466365178066703,2.381006218202374,3.927642736009045,41.352176370830975,50.57094403617863,0.5698134539287734,6.349349915206331,9.320520067834934,4.823063877897117,2.4324324324324325,0.7596153846153846,1.820866141732284,9.686828716789147,15.4,0.615546218487395,0.2710084033613445,3.7648388920293954,1.8722442057659696,0.7326172979084229,2.767665347654042,1.7704918032786887,0.4680610514414924,0.03256076879592991,0.6
Mark Williams,60,1416,282,438,1,1,135,175,185,292,477,58,55,55,65,132,700,1,0.68,17.4,0.5,,,2.3,0.626,0.317,0.055,PHX,60,1416,11,5,17,29.4,1.0,1.0,100.0,32.4,0.0388127853881278,1.0,0.4322033898305085,0.0254237288135593,24.0,150.0,351.0,140.0,12.0,13.0,25.0,48.0,52.0,0.0,350.0,153.0,503.0,1508,1101,7,90,146,66,3.8,4.4,3.8135593220338975,8.923728813559322,3.559322033898305,0.3050847457627119,0.3305084745762712,0.635593220338983,0.0,8.898305084745763,3.889830508474576,12.78813559322034,38.33898305084746,27.991525423728813,0.1779661016949152,2.288135593220339,3.711864406779661,1.6779661016949152,2.34,0.7333333333333333,9.946949602122016,11.135593220338984,17.4,0.00228310502283105,0.3995433789954338,1.4745762711864407,1.652542372881356,4.703389830508475,7.423728813559323,1.3983050847457628,1.3983050847457628,0.05847457627118644,0.5
Marvin Bagley III,120,2402,508,822,48,104,190,288,300,432,732,170,56,86,122,246,1254,3,0.661,18.6,-1.0,,,1.6,0.528,0.326,0.019,DAL,60,1201,70,24,53,45.3,22.0,48.0,45.8,66.0,0.0644768856447688,0.4615384615384615,0.794338051623647,0.7194004995836802,27.0,177.0,416.0,57.0,13.0,9.0,22.0,59.1,40.9,7.0,249.0,112.0,361.0,1284,1053,10,130,219,100,6.6,7.8,2.6527893422148208,6.234804329725229,0.8542880932556203,0.1948376353039134,0.13488759367194,0.3297252289758534,0.1049125728559533,3.7318900915903415,1.678601165695254,5.410491257285595,19.243963363863447,15.781848459616986,0.1498751040799334,1.948376353039134,3.282264779350541,1.498751040799334,2.3502824858757063,0.7692307692307693,13.785046728971963,12.319733555370526,18.6,0.12652068126520682,0.35036496350364965,2.5478767693588678,1.8284762697751875,4.496253122398002,6.474604496253122,0.839300582847627,1.2889258950874272,0.023980016652789343,-1.0
Matas Buzelis,77,2248,446,963,173,495,187,238,77,371,448,158,55,116,159,177,1252,1,0.586,22.8,-0.4,,,2.1,0.319,0.145,0.0209999999999999,CHI,77,2248,423,141,384,36.7,141.0,383.0,36.8,55.1,0.3987538940809969,0.7737373737373737,6.149466192170818,6.133451957295374,21.0,29.0,69.0,103.0,19.0,15.0,34.0,55.9,44.1,2.0,398.0,212.0,610.0,2682,2877,32,301,398,198,5.9,7.4,0.4644128113879003,1.104982206405694,1.6494661921708185,0.304270462633452,0.2402135231316726,0.5444839857651246,0.0320284697508896,6.373665480427047,3.395017793594306,9.768683274021353,42.95017793594306,46.0729537366548,0.5124555160142349,4.820284697508897,6.373665480427047,3.170818505338078,2.3793103448275863,0.6578073089700996,1.081282624906786,15.421708185053381,22.8,0.514018691588785,0.24714434060228452,2.530249110320285,2.5462633451957295,1.2330960854092528,5.9412811387900355,0.8807829181494662,1.8576512455516014,0.03362989323843417,-0.4
Max Christie,77,2244,320,725,180,446,125,139,15,234,249,151,47,27,96,98,945,1,0.601,16.5,-0.6,,,1.4,0.137,0.141,0.108,DAL,77,2244,399,133,308,43.2,133.0,307.0,43.3,64.8,0.4248275862068965,0.6883408071748879,4.941176470588236,4.925133689839572,23.0,57.0,124.0,78.0,10.0,12.0,22.0,45.5,54.5,1.0,236.0,138.0,374.0,2056,2341,26,270,373,190,7.3,9.2,0.9144385026737968,1.9893048128342248,1.2513368983957218,0.160427807486631,0.1925133689839572,0.3529411764705882,0.0160427807486631,3.786096256684492,2.213903743315508,6.0,32.98395721925134,37.55614973262032,0.4171122994652406,4.331550802139038,5.983957219251337,3.048128342245989,2.175438596491228,0.7037037037037037,2.772373540856031,11.63101604278075,16.5,0.6151724137931035,0.1917241379310345,2.4224598930481287,1.540106951871658,0.24064171122994654,3.754010695187166,0.7540106951871659,0.4331550802139038,0.022459893048128343,-0.6
Maxime Raynaud,74,1964,383,671,24,74,132,168,142,414,556,100,38,39,94,170,922,1,0.619,18.2,-1.6,,,1.0,0.198,0.534,0.158,SAC,74,1964,127,52,126,41.3,23.0,71.0,32.4,50.4,0.187779433681073,0.9594594594594594,2.309572301425662,1.3014256619144602,23.0,210.0,469.0,77.0,11.0,14.0,25.0,44.0,56.0,0.0,374.0,182.0,556.0,2388,1650,13,163,246,119,4.2,5.0,3.84928716904277,8.59674134419552,1.4114052953156824,0.2016293279022403,0.2566191446028513,0.4582484725050916,0.0,6.855397148676171,3.336048879837067,10.19144602851324,43.77189409368636,30.24439918533605,0.2382892057026476,2.9877800407331976,4.509164969450102,2.1812627291242364,2.2333333333333334,0.7300613496932515,8.793969849246231,12.29938900203666,18.2,0.11028315946348734,0.2503725782414307,1.8329938900203666,1.7230142566191446,2.6028513238289204,7.588594704684318,0.6965376782077393,0.714867617107943,0.018329938900203666,-1.6
Micah Peavy,61,913,106,275,28,108,22,29,46,71,117,61,43,9,20,96,262,1,0.455,14.0,-0.8,,,0.5,0.313,0.2,0.095,NOP,61,913,82,28,103,27.2,26.0,99.0,26.3,39.8,0.3745454545454545,0.9166666666666666,4.061336254107339,3.903614457831325,24.0,11.0,27.0,78.0,8.0,7.0,15.0,53.3,46.7,1.0,61.0,44.0,105.0,635,559,12,100,149,77,9.6,12.1,0.4337349397590361,1.0646221248630887,3.075575027382256,0.3154435925520263,0.276013143483023,0.5914567360350493,0.0394304490690032,2.4052573932092005,1.7349397590361446,4.140197152245345,25.038335158817087,22.04162102957284,0.4731653888280394,3.9430449069003286,5.87513691128149,3.036144578313253,2.4545454545454546,0.77,1.7322834645669292,10.843373493975905,14.0,0.3927272727272727,0.10545454545454545,2.4052573932092005,0.7886089813800657,1.8138006571741512,2.7995618838992335,1.6955093099671414,0.3548740416210296,0.019715224534501644,-0.8
Micah Potter,47,908,151,293,71,168,85,101,58,175,233,69,22,15,47,82,458,1,0.679,18.0,-0.8,,,0.7,0.249,0.143,0.034,IND,47,908,216,73,175,41.7,70.0,166.0,42.2,61.7,0.5972696245733788,0.988095238095238,6.938325991189427,6.581497797356828,28.0,71.0,162.0,46.0,4.0,5.0,9.0,44.4,55.6,0.0,216.0,83.0,299.0,1055,866,6,97,176,79,6.5,7.5,2.814977973568282,6.422907488986784,1.8237885462555063,0.158590308370044,0.198237885462555,0.3568281938325991,0.0,8.56387665198238,3.290748898678414,11.854625550660794,41.82819383259912,34.33480176211454,0.237885462555066,3.845814977973568,6.977973568281938,3.13215859030837,2.2816901408450705,0.8144329896907216,6.729857819905213,11.616740088105727,18.0,0.5733788395904437,0.3447098976109215,2.73568281938326,1.8634361233480177,2.299559471365639,6.938325991189428,0.8722466960352424,0.5947136563876653,0.027753303964757708,-0.8
Michael Porter Jr.,52,1689,444,958,176,485,195,227,69,298,367,158,55,13,122,116,1259,1,0.595,30.5,-1.2,,,1.3,0.185,0.13,0.178,BKN,52,1689,396,137,364,37.6,122.0,325.0,37.5,54.4,0.3799582463465553,0.6701030927835051,7.758436944937833,6.927175843694494,28.0,37.0,82.0,97.0,16.0,15.0,31.0,51.6,48.4,0.0,96.0,66.0,162.0,1800,2203,26,266,391,200,8.8,11.1,0.7886323268206039,1.7477797513321491,2.0674955595026643,0.3410301953818828,0.3197158081705151,0.6607460035523979,0.0,2.0461811722912966,1.4067495559502663,3.452930728241563,38.36589698046181,46.95559502664298,0.5541740674955595,5.6696269982238015,8.33392539964476,4.262877442273535,2.216216216216216,0.7518796992481203,2.055555555555556,20.41918294849023,30.5,0.5062630480167014,0.23695198329853862,3.3676731793960926,2.600355239786856,1.4706927175843696,6.351687388987567,1.1722912966252221,0.27708703374777977,0.027708703374777977,-1.2
Mikal Bridges,82,2692,472,963,156,420,81,98,79,233,312,304,107,62,83,160,1181,1,0.587,17.3,1.4,,,3.3,0.202,0.144,0.217,NYK,82,2692,470,162,422,38.4,146.0,389.0,37.5,55.7,0.4382139148494288,0.9261904761904762,5.643387815750372,5.202080237741456,29.0,23.0,50.0,183.0,18.0,21.0,39.0,46.2,53.8,1.0,277.0,152.0,429.0,3299,3582,64,513,802,384,9.2,11.6,0.3075780089153046,0.6686478454680534,2.447251114413076,0.2407132243684992,0.2808320950965824,0.5215453194650818,0.013372956909361,3.704309063893017,2.0326894502228825,5.736998514115899,44.11738484398217,47.90193164933135,0.8558692421991084,6.860326894502228,10.725111441307575,5.135215453194651,2.1739130434782608,0.7485380116959064,0.6971809639284632,12.878157503714709,17.3,0.43613707165109034,0.10176531671858775,4.065378900445765,1.1099554234769688,1.0564635958395245,3.1158989598811293,1.4309063893016345,0.8291233283803863,0.044130757800891526,1.4
Mike Conley,54,991,72,215,56,166,45,50,18,75,93,157,35,14,34,84,245,1,0.517,11.5,1.0,,,1.0,0.056,0.107,0.065,MIN,54,991,123,41,110,37.3,41.0,108.0,38.0,55.9,0.5116279069767442,0.6506024096385542,3.995963673057518,3.923309788092836,38.0,17.0,41.0,69.0,9.0,11.0,20.0,45.0,55.0,0.0,62.0,50.0,112.0,1699,1944,28,274,399,201,9.2,11.8,0.6175580221997982,1.489404641775984,2.506559031281534,0.3269424823410696,0.3995963673057517,0.7265388496468214,0.0,2.2522704339051463,1.8163471241170532,4.0686175580222,61.71947527749748,70.61957618567104,1.01715438950555,9.953582240161452,14.494450050454088,7.301715438950555,2.411764705882353,0.7335766423357665,1.0005885815185402,7.81029263370333,11.5,0.772093023255814,0.23255813953488372,5.703329969727548,1.2351160443995963,0.6538849646821393,2.7245206861755804,1.2714429868819375,0.508577194752775,0.03632694248234107,1.0
Miles Bridges,77,2387,479,1042,148,445,208,253,75,375,450,246,46,34,107,131,1314,1,0.57,22.3,-0.1,,,2.5,0.231,0.286,0.055,CHA,77,2387,359,121,331,36.6,117.0,321.0,36.4,54.2,0.3176583493282149,0.7213483146067415,4.99204021784667,4.8412232928361965,28.0,48.0,123.0,99.0,26.0,14.0,40.0,65.0,35.0,0.0,250.0,206.0,456.0,2616,3035,45,448,669,303,9.4,11.6,0.7239212400502724,1.8550481776288228,1.4930875576036866,0.3921240050272308,0.2111436950146627,0.6032677000418936,0.0,3.7704231252618343,3.106828655215752,6.877251780477587,39.45370758273984,45.772936740678674,0.6786761625471303,6.756598240469208,10.089652283200673,4.569752827817344,2.5625,0.6763392857142857,1.834862385321101,15.715123586091329,22.3,0.42706333973128596,0.24280230326295585,3.7100963552576456,1.6137410976120654,1.1311269375785504,5.655634687892753,0.6937578550481777,0.5127775450356096,0.03770423125261835,-0.1
Miles McBride,41,1080,171,404,112,271,37,47,24,76,100,106,35,9,33,70,491,1,0.578,18.2,0.2,,,1.1,0.064,0.087,0.178,NYK,41,1080,222,74,187,39.6,74.0,186.0,39.8,59.4,0.4628712871287129,0.6863468634686347,6.233333333333333,6.2,25.0,19.0,44.0,75.0,11.0,9.0,20.0,55.0,45.0,0.0,103.0,71.0,174.0,1389,1648,27,200,270,139,7.6,10.0,0.6333333333333333,1.4666666666666666,2.5,0.3666666666666666,0.3,0.6666666666666666,0.0,3.433333333333333,2.3666666666666667,5.8,46.3,54.93333333333333,0.9,6.666666666666667,9.0,4.633333333333334,2.3157894736842106,0.695,1.3678905687544995,13.466666666666667,18.2,0.6707920792079208,0.11633663366336634,3.533333333333333,1.1,0.8,2.533333333333333,1.1666666666666667,0.3,0.03666666666666667,0.2
Mitchell Robinson,60,1175,149,206,0,0,42,103,252,273,525,52,56,70,41,127,340,1,0.676,10.7,1.5,,,2.5,0.922,0.073,0.005,NYK,60,1175,2,1,1,100.0,0.0,0.0,,100.0,0.0048543689320388,,0.0306382978723404,0.0,28.0,146.0,332.0,127.0,20.0,12.0,32.0,62.5,37.5,0.0,161.0,98.0,259.0,899,525,16,73,135,71,5.8,7.9,4.473191489361702,10.17191489361702,3.891063829787234,0.6127659574468085,0.3676595744680851,0.9804255319148936,0.0,4.932765957446809,3.002553191489361,7.93531914893617,27.54382978723404,16.085106382978722,0.4902127659574468,2.236595744680851,4.136170212765958,2.17531914893617,2.2739726027397262,0.9726027397260274,16.240266963292548,6.311489361702128,10.7,0.0,0.5,1.593191489361702,1.2561702127659573,7.7208510638297865,8.364255319148937,1.7157446808510637,2.1446808510638298,0.07659574468085106,1.5
Mohamed Diawara,69,634,90,213,48,130,18,24,15,79,94,53,17,6,30,50,246,1,0.55,17.1,0.1,,,0.7,0.197,0.103,0.089,NYK,69,634,135,47,116,40.5,41.0,107.0,38.3,58.2,0.5446009389671361,0.823076923076923,6.586750788643533,6.075709779179811,21.0,9.0,20.0,28.0,3.0,2.0,5.0,60.0,40.0,0.0,45.0,28.0,73.0,744,747,9,103,138,64,7.1,8.6,0.5110410094637224,1.135646687697161,1.5899053627760251,0.1703470031545741,0.113564668769716,0.2839116719242902,0.0,2.555205047318612,1.5899053627760251,4.145110410094637,42.24605678233439,42.41640378548896,0.5110410094637224,5.848580441640379,7.83596214511041,3.634069400630915,2.2222222222222223,0.6213592233009708,1.2096774193548387,12.094637223974763,17.1,0.6103286384976526,0.11267605633802817,3.0094637223974763,1.7034700315457414,0.8517350157728707,4.485804416403785,0.9652996845425867,0.34069400630914826,0.03974763406940063,0.1
Moses Moody,60,1540,245,557,151,377,87,113,51,149,200,98,58,34,57,122,728,1,0.6,18.3,-0.3,,,1.4,0.127,0.117,0.079,GSW,60,1540,420,141,333,42.3,138.0,326.0,42.3,63.1,0.5978456014362658,0.8647214854111406,7.784415584415584,7.62077922077922,24.0,11.0,26.0,145.0,20.0,23.0,43.0,46.5,53.5,3.0,140.0,76.0,216.0,1153,1519,24,203,255,128,8.5,11.1,0.2571428571428571,0.6077922077922078,3.389610389610389,0.4675324675324675,0.5376623376623376,1.0051948051948052,0.0701298701298701,3.272727272727273,1.7766233766233763,5.049350649350649,26.953246753246752,35.50909090909091,0.561038961038961,4.745454545454545,5.961038961038961,2.9922077922077923,2.363636363636364,0.6305418719211823,0.9540329575021682,13.020779220779222,18.3,0.6768402154398564,0.20287253141831238,2.290909090909091,1.3324675324675326,1.1922077922077923,3.483116883116883,1.3558441558441559,0.7948051948051948,0.03272727272727273,-0.3
Mouhamed Gueye,77,1179,131,290,40,130,40,62,89,186,275,69,61,39,33,127,342,1,0.539,12.4,1.3,,,1.8,0.338,0.138,0.076,ATL,77,1179,123,42,138,30.4,39.0,125.0,31.2,44.6,0.4758620689655172,0.9615384615384616,4.213740458015267,3.816793893129771,23.0,58.0,139.0,139.0,12.0,13.0,25.0,48.0,52.0,2.0,169.0,105.0,274.0,1057,777,7,135,182,79,6.5,7.5,1.7709923664122138,4.244274809160306,4.244274809160306,0.366412213740458,0.3969465648854962,0.7633587786259542,0.0610687022900763,5.1603053435114505,3.206106870229008,8.366412213740459,32.274809160305345,23.72519083969466,0.2137404580152671,4.122137404580153,5.557251908396947,2.4122137404580157,2.396551724137931,0.5851851851851851,5.487228003784296,8.854961832061068,12.4,0.4482758620689655,0.21379310344827587,2.1068702290076335,1.0076335877862594,2.717557251908397,5.679389312977099,1.8625954198473282,1.1908396946564885,0.0549618320610687,1.3
Moussa Cisse,38,530,66,115,0,0,38,81,89,127,216,9,19,45,30,73,170,1,0.564,14.3,0.7,,,0.9,0.791,0.209,0.0,DAL,38,530,0,0,0,,0.0,0.0,,,0.0,,0.0,0.0,23.0,69.0,164.0,46.0,11.0,5.0,16.0,68.8,31.3,0.0,149.0,45.0,194.0,414,228,2,32,22,12,2.2,2.9,4.686792452830189,11.139622641509431,3.1245283018867926,0.7471698113207547,0.3396226415094339,1.0867924528301889,0.0,10.120754716981132,3.056603773584906,13.177358490566036,28.12075471698113,15.486792452830189,0.1358490566037735,2.1735849056603773,1.494339622641509,0.8150943396226416,2.3768115942028984,0.375,16.666666666666668,7.811320754716981,14.3,0.0,0.7043478260869566,0.6113207547169811,2.0377358490566038,6.0452830188679245,8.626415094339622,1.290566037735849,3.0566037735849054,0.06113207547169811,0.7
Moussa Diabaté,73,1899,229,363,1,2,116,176,273,362,635,141,56,72,73,176,575,1,0.653,11.4,1.2,,,2.8,0.636,0.314,0.044,CHA,73,1899,11,5,7,71.4,1.0,1.0,100.0,78.6,0.0192837465564738,0.5,0.1327014218009478,0.0189573459715639,24.0,215.0,512.0,97.0,28.0,10.0,38.0,73.7,26.3,0.0,379.0,181.0,560.0,2114,1394,29,227,378,181,6.7,8.6,4.075829383886256,9.70616113744076,1.838862559241706,0.5308056872037915,0.1895734597156398,0.7203791469194313,0.0,7.184834123222749,3.4312796208530805,10.616113744075829,40.07582938388626,26.42654028436019,0.5497630331753555,4.303317535545023,7.165876777251185,3.4312796208530805,2.3813953488372093,0.7973568281938326,10.170293282876065,6.881516587677726,11.4,0.005509641873278237,0.48484848484848486,2.6729857819905214,1.3838862559241707,5.175355450236967,6.862559241706162,1.061611374407583,1.3649289099526067,0.05308056872037915,1.2
Myles Turner,71,1912,284,646,147,384,131,177,75,303,378,103,50,115,83,185,846,1,0.584,18.6,0.0,,,1.8,0.152,0.135,0.119,MIL,71,1912,436,152,377,40.3,132.0,341.0,38.7,57.8,0.5835913312693498,0.8880208333333334,7.098326359832636,6.420502092050209,30.0,121.0,293.0,124.0,11.0,12.0,23.0,47.8,52.2,0.0,434.0,140.0,574.0,1442,1639,17,157,275,129,7.1,8.9,2.278242677824268,5.51673640167364,2.3347280334728038,0.207112970711297,0.2259414225941422,0.4330543933054393,0.0,8.171548117154812,2.6359832635983262,10.807531380753138,27.15062761506276,30.859832635983263,0.3200836820083682,2.9560669456066946,5.177824267782427,2.428870292887029,2.4214876033057853,0.821656050955414,8.39112343966713,12.163179916317992,18.6,0.5944272445820433,0.2739938080495356,1.9393305439330544,1.5627615062761506,1.4121338912133892,5.7050209205020925,0.9414225941422595,2.1652719665271967,0.03389121338912134,0.0
Nae'Qwan Tomlin,64,1004,150,314,27,115,47,61,86,100,186,53,41,34,29,125,374,1,0.549,15.5,0.1,,,1.1,0.503,0.121,0.01,CLE,64,1004,75,25,108,23.1,25.0,105.0,23.8,34.7,0.3439490445859872,0.9130434782608696,3.872509960159362,3.764940239043825,25.0,29.0,70.0,113.0,12.0,8.0,20.0,60.0,40.0,0.0,91.0,79.0,170.0,739,731,9,92,140,68,7.2,9.2,1.0398406374501992,2.50996015936255,4.051792828685259,0.4302788844621514,0.2868525896414343,0.7171314741035857,0.0,3.262948207171315,2.8326693227091635,6.095617529880478,26.49800796812749,26.21115537848605,0.3227091633466135,3.298804780876494,5.0199203187251,2.4382470119521917,2.413793103448276,0.7391304347826086,3.924221921515562,11.258964143426295,15.5,0.3662420382165605,0.1942675159235669,1.900398406374502,1.0398406374501994,3.0836653386454187,3.5856573705179287,1.4701195219123506,1.2191235059760956,0.03944223107569722,0.1
Naji Marshall,74,2184,419,821,62,213,228,300,65,283,348,241,82,6,119,143,1128,1,0.592,20.5,0.1,,,1.8,0.21,0.37,0.161,DAL,74,2184,161,54,185,29.2,53.0,174.0,30.5,43.5,0.2253349573690621,0.8169014084507042,3.0494505494505493,2.868131868131868,28.0,26.0,57.0,138.0,15.0,19.0,34.0,44.1,55.9,0.0,145.0,147.0,292.0,2413,2916,26,418,605,284,10.0,11.8,0.4285714285714285,0.9395604395604396,2.274725274725274,0.2472527472527472,0.3131868131868132,0.5604395604395604,0.0,2.39010989010989,2.423076923076923,4.813186813186813,39.77472527472528,48.06593406593407,0.4285714285714285,6.8901098901098905,9.972527472527473,4.681318681318682,2.1923076923076925,0.6794258373205742,1.077496891835889,13.532967032967033,20.5,0.25943970767356883,0.3654080389768575,3.9725274725274726,1.9615384615384617,1.0714285714285714,4.664835164835165,1.3516483516483517,0.09890109890109891,0.029670329670329672,0.1
Naz Reid,77,2007,397,871,162,448,90,123,90,387,477,170,76,78,126,195,1046,1,0.565,22.1,1.0,,,3.2,0.147,0.258,0.08,MIN,77,2007,398,134,353,38.0,130.0,345.0,37.7,56.4,0.4052812858783008,0.7700892857142857,6.331838565022421,6.188340807174888,26.0,46.0,113.0,129.0,17.0,20.0,37.0,45.9,54.1,4.0,270.0,170.0,440.0,2757,2470,30,275,430,206,6.2,7.5,0.8251121076233184,2.0269058295964126,2.31390134529148,0.3049327354260089,0.358744394618834,0.6636771300448431,0.0717488789237668,4.84304932735426,3.0493273542600896,7.892376681614349,49.45291479820628,44.30493273542601,0.5381165919282511,4.932735426008969,7.713004484304933,3.695067264573991,2.4565217391304346,0.7490909090909091,1.66848023213638,15.623318385650224,22.1,0.5143513203214696,0.14121699196326062,3.0493273542600896,2.2600896860986546,1.6143497757847534,6.941704035874439,1.3632286995515694,1.399103139013453,0.05739910313901345,1.0
Neemias Queta,76,1926,326,499,1,8,123,175,230,406,636,126,60,100,75,216,776,1,0.674,14.7,2.0,,,3.6,0.545,0.389,0.0499999999999999,BOS,76,1926,13,6,19,31.6,1.0,6.0,16.7,34.2,0.0380761523046092,0.75,0.3551401869158878,0.1121495327102803,26.0,276.0,672.0,127.0,14.0,8.0,22.0,63.6,36.4,0.0,433.0,158.0,591.0,1970,1568,19,206,323,152,6.4,7.7,5.158878504672897,12.5607476635514,2.3738317757009346,0.2616822429906542,0.1495327102803738,0.411214953271028,0.0,8.093457943925234,2.953271028037383,11.046728971962615,36.822429906542055,29.30841121495327,0.3551401869158878,3.850467289719626,6.037383177570093,2.8411214953271027,2.4347826086956523,0.7378640776699029,14.01015228426396,9.327102803738317,14.7,0.01603206412825651,0.35070140280561124,2.3551401869158877,1.4018691588785046,4.299065420560748,7.5887850467289715,1.1214953271028036,1.8691588785046727,0.06728971962616823,2.0
Nic Claxton,69,1920,333,583,3,19,141,229,168,310,478,253,45,77,96,158,810,1,0.592,17.7,0.6,,,1.5,0.497,0.395,0.075,BKN,69,1920,21,9,36,25.0,3.0,14.0,21.4,29.2,0.0617495711835334,0.7368421052631579,0.675,0.2625,27.0,199.0,486.0,116.0,18.0,9.0,27.0,66.7,33.3,0.0,326.0,174.0,500.0,2509,2438,17,454,654,292,10.1,11.6,3.73125,9.1125,2.175,0.3375,0.16875,0.50625,0.0,6.1125,3.2625,9.375,47.04375,45.7125,0.31875,8.5125,12.2625,5.475,2.442211055276382,0.6431718061674009,7.931446791550418,10.93125,17.7,0.032590051457975985,0.3927958833619211,4.7437499999999995,1.7999999999999998,3.15,5.8125,0.84375,1.4437499999999999,0.028124999999999997,0.6
Nick Richards,96,1402,206,402,10,36,130,202,154,332,486,32,20,64,118,176,552,3,0.562,18.2,-1.2,,,1.6,0.488,0.338,0.085,CHI,48,701,27,11,27,40.7,5.0,17.0,29.4,50.0,0.0671641791044776,0.4722222222222222,0.6932952924393724,0.4365192582025677,28.0,89.0,206.0,31.0,6.0,2.0,8.0,75.0,25.0,0.0,142.0,52.0,194.0,673,517,6,36,39,22,2.4,3.3,2.2853067047075606,5.289586305278174,0.7960057061340942,0.1540656205420827,0.0513552068473609,0.2054208273894436,0.0,3.646219686162625,1.3352353780313837,4.981455064194009,17.281027104136946,13.275320970042795,0.1540656205420827,0.9243937232524964,1.0014265335235375,0.5649072753209701,2.3146067415730336,0.6111111111111112,13.224368499257055,10.322396576319543,18.2,0.08955223880597014,0.5024875621890548,0.8216833095577746,3.029957203994294,3.9543509272467903,8.524964336661911,0.5135520684736091,1.6433666191155492,0.041084165477888734,-1.2
Nickeil Alexander-Walker,78,2603,548,1195,251,629,277,307,52,216,268,286,102,42,162,173,1624,1,0.61,23.9,-0.4,,,2.7,0.216,0.128,0.13,ATL,78,2603,587,198,460,43.0,191.0,448.0,42.6,63.8,0.3849372384937238,0.712241653418124,6.361890126776796,6.195927775643488,27.0,40.0,88.0,271.0,28.0,30.0,58.0,48.3,51.7,4.0,176.0,82.0,258.0,2978,4282,60,530,731,364,9.6,12.2,0.5532078371110257,1.2170572416442569,3.747983096427199,0.387245485977718,0.4149058778332693,0.8021513638109873,0.0553207837111025,2.4341144832885133,1.1340760660776028,3.568190549366116,41.186323472915866,59.220898962735305,0.8298117556665386,7.330003841721091,10.109873223203996,5.034191317710334,2.2,0.6867924528301886,1.3431833445265278,16.527084133691893,23.9,0.5263598326359833,0.2569037656903766,3.955436035343834,2.240491740299654,0.7191701882443334,2.9873223203995387,1.4106799846331155,0.580868228966577,0.03734152900499424,-0.4
Nicolas Batum,74,1295,96,238,92,228,9,11,23,161,184,64,47,23,37,100,293,1,0.603,9.6,0.7,,,1.2,0.008,0.004,0.029,LAC,74,1295,267,90,220,40.9,87.0,213.0,40.8,60.7,0.9243697478991596,0.9342105263157896,6.115830115830116,5.921235521235522,37.0,18.0,39.0,93.0,7.0,12.0,19.0,36.8,63.2,0.0,125.0,89.0,214.0,1409,806,9,123,171,84,4.5,6.0,0.5003861003861004,1.084169884169884,2.5853281853281853,0.1945945945945946,0.3335907335907336,0.5281853281853282,0.0,3.474903474903475,2.474131274131274,5.949034749034749,39.16911196911197,22.406177606177607,0.2501930501930502,3.4193050193050194,4.753667953667954,2.3351351351351357,2.1666666666666665,0.6829268292682927,1.27750177430802,6.616216216216216,9.6,0.957983193277311,0.046218487394957986,1.779150579150579,1.0285714285714285,0.6393822393822394,4.475675675675675,1.3065637065637066,0.6393822393822394,0.03335907335907336,0.7
Nikola Jokić,65,2265,644,1132,112,295,399,480,192,644,836,697,92,53,243,173,1799,1,0.67,30.4,4.1,,,3.4,0.216,0.374,0.15,DEN,65,2265,292,107,237,45.1,78.0,195.0,40.0,61.6,0.2093639575971731,0.6610169491525424,3.766887417218543,3.0993377483443707,31.0,221.0,513.0,177.0,22.0,16.0,38.0,57.9,42.1,1.0,255.0,134.0,389.0,4736,5000,85,1091,1782,858,14.7,18.1,3.512582781456953,8.15364238410596,2.8132450331125827,0.3496688741721854,0.2543046357615894,0.6039735099337749,0.0158940397350993,4.052980132450331,2.1298013245033114,6.182781456953642,75.27417218543046,79.47019867549669,1.3509933774834435,17.340397350993378,28.32317880794702,13.637086092715233,2.321266968325792,0.7864344637946837,4.666385135135135,17.99205298013245,30.4,0.26060070671378094,0.42402826855123676,11.078145695364238,3.862251655629139,3.0516556291390726,10.235761589403973,1.4622516556291392,0.8423841059602649,0.054039735099337745,4.1
Nikola Jović,47,808,115,314,45,167,69,101,25,128,153,102,26,17,65,65,344,1,0.48,21.4,-0.1,,,1.0,0.191,0.232,0.044,MIA,47,808,117,39,159,24.5,39.0,153.0,25.5,36.8,0.5063694267515924,0.9161676646706588,7.084158415841584,6.816831683168317,23.0,10.0,24.0,41.0,4.0,4.0,8.0,50.0,50.0,1.0,126.0,66.0,192.0,1084,1168,18,184,263,131,9.4,12.1,0.4455445544554455,1.0693069306930694,1.8267326732673268,0.1782178217821782,0.1782178217821782,0.3564356435643564,0.0445544554455445,5.6138613861386135,2.9405940594059405,8.554455445544555,48.2970297029703,52.03960396039604,0.801980198019802,8.198019801980198,11.717821782178218,5.836633663366337,2.4,0.7119565217391305,0.922509225092251,13.99009900990099,21.4,0.5318471337579618,0.321656050955414,4.544554455445544,2.896039603960396,1.1138613861386137,5.702970297029703,1.1584158415841583,0.7574257425742574,0.04455445544554455,-0.1
Nikola Vučević,128,3636,788,1598,200,542,154,186,250,824,1074,426,78,82,170,254,1930,3,0.574,21.4,0.1,,,3.8,0.199,0.324,0.138,BOS,64,1818,384,143,346,41.3,98.0,263.0,37.3,55.5,0.2165206508135169,0.4852398523985239,3.4257425742574257,2.603960396039604,35.0,144.0,311.0,90.0,11.0,6.0,17.0,64.7,35.3,1.0,335.0,167.0,502.0,2764,2925,25,362,536,246,7.7,8.9,1.4257425742574257,3.0792079207920797,0.8910891089108911,0.1089108910891089,0.0594059405940594,0.1683168316831683,0.0099009900990099,3.3168316831683167,1.6534653465346534,4.97029702970297,27.36633663366337,28.96039603960396,0.2475247524752475,3.584158415841584,5.306930693069307,2.435643564356436,2.1597222222222223,0.6795580110497238,5.209840810419681,15.821782178217822,21.4,0.33917396745932415,0.11639549436795996,4.217821782178218,1.683168316831683,2.4752475247524752,8.158415841584159,0.7722772277227723,0.8118811881188119,0.03762376237623762,0.1
Nique Clifford,75,1882,249,596,77,231,70,97,65,217,282,179,68,24,116,156,645,1,0.505,17.0,-1.2,,,0.6,0.141,0.262,0.21,SAC,75,1882,180,62,174,35.6,56.0,158.0,35.4,51.7,0.2919463087248322,0.683982683982684,3.328374070138151,3.022316684378321,24.0,29.0,67.0,143.0,10.0,16.0,26.0,38.5,61.5,9.0,166.0,157.0,323.0,2107,2129,32,322,444,228,8.5,10.8,0.5547290116896918,1.281615302869288,2.7353878852284805,0.1912858660998937,0.30605738575983,0.4973432518597237,0.1721572794899043,3.175345377258236,3.0031880977683314,6.178533475026567,40.30393198724761,40.724760892667376,0.61211477151966,6.159404888416578,8.493092454835281,4.361317747077577,2.310344827586207,0.7080745341614907,1.3763644992880872,11.400637619553667,17.0,0.3875838926174497,0.16275167785234898,3.424017003188098,2.2189160467587676,1.2433581296493093,4.150903294367694,1.3007438894792775,0.459086078639745,0.011477151965993625,-1.2
Noah Clowney,66,1780,250,631,129,392,180,224,52,221,273,108,50,45,102,168,809,1,0.554,20.4,-1.1,,,1.2,0.124,0.201,0.054,BKN,66,1780,362,121,361,33.5,120.0,359.0,33.4,50.1,0.572107765451664,0.9158163265306124,7.301123595505618,7.260674157303371,21.0,25.0,58.0,108.0,10.0,15.0,25.0,40.0,60.0,4.0,262.0,153.0,415.0,1609,1730,9,207,288,127,6.7,7.9,0.5056179775280899,1.1730337078651685,2.1842696629213485,0.2022471910112359,0.3033707865168539,0.5056179775280899,0.0808988764044943,5.298876404494382,3.09438202247191,8.393258426966293,32.54157303370786,34.98876404494382,0.1820224719101123,4.186516853932584,5.824719101123596,2.5685393258426967,2.32,0.6135265700483091,1.5537600994406464,12.761797752808988,20.4,0.6212361331220285,0.3549920760697306,2.184269662921348,2.0629213483146067,1.051685393258427,4.4696629213483146,1.0112359550561798,0.9101123595505617,0.02426966292134831,-1.1
Noah Penda,59,757,82,203,30,93,33,48,67,120,187,70,30,18,42,70,227,1,0.506,14.8,0.6,,,1.0,0.241,0.256,0.045,ORL,59,757,69,23,75,30.7,23.0,74.0,31.1,46.0,0.3694581280788177,0.7956989247311828,3.5667107001321003,3.5191545574636725,21.0,20.0,44.0,60.0,8.0,13.0,21.0,38.1,61.9,0.0,90.0,44.0,134.0,999,765,8,135,171,82,7.0,8.2,0.95112285336856,2.092470277410832,2.85336856010568,0.380449141347424,0.618229854689564,0.998678996036988,0.0,4.28005284015852,2.092470277410832,6.372523117569353,47.508586525759576,36.38044914134743,0.380449141347424,6.420079260237781,8.132100396301189,3.899603698811097,2.2,0.6074074074074074,2.002002002002002,9.653896961690885,14.8,0.458128078817734,0.23645320197044334,3.3289299867899604,1.9973579920739761,3.1862615587846763,5.70673712021136,1.42668428005284,0.8560105680317041,0.047556142668428,0.6
Nolan Traoré,56,1243,182,479,61,192,74,94,14,85,99,213,45,23,129,119,499,1,0.479,22.8,-2.0,,,0.6,0.194,0.311,0.094,BKN,56,1243,138,46,149,30.9,46.0,148.0,31.1,46.3,0.3110647181628392,0.7708333333333334,4.315366049879324,4.2864038616251,20.0,7.0,16.0,77.0,11.0,9.0,20.0,55.0,45.0,1.0,151.0,51.0,202.0,2262,3075,33,436,559,258,9.4,11.4,0.2027353177795655,0.4633950120675784,2.230088495575221,0.3185840707964602,0.2606596942880129,0.5792437650844731,0.0289621882542236,4.373290426387771,1.4770716009654064,5.850362027353178,65.5124698310539,89.05872888173774,0.9557522123893806,12.627514078841513,16.189863234111023,7.472244569589702,2.2857142857142856,0.591743119266055,0.3094606542882405,13.872888173773129,22.8,0.40083507306889354,0.19624217118997914,6.168946098149638,3.736122284794851,0.40547063555913115,2.4617860016090103,1.3032984714400644,0.666130329847144,0.01737731295253419,-2.0
Norman Powell,58,1717,421,895,156,410,263,318,22,181,203,143,64,14,111,127,1261,1,0.609,27.2,-0.3,,,1.7,0.2,0.207,0.135,MIA,58,1717,304,104,259,40.2,96.0,243.0,39.5,58.7,0.2893854748603351,0.5926829268292683,5.430401863715783,5.094933022714036,33.0,15.0,34.0,150.0,9.0,21.0,30.0,30.0,70.0,0.0,63.0,71.0,134.0,1361,2284,27,261,350,176,10.5,12.9,0.314502038439138,0.7128712871287128,3.14502038439138,0.1887012230634828,0.4403028538147932,0.6290040768782761,0.0,1.3209085614443796,1.4886429819452534,2.809551543389633,28.535818287711123,47.88817705299942,0.5661036691904484,5.472335468841002,7.338380896913221,3.69015725101922,2.2666666666666666,0.6743295019157088,1.1021307861866274,18.765288293535235,27.2,0.4581005586592179,0.3553072625698324,2.998252766453116,2.3273150844496215,0.46126965637740247,3.7949912638322654,1.341875364006989,0.29353523587652885,0.03564356435643564,-0.3
OG Anunoby,67,2224,389,804,157,407,183,221,85,266,351,145,104,48,123,164,1118,1,0.62,19.7,1.1,,,3.2,0.31,0.106,0.079,NYK,67,2224,419,140,338,41.4,139.0,331.0,42.0,62.0,0.4203980099502487,0.8132678132678133,5.471223021582734,5.357913669064748,28.0,20.0,48.0,184.0,20.0,23.0,43.0,46.5,53.5,3.0,262.0,203.0,465.0,1788,1943,29,270,390,188,8.1,10.5,0.3237410071942446,0.7769784172661871,2.9784172661870505,0.3237410071942446,0.3723021582733813,0.6960431654676259,0.0485611510791366,4.241007194244604,3.285971223021583,7.526978417266187,28.942446043165468,31.451438848920866,0.4694244604316547,4.370503597122302,6.31294964028777,3.0431654676258995,2.4,0.6962962962962963,1.1185682326621924,13.014388489208633,19.7,0.5062189054726368,0.27487562189054726,2.347122302158273,1.9910071942446044,1.3758992805755397,4.305755395683454,1.683453237410072,0.7769784172661871,0.05179856115107914,1.1
Ochai Agbaji,124,1946,244,560,68,256,72,86,92,190,282,94,48,34,62,186,628,3,0.525,14.6,-0.5,,,1.6,0.346,0.161,0.036,BKN,62,973,87,29,112,25.9,29.0,111.0,26.1,38.8,0.2,0.43359375,2.071942446043165,2.05344295991778,26.0,13.0,29.0,69.0,7.0,5.0,12.0,58.3,41.7,0.0,124.0,71.0,195.0,870,756,8,105,134,63,5.4,7.2,0.2404933196300102,0.5364850976361768,1.276464542651593,0.1294964028776978,0.092497430626927,0.2219938335046248,0.0,2.2939362795477902,1.313463514902364,3.607399794450154,16.094552929085303,13.985611510791369,0.1479958890030832,1.9424460431654675,2.4789311408016443,1.1654676258992809,2.230769230769231,0.6,1.4942528735632183,10.359712230215827,14.6,0.45714285714285713,0.15357142857142858,1.738951695786228,1.1469681397738951,1.7019527235354572,3.5149023638232273,0.8879753340184995,0.6289825282631039,0.02959917780061665,-0.5
Olivier-Maxence Prosper,53,984,192,350,60,148,86,114,59,128,187,51,40,13,47,83,530,1,0.662,18.9,-1.2,,,0.7,0.357,0.183,0.037,MEM,53,984,164,55,141,39.0,54.0,138.0,39.1,58.2,0.4028571428571428,0.9324324324324323,5.158536585365853,5.048780487804878,23.0,68.0,165.0,65.0,11.0,14.0,25.0,44.0,56.0,1.0,135.0,65.0,200.0,902,878,7,91,130,63,5.7,7.0,2.4878048780487805,6.036585365853658,2.3780487804878048,0.4024390243902439,0.5121951219512195,0.9146341463414634,0.0365853658536585,4.939024390243903,2.3780487804878048,7.317073170731708,33.0,32.1219512195122,0.2560975609756097,3.3292682926829267,4.7560975609756095,2.304878048780488,2.426470588235294,0.6923076923076923,7.53880266075388,12.804878048780488,18.9,0.4228571428571429,0.32571428571428573,1.8658536585365852,1.7195121951219512,2.1585365853658534,4.682926829268292,1.4634146341463414,0.47560975609756095,0.025609756097560974,-1.2
Onyeka Okongwu,74,2297,413,860,144,383,153,202,140,422,562,231,82,79,127,243,1123,1,0.592,19.5,0.8,,,3.3,0.23,0.274,0.0499999999999999,ATL,74,2297,430,145,377,38.5,140.0,364.0,38.5,57.0,0.4383720930232558,0.9503916449086162,5.908576404005224,5.704832390074009,25.0,159.0,375.0,174.0,30.0,28.0,58.0,51.7,48.3,2.0,391.0,174.0,565.0,2718,2566,32,346,594,282,8.5,10.4,2.4919460165433174,5.877231171092729,2.7270352633870267,0.4701784936874184,0.4388332607749238,0.9090117544623422,0.0313452329124945,6.127993034392686,2.7270352633870267,8.855028297779713,42.5981715280801,40.21593382673052,0.501523726599913,5.422725293861559,9.309534175010883,4.419677840661732,2.358490566037736,0.815028901734104,5.849889624724062,13.47845015237266,19.5,0.44534883720930235,0.23488372093023255,3.620374401393122,1.9904222899434045,2.1941663038746193,6.613844144536352,1.285154549412277,1.238136700043535,0.05171963430561602,0.8
Oso Ighodaro,82,1808,239,366,0,1,53,117,138,280,418,185,73,57,101,218,531,1,0.636,12.2,2.3,,,2.6,0.522,0.38,0.096,PHX,82,1808,30,15,32,46.9,0.0,1.0,0.0,46.9,0.087431693989071,1.0,0.6371681415929203,0.0199115044247787,23.0,251.0,622.0,172.0,18.0,13.0,31.0,58.1,41.9,0.0,318.0,116.0,434.0,2101,1893,22,333,491,220,8.8,10.5,4.997787610619469,12.38495575221239,3.424778761061947,0.3584070796460177,0.2588495575221239,0.6172566371681416,0.0,6.331858407079646,2.309734513274336,8.641592920353983,41.834070796460175,37.6924778761062,0.4380530973451327,6.630530973451328,9.776548672566372,4.380530973451328,2.4780876494023905,0.6606606606606606,11.946692051404094,7.287610619469026,12.2,0.00273224043715847,0.319672131147541,3.683628318584071,2.0110619469026547,2.747787610619469,5.575221238938053,1.4535398230088494,1.1349557522123894,0.05176991150442478,2.3
Ousmane Dieng,114,2198,336,796,126,370,64,90,58,302,360,272,50,34,150,156,862,3,0.516,19.7,-1.2,,,1.8,0.133,0.153,0.248,MIL,57,1099,119,40,102,39.2,39.0,100.0,39.0,58.3,0.1281407035175879,0.2702702702702703,1.670609645131938,1.637852593266606,23.0,10.0,24.0,55.0,7.0,6.0,13.0,53.8,46.2,0.0,138.0,102.0,240.0,1354,1570,23,249,349,169,10.0,12.5,0.1637852593266606,0.3930846223839854,0.9008189262966332,0.1146496815286624,0.0982711555959963,0.2129208371246587,0.0,2.260236578707916,1.670609645131938,3.9308462238398554,22.17652411282985,25.714285714285715,0.3767060964513193,4.078252957233849,5.716105550500455,2.767970882620564,2.4,0.678714859437751,0.7385524372230429,13.037306642402184,19.7,0.4648241206030151,0.11306532663316583,4.454959053685169,2.4567788898999092,0.9499545040946316,4.94631483166515,0.8189262966333031,0.5568698817106461,0.029481346678798908,-1.2
P.J. Washington,56,1736,296,658,76,234,125,182,84,310,394,98,55,60,94,119,793,1,0.537,20.1,0.1,,,2.0,0.243,0.324,0.077,DAL,56,1736,210,70,206,34.0,70.0,201.0,34.8,51.0,0.3130699088145897,0.8589743589743589,4.271889400921659,4.168202764976958,27.0,41.0,89.0,105.0,13.0,17.0,30.0,43.3,56.7,1.0,222.0,151.0,373.0,1841,1615,13,167,249,121,5.3,6.6,0.8502304147465438,1.845622119815668,2.177419354838709,0.2695852534562212,0.3525345622119815,0.6221198156682027,0.02073732718894,4.6036866359447,3.1313364055299537,7.735023041474655,38.17741935483871,33.49078341013825,0.2695852534562212,3.463133640552996,5.163594470046083,2.509216589861752,2.1707317073170733,0.7245508982035929,2.2270505160239003,13.64516129032258,20.1,0.3556231003039514,0.2765957446808511,2.032258064516129,1.9493087557603688,1.7419354838709677,6.428571428571429,1.140552995391705,1.2442396313364055,0.041474654377880185,0.1
Paolo Banchero,72,2502,529,1152,84,275,457,590,85,519,604,373,51,40,222,144,1599,1,0.566,27.6,0.0,,,3.0,0.289,0.261,0.211,ORL,72,2502,165,57,138,41.3,51.0,127.0,40.2,59.8,0.1197916666666666,0.4618181818181818,1.985611510791367,1.8273381294964028,23.0,68.0,152.0,88.0,25.0,11.0,36.0,69.4,30.6,0.0,269.0,182.0,451.0,3685,4163,59,681,942,453,10.1,12.3,0.9784172661870504,2.1870503597122304,1.266187050359712,0.3597122302158273,0.158273381294964,0.5179856115107914,0.0,3.870503597122302,2.618705035971223,6.489208633093525,53.02158273381295,59.89928057553957,0.8489208633093526,9.798561151079136,13.553956834532372,6.517985611510792,2.235294117647059,0.6651982378854625,1.8453188602442332,16.575539568345324,27.6,0.2387152777777778,0.5121527777777778,5.366906474820144,3.194244604316547,1.2230215827338131,7.467625899280576,0.7338129496402878,0.5755395683453237,0.04316546762589928,0.0
Pascal Siakam,62,2057,559,1155,105,293,262,378,89,322,411,236,69,25,138,147,1485,1,0.562,30.1,-1.0,,,1.5,0.213,0.277,0.257,IND,62,2057,256,88,251,35.1,80.0,226.0,35.4,51.0,0.2173160173160173,0.7713310580204779,4.39280505590666,3.955274671852212,32.0,47.0,114.0,141.0,21.0,14.0,35.0,60.0,40.0,0.0,237.0,123.0,360.0,2701,3289,49,452,616,299,8.7,11.1,0.8225571220223626,1.995138551288284,2.467671366067088,0.3675255226057365,0.245017015070491,0.6125425376762275,0.0,4.147788040836169,2.152649489547885,6.300437530384055,47.27078269324259,57.56149732620321,0.8575595527467185,7.910549343704424,10.780748663101605,5.2328633932912005,2.425531914893617,0.661504424778761,1.740096260644206,20.21390374331551,30.1,0.25367965367965367,0.32727272727272727,4.130286825473991,2.4151677199805546,1.5576081672338358,5.635391346621294,1.2075838599902773,0.4375303840544483,0.026251823043266898,-1.0
Pat Spencer,66,1229,186,436,60,168,44,57,51,107,158,232,48,5,85,75,476,1,0.516,18.9,-0.6,,,1.0,0.135,0.266,0.214,GSW,66,1229,102,34,90,37.8,34.0,87.0,39.1,56.7,0.2064220183486238,0.5178571428571429,2.636289666395444,2.548413344182262,29.0,10.0,25.0,74.0,14.0,12.0,26.0,53.8,46.2,0.0,68.0,62.0,130.0,2345,2907,50,467,623,305,9.9,13.0,0.2929210740439381,0.7323026851098454,2.1676159479251425,0.4100895036615134,0.3515052888527258,0.7615947925142392,0.0,1.99186330349878,1.8161106590724163,3.807973962571196,68.6899918633035,85.15215622457282,1.4646053702196908,13.679414157851912,18.248982912937347,8.934092758340114,2.5,0.6531049250535332,0.4264392324093816,12.771358828315703,18.9,0.3853211009174312,0.13073394495412843,6.795768917819365,2.4898291293734744,1.4938974776240845,3.134255492270138,1.4060211554109032,0.14646053702196907,0.029292107404393815,-0.6
Patrick Williams,72,1474,178,478,95,274,54,75,49,166,215,105,49,26,75,93,505,1,0.494,16.6,-1.1,,,1.0,0.182,0.186,0.058,CHI,72,1474,240,80,223,35.9,80.0,222.0,36.0,53.8,0.4665271966527197,0.8102189781021898,5.44640434192673,5.421981004070556,24.0,27.0,62.0,101.0,9.0,15.0,24.0,37.5,62.5,0.0,143.0,106.0,249.0,1585,1469,14,219,266,123,6.6,7.8,0.6594301221166893,1.514246947082768,2.466757123473541,0.2198100407055631,0.3663500678426051,0.5861601085481682,0.0,3.492537313432836,2.58887381275441,6.081411126187246,38.71099050203528,35.877883310719135,0.3419267299864315,5.348710990502036,6.496607869742198,3.004070556309362,2.2962962962962963,0.5616438356164384,1.7034700315457414,11.674355495251017,16.6,0.5732217573221757,0.15690376569037656,2.564450474898236,1.8317503392130257,1.1967435549525103,4.05427408412483,1.1967435549525103,0.6350067842605156,0.024423337856173677,-1.1
Paul George,37,1135,225,513,100,255,91,111,20,176,196,133,62,16,64,84,641,1,0.57,23.3,0.7,,,1.4,0.115,0.105,0.283,PHI,37,1135,221,76,184,41.3,69.0,166.0,41.6,60.1,0.3586744639376218,0.6509803921568628,5.836123348017622,5.265198237885462,36.0,10.0,23.0,152.0,11.0,9.0,20.0,55.0,45.0,4.0,105.0,85.0,190.0,1601,1717,21,239,339,172,8.3,10.7,0.3171806167400881,0.7295154185022027,4.82114537444934,0.3488986784140969,0.2854625550660793,0.6343612334801763,0.1268722466960352,3.330396475770925,2.696035242290749,6.026431718061674,50.78061674008811,54.45991189427313,0.6660792951541851,7.5806167400881055,10.752422907488986,5.455506607929515,2.3,0.7196652719665272,0.6246096189881324,16.27136563876652,23.3,0.49707602339181284,0.21637426900584794,4.218502202643172,2.029955947136564,0.6343612334801763,5.582378854625551,1.9665198237885464,0.507488986784141,0.044405286343612335,0.7
Paul Reed,65,901,209,339,13,40,73,110,130,164,294,80,57,60,58,120,504,1,0.65,20.6,2.9,,,2.1,0.413,0.369,0.0999999999999999,DET,65,901,58,23,58,39.7,12.0,36.0,33.3,50.0,0.1710914454277286,0.9,2.317425083240844,1.4384017758046614,27.0,105.0,256.0,123.0,20.0,10.0,30.0,66.7,33.3,1.0,219.0,88.0,307.0,998,820,12,128,200,93,8.0,9.3,4.195338512763596,10.228634850166484,4.914539400665927,0.7991120976692564,0.3995560488346282,1.1986681465038846,0.0399556048834628,8.750277469478357,3.5160932297447283,12.266370699223083,39.87569367369589,32.76359600443951,0.4794672586015538,5.114317425083241,7.991120976692564,3.715871254162042,2.4380952380952383,0.7265625,10.521042084168336,13.544950055493898,20.6,0.11799410029498525,0.32448377581120946,3.196448390677026,2.3174250832408436,5.194228634850167,6.5527192008879025,2.277469478357381,2.3973362930077693,0.08390677025527193,2.9
Payton Pritchard,79,2556,506,1091,212,562,121,136,69,243,312,408,58,10,109,118,1345,1,0.584,21.4,-0.3,,,2.4,0.083,0.171,0.2299999999999999,BOS,79,2556,402,134,324,41.4,134.0,317.0,42.3,62.0,0.2969752520623281,0.5640569395017794,4.563380281690141,4.464788732394366,28.0,22.0,51.0,109.0,25.0,19.0,44.0,56.8,43.2,2.0,42.0,92.0,134.0,4090,5669,73,748,1057,511,10.0,12.5,0.3098591549295774,0.7183098591549296,1.5352112676056338,0.352112676056338,0.2676056338028169,0.6197183098591549,0.028169014084507,0.5915492957746479,1.295774647887324,1.887323943661972,57.6056338028169,79.84507042253522,1.028169014084507,10.535211267605634,14.887323943661972,7.197183098591549,2.3181818181818183,0.6831550802139037,0.5378973105134475,15.366197183098592,21.4,0.5151237396883593,0.12465627864344637,5.746478873239437,1.5352112676056338,0.971830985915493,3.4225352112676055,0.8169014084507042,0.14084507042253522,0.03380281690140845,-0.3
Pelle Larsson,70,1849,277,559,62,192,184,231,69,175,244,236,49,16,101,148,800,1,0.605,16.8,0.0,,,1.5,0.317,0.297,0.043,MIA,70,1849,179,60,177,33.9,59.0,174.0,33.9,50.6,0.3166368515205724,0.90625,3.4461871281773933,3.3877771768523526,25.0,14.0,33.0,124.0,8.0,8.0,16.0,50.0,50.0,12.0,195.0,135.0,330.0,1863,2136,36,369,594,290,12.7,15.6,0.2725797728501893,0.6425094645754462,2.4142779881016767,0.1557598702001081,0.1557598702001081,0.3115197404002163,0.2336398053001622,3.796646836127637,2.628447809626825,6.425094645754462,36.272579772850186,41.58788534342888,0.7009194159004868,7.184424012979989,11.565170362358032,5.646295294753921,2.357142857142857,0.7859078590785907,0.7514761137949544,10.883720930232558,16.8,0.3434704830053667,0.41323792486583183,4.594916170903192,1.9664683612763656,1.343428880475933,3.4072471606273664,0.9540292049756626,0.31151974040021635,0.029204975662520283,0.0
Pete Nance,47,737,100,194,50,119,4,11,27,98,125,48,14,14,26,62,254,1,0.639,13.5,-1.2,,,0.4,0.211,0.155,0.02,MIL,47,737,147,49,112,43.8,49.0,112.0,43.8,65.6,0.5773195876288659,0.9411764705882352,5.470827679782904,5.470827679782904,26.0,30.0,69.0,31.0,6.0,3.0,9.0,66.7,33.3,0.0,92.0,45.0,137.0,904,785,7,97,126,59,5.3,6.5,1.4654002713704206,3.370420624151968,1.514246947082768,0.2930800542740841,0.146540027137042,0.4396200814111262,0.0,4.4938941655359566,2.198100407055631,6.691994572591588,44.15739484396201,38.34464043419268,0.3419267299864315,4.7381275440976935,6.154681139755767,2.881953867028494,2.3,0.6082474226804123,3.31858407079646,9.476255088195387,13.5,0.6134020618556701,0.05670103092783505,2.344640434192673,1.2700135685210312,1.3188602442333786,4.786974219810041,0.683853459972863,0.683853459972863,0.01953867028493894,-1.2
Peyton Watson,54,1598,285,581,81,197,138,189,49,215,264,111,50,61,93,136,789,1,0.594,20.6,-0.5,,,1.6,0.244,0.258,0.159,DEN,54,1598,230,79,171,46.2,72.0,156.0,46.2,67.3,0.2943201376936317,0.7918781725888325,3.852315394242804,3.514392991239049,23.0,30.0,76.0,85.0,17.0,18.0,35.0,48.6,51.4,3.0,206.0,125.0,331.0,1926,2086,17,209,310,143,5.8,7.4,0.6758448060075094,1.7121401752190235,1.9148936170212767,0.3829787234042553,0.4055068836045056,0.7884856070087609,0.0675844806007509,4.640801001251565,2.816020025031289,7.456821026282854,43.3892365456821,46.99374217772216,0.3829787234042553,4.708385481852315,6.983729662077597,3.221526908635795,2.533333333333333,0.6842105263157895,1.557632398753894,13.088861076345431,20.6,0.33907056798623064,0.3253012048192771,2.5006257822277846,2.095118898623279,1.1038798498122653,4.843554443053817,1.1264080100125156,1.374217772215269,0.0360450563204005,-0.5
Precious Achiuwa,73,1745,316,598,27,97,77,139,177,315,492,101,65,50,65,123,736,1,0.558,17.6,-1.1,,,1.2,0.371,0.395,0.071,SAC,73,1745,81,27,93,29.0,27.0,91.0,29.7,43.5,0.1555183946488294,0.9381443298969072,1.9186246418338109,1.8773638968481368,26.0,65.0,151.0,127.0,27.0,10.0,37.0,73.0,27.0,3.0,255.0,152.0,407.0,1450,1308,8,150,245,113,7.0,7.8,1.340974212034384,3.115186246418338,2.6200573065902577,0.5570200573065902,0.2063037249283667,0.763323782234957,0.06189111747851,5.260744985673353,3.135816618911175,8.396561604584527,29.91404011461318,26.984527220630373,0.1650429799426934,3.094555873925501,5.054441260744985,2.3312320916905445,2.3230769230769237,0.7533333333333333,4.482758620689655,12.336962750716332,17.6,0.16220735785953178,0.23244147157190637,2.083667621776504,1.340974212034384,3.6515759312320917,6.4985673352435525,1.340974212034384,1.0315186246418337,0.02475644699140401,-1.1
Quentin Grimes,75,2206,340,755,127,380,199,237,46,227,273,244,64,28,133,155,1006,1,0.585,19.0,-0.6,,,1.7,0.254,0.143,0.1,PHI,75,2206,261,87,239,36.4,87.0,238.0,36.6,54.6,0.3165562913907285,0.6263157894736842,3.900271985494107,3.883952855847688,26.0,12.0,26.0,149.0,21.0,20.0,41.0,51.2,48.8,1.0,134.0,134.0,268.0,2426,3087,42,419,621,310,10.1,12.8,0.1958295557570263,0.4242973708068903,2.4315503173164097,0.342701722574796,0.3263825929283772,0.6690843155031732,0.0163191296464188,2.1867633726201268,2.1867633726201268,4.3735267452402535,39.59020852221215,50.37715321849501,0.6854034451495921,6.837715321849501,10.13417951042611,5.058930190389846,2.1666666666666665,0.7398568019093079,0.494641384995878,12.320942883046238,19.0,0.5033112582781457,0.31390728476821195,3.981867633726201,2.170444242973708,0.7506799637352675,3.704442429737081,1.0444242973708069,0.45693563009972804,0.027742520398912056,-0.6
Quenton Jackson,49,897,154,328,42,118,98,119,28,86,114,140,31,6,62,82,448,1,0.589,20.9,-0.8,,,0.5,0.329,0.213,0.098,IND,49,897,98,33,83,39.8,32.0,80.0,40.0,59.0,0.2530487804878049,0.6779661016949152,3.331103678929766,3.210702341137124,27.0,10.0,22.0,73.0,9.0,15.0,24.0,37.5,62.5,0.0,42.0,61.0,103.0,1493,1911,34,244,370,186,9.4,12.5,0.4013377926421405,0.882943143812709,2.929765886287625,0.3612040133779264,0.6020066889632107,0.9632107023411371,0.0,1.68561872909699,2.448160535117057,4.133779264214047,59.91973244147157,76.69565217391305,1.3645484949832776,9.792642140468228,14.849498327759198,7.464882943143813,2.2,0.7622950819672131,0.6697923643670463,13.163879598662207,20.9,0.3597560975609756,0.3628048780487805,5.618729096989966,2.488294314381271,1.1237458193979935,3.451505016722408,1.2441471571906355,0.2408026755852843,0.020066889632107024,-0.8
Quinten Post,67,1159,193,439,93,277,34,43,68,201,269,94,26,35,56,125,513,1,0.56,18.8,-0.1,,,1.2,0.141,0.171,0.0569999999999999,GSW,67,1159,276,94,267,35.2,88.0,256.0,34.4,51.7,0.6082004555808656,0.924187725631769,8.293356341673856,7.951682484900776,26.0,60.0,148.0,39.0,5.0,15.0,20.0,25.0,75.0,0.0,315.0,99.0,414.0,1602,1442,26,156,243,129,5.9,8.1,1.8636755823986195,4.597066436583262,1.2113891285591027,0.1553062985332182,0.4659188955996549,0.6212251941328731,0.0,9.784296807592751,3.0750647109577223,12.859361518550475,49.76013805004314,44.79033649698015,0.8075927523727351,4.845556514236411,7.547886108714409,4.006902502157032,2.466666666666667,0.8269230769230769,3.745318352059925,13.635893011216565,18.8,0.6309794988610479,0.0979498861047836,2.9197584124245037,1.7394305435720447,2.112165660051769,6.243313201035376,0.8075927523727351,1.087144089732528,0.037273511647972386,-0.1
RJ Barrett,57,1726,401,816,96,283,200,279,55,245,300,189,42,19,99,147,1098,1,0.585,25.8,-0.7,,,2.0,0.304,0.272,0.077,TOR,57,1726,278,93,267,34.8,92.0,265.0,34.7,52.1,0.3272058823529412,0.9363957597173144,5.568945538818077,5.527230590961762,26.0,24.0,57.0,108.0,16.0,13.0,29.0,55.2,44.8,3.0,151.0,118.0,269.0,1976,2292,32,352,484,242,9.6,12.2,0.5005793742757821,1.1888760139049823,2.25260718424102,0.3337195828505214,0.2711471610660487,0.6048667439165701,0.0625724217844727,3.149478563151796,2.461181923522596,5.610660486674392,41.2143684820394,47.8053302433372,0.6674391657010429,7.341830822711471,10.095017381228274,5.047508690614137,2.375,0.6875,1.214574898785425,17.019698725376593,25.8,0.34681372549019607,0.34191176470588236,3.9420625724217846,2.0648899188876015,1.1471610660486675,5.11008111239861,0.8760139049826188,0.3962920046349942,0.04171494785631518,-0.7
Rasheer Fleming,55,673,87,215,45,130,19,34,57,67,124,16,22,21,29,64,238,1,0.517,16.3,-0.7,,,0.8,0.279,0.074,0.0419999999999999,PHX,55,673,132,44,125,35.2,44.0,125.0,35.2,52.8,0.5813953488372093,0.9615384615384616,6.686478454680535,6.686478454680535,21.0,10.0,24.0,61.0,5.0,3.0,8.0,62.5,37.5,0.0,60.0,40.0,100.0,317,391,7,37,39,25,5.0,7.9,0.5349182763744428,1.2838038632986628,3.263001485884101,0.2674591381872214,0.1604754829123328,0.4279346210995542,0.0,3.209509658246657,2.139673105497771,5.349182763744428,16.956909361069837,20.915304606240717,0.3744427934621099,1.9791976225854384,2.086181277860327,1.337295690936107,2.4,0.6756756756756757,3.154574132492113,11.50074294205052,16.3,0.6046511627906976,0.15813953488372093,0.8558692421991084,1.551263001485884,3.0490341753343237,3.5839524517087664,1.1768202080237742,1.1233283803863299,0.042793462109955424,-0.7
Rayan Rupert,128,2144,246,626,88,272,84,108,96,280,376,136,110,18,110,248,664,3,0.493,15.0,-0.1,,,2.2,0.201,0.265,0.099,MEM,64,1073,108,36,112,32.1,36.0,111.0,32.4,48.2,0.1789137380191693,0.4080882352941176,1.8805970149253728,1.8638059701492533,22.0,13.0,32.0,112.0,12.0,8.0,20.0,60.0,40.0,2.0,81.0,68.0,149.0,1052,850,7,134,180,81,6.5,7.7,0.2182835820895522,0.5373134328358209,1.8805970149253728,0.2014925373134328,0.1343283582089552,0.3358208955223881,0.0335820895522388,1.3600746268656716,1.1417910447761197,2.501865671641791,17.66417910447761,14.272388059701491,0.1175373134328358,2.25,3.0223880597014925,1.3600746268656716,2.4615384615384617,0.6044776119402985,1.2357414448669202,10.511194029850746,15.0,0.43450479233226835,0.17252396166134185,2.283582089552239,1.8470149253731343,1.6119402985074627,4.701492537313433,1.8470149253731343,0.30223880597014924,0.036940298507462686,-0.1
Reed Sheppard,82,2147,407,946,227,576,69,86,28,210,238,277,122,54,123,166,1110,1,0.564,21.7,1.5,,,3.1,0.074,0.124,0.194,HOU,82,2147,469,157,388,40.5,155.0,382.0,40.6,60.4,0.4101479915433403,0.6631944444444444,6.505822077317187,6.405216581276199,22.0,13.0,28.0,289.0,24.0,23.0,47.0,51.1,48.9,0.0,156.0,156.0,312.0,3169,4028,45,494,698,347,8.7,10.9,0.2179785747554727,0.4694923148579413,4.845831392640895,0.4024219841639497,0.3856544014904517,0.7880763856544015,0.0,2.615742897065673,2.615742897065673,5.231485794131346,53.13646949231486,67.53982300884955,0.7545412203074057,8.283185840707965,11.703772706101535,5.818351187703772,2.1538461538461537,0.7024291497975709,0.4102240454402019,15.862133209129016,21.7,0.6088794926004228,0.09090909090909091,4.644620400558919,2.062412668840242,0.4694923148579413,3.5211923614345597,2.0456450861667443,0.9054494643688867,0.0519795062878435,1.5
Rob Dillingham,130,1940,326,824,84,266,82,110,38,224,262,286,94,12,200,228,818,3,0.469,23.1,-0.9,,,1.8,0.245,0.248,0.184,CHI,65,970,93,32,83,38.6,29.0,80.0,36.3,56.0,0.1007281553398058,0.3007518796992481,1.5402061855670104,1.4845360824742269,21.0,3.0,7.0,83.0,12.0,9.0,21.0,57.1,42.9,0.0,64.0,60.0,124.0,1361,1893,20,272,374,183,10.5,13.4,0.0556701030927835,0.1298969072164948,1.5402061855670104,0.222680412371134,0.1670103092783505,0.3896907216494845,0.0,1.1876288659793814,1.11340206185567,2.301030927835052,25.255670103092783,35.12783505154639,0.3711340206185567,5.047422680412371,6.9402061855670105,3.3958762886597937,2.333333333333333,0.6727941176470589,0.2204261572373255,15.290721649484537,23.1,0.32281553398058255,0.13349514563106796,5.307216494845361,3.711340206185567,0.7051546391752578,4.156701030927835,1.7443298969072165,0.222680412371134,0.0334020618556701,-0.9
Robert Williams,59,1008,177,250,9,23,34,57,141,274,415,60,35,87,49,74,397,1,0.722,13.1,2.4,,,2.0,0.644,0.224,0.04,POR,59,1008,35,13,31,41.9,9.0,23.0,39.1,56.5,0.124,1.0,1.1071428571428572,0.8214285714285714,28.0,69.0,162.0,69.0,7.0,7.0,14.0,50.0,50.0,0.0,218.0,93.0,311.0,1059,714,12,103,151,74,5.7,7.0,2.4642857142857144,5.785714285714286,2.4642857142857144,0.25,0.25,0.5,0.0,7.785714285714286,3.321428571428572,11.107142857142858,37.82142857142857,25.5,0.4285714285714285,3.678571428571429,5.392857142857143,2.642857142857143,2.347826086956522,0.7184466019417476,6.515580736543909,8.928571428571429,13.1,0.092,0.228,2.142857142857143,1.75,5.035714285714286,9.785714285714285,1.25,3.1071428571428568,0.07142857142857142,2.4
Ron Holland,78,1551,235,544,50,198,120,149,83,232,315,95,92,27,96,183,640,1,0.525,18.9,1.4,,,2.9,0.294,0.292,0.05,DET,78,1550,144,48,184,26.1,48.0,182.0,26.4,39.1,0.3382352941176471,0.9191919191919192,4.270793036750484,4.224371373307544,20.0,16.0,40.0,164.0,18.0,21.0,39.0,46.2,53.8,2.0,78.0,79.0,157.0,1724,1508,16,193,235,115,5.5,6.7,0.3713733075435203,0.9284332688588008,3.8065764023210833,0.4177949709864603,0.4874274661508704,0.9052224371373307,0.04642166344294,1.8104448742746613,1.833655705996132,3.644100580270793,40.01547388781432,35.00193423597679,0.3713733075435203,4.479690522243714,5.454545454545454,2.6692456479690523,2.5,0.5958549222797928,0.9280742459396752,12.626692456479692,18.9,0.3639705882352941,0.27389705882352944,2.2050290135396517,2.228239845261122,1.9264990328820117,5.384912959381045,2.135396518375242,0.6266924564796905,0.06731141199226305,1.4
Royce O'Neale,78,2213,263,625,212,520,27,38,59,313,372,208,84,32,103,177,765,1,0.596,14.3,1.0,,,2.7,0.061,0.083,0.024,PHX,78,2213,498,166,401,41.4,166.0,401.0,41.4,62.1,0.6416,0.7711538461538462,6.523271577044736,6.523271577044736,33.0,41.0,95.0,172.0,17.0,21.0,38.0,44.7,55.3,0.0,87.0,96.0,183.0,3266,2572,40,405,524,259,6.4,7.9,0.666967916854948,1.5454134658834162,2.798011748757343,0.2765476728422955,0.3416177135110709,0.6181653863533665,0.0,1.4152733845458654,1.56168097605061,2.9769543605964754,53.12968820605513,41.84003615002259,0.6507004066877542,6.588341617713511,8.52417532760958,4.213285133303208,2.317073170731707,0.6395061728395062,1.2553582363747704,10.167193854496158,14.3,0.832,0.0608,3.383642114776322,1.675553547220967,0.9597830998644374,5.091730682331677,1.3664708540442838,0.5205603253502034,0.04392227745142341,1.0
Rudy Gobert,76,2380,335,491,0,5,159,302,299,573,872,128,58,124,106,199,829,1,0.664,12.9,0.9,,,4.0,0.78,0.193,0.016,MIN,76,2380,8,4,14,28.6,0.0,5.0,0.0,28.6,0.0285132382892057,1.0,0.2117647058823529,0.0756302521008403,34.0,307.0,767.0,137.0,18.0,5.0,23.0,78.3,21.7,1.0,619.0,188.0,807.0,2623,1635,19,196,335,154,4.9,5.9,4.643697478991597,11.601680672268907,2.0722689075630254,0.2722689075630252,0.0756302521008403,0.3478991596638655,0.015126050420168,9.363025210084034,2.8436974789915967,12.20672268907563,39.67563025210084,24.73109243697479,0.2873949579831932,2.9647058823529413,5.067226890756302,2.3294117647058825,2.498371335504886,0.7857142857142857,11.704155547083491,7.426890756302521,12.9,0.010183299389002037,0.615071283095723,1.9361344537815126,1.6033613445378152,4.522689075630252,8.667226890756302,0.8773109243697479,1.8756302521008403,0.06050420168067227,0.9
Rui Hachimura,68,1927,307,597,116,262,50,72,41,185,226,57,39,21,42,110,780,1,0.62,15.2,-1.5,,,1.1,0.159,0.106,0.297,LAL,68,1927,349,120,270,44.4,109.0,249.0,43.8,64.6,0.4522613065326633,0.950381679389313,5.044110015568241,4.651790347690711,28.0,29.0,66.0,85.0,9.0,10.0,19.0,47.4,52.6,1.0,152.0,83.0,235.0,1362,1465,6,106,158,71,4.2,5.2,0.5417747794499221,1.2330046704722366,1.5879605604566684,0.1681370005189413,0.1868188894654904,0.3549558899844318,0.018681888946549,2.8396471198754543,1.5505967825635705,4.390243902439025,25.444732745199797,27.368967306694344,0.1120913336792942,1.9802802283341985,2.951738453554748,1.3264141152049818,2.2758620689655173,0.6698113207547169,2.129221732745962,11.153087701089778,15.2,0.4388609715242881,0.12060301507537688,1.0648676699532953,0.7846393357550597,0.7659574468085106,3.456149455111573,0.7285936689154127,0.39231966787752987,0.020550077841203947,-1.5
Russell Westbrook,64,1853,358,839,128,379,127,183,80,268,348,426,83,12,209,147,971,1,0.528,25.9,-1.0,,,0.9,0.136,0.244,0.168,SAC,64,1853,297,99,285,34.7,99.0,283.0,35.0,52.1,0.3396901072705602,0.7467018469656992,5.536967080410146,5.498111171073934,37.0,10.0,22.0,137.0,25.0,21.0,46.0,54.3,45.7,0.0,49.0,61.0,110.0,3087,4061,34,756,1015,503,13.8,16.3,0.1942795466810577,0.427415002698327,2.6616297895304912,0.4856988667026443,0.4079870480302213,0.8936859147328656,0.0,0.9519697787371828,1.1851052347544522,2.137075013491635,59.97409606044253,78.89692390717755,0.6605504587155964,14.687533729087964,19.71937398812736,9.772261198057205,2.2,0.6653439153439153,0.3239390994493035,16.300053966540744,25.9,0.45172824791418353,0.21811680572109654,8.276308688613058,4.060442525634106,1.5542363734484619,5.206691851052347,1.6125202374527792,0.23313545601726926,0.017485159201295196,-1.0
Ryan Dunn,70,1355,164,362,56,169,23,47,99,198,297,102,60,29,56,130,407,1,0.532,13.7,1.2,,,1.9,0.331,0.16,0.041,PHX,70,1355,162,54,159,34.0,54.0,156.0,34.6,50.9,0.4392265193370165,0.9230769230769232,4.224354243542435,4.144649446494465,23.0,26.0,63.0,125.0,15.0,10.0,25.0,60.0,40.0,0.0,130.0,119.0,249.0,1290,1065,10,170,255,114,7.9,8.8,0.6907749077490775,1.67380073800738,3.321033210332103,0.3985239852398524,0.2656826568265683,0.6642066420664207,0.0,3.4538745387453877,3.161623616236162,6.61549815498155,34.27306273062731,28.29520295202952,0.2656826568265683,4.516605166051661,6.7749077490774905,3.028782287822878,2.423076923076923,0.6705882352941176,2.0155038759689923,9.617712177121772,13.7,0.46685082872928174,0.1298342541436464,2.7099630996309965,1.4878228782287823,2.6302583025830257,5.2605166051660515,1.5940959409594098,0.770479704797048,0.05047970479704797,1.2
Ryan Kalkbrenner,69,1479,219,291,0,5,83,116,167,210,377,54,32,101,62,107,521,1,0.762,11.6,1.3,,,2.1,0.763,0.21,0.01,CHA,69,1479,4,2,5,40.0,0.0,2.0,0.0,40.0,0.0171821305841924,0.4,0.1217038539553752,0.0486815415821501,24.0,165.0,394.0,71.0,9.0,14.0,23.0,39.1,60.9,2.0,505.0,142.0,647.0,1189,866,14,109,152,75,4.5,6.3,4.016227180527383,9.59026369168357,1.7281947261663286,0.2190669371196754,0.3407707910750507,0.5598377281947262,0.0486815415821501,12.2920892494929,3.4563894523326573,15.748478701825558,28.94117647058824,21.079107505070997,0.3407707910750507,2.6531440162271807,3.699797160243408,1.8255578093306288,2.387878787878788,0.6880733944954128,13.877207737594617,7.0831643002028395,11.6,0.01718213058419244,0.39862542955326463,1.3144016227180528,1.5091277890466532,4.064908722109533,5.1115618661257605,0.7789046653144016,2.4584178498985803,0.051115618661257606,1.3
Ryan Nembhard,60,1171,162,390,48,135,25,31,13,120,133,316,25,2,85,86,397,1,0.492,17.5,-1.7,,,0.7,0.09,0.159,0.405,DAL,60,1171,95,33,92,35.9,29.0,83.0,34.9,51.6,0.2358974358974359,0.6148148148148148,2.828351836037575,2.551665243381725,23.0,12.0,27.0,37.0,12.0,15.0,27.0,44.4,55.6,2.0,54.0,50.0,104.0,2016,2786,36,509,782,372,15.7,18.5,0.3689154568744662,0.8300597779675492,1.1374893253629377,0.3689154568744662,0.4611443210930828,0.8300597779675492,0.0614859094790777,1.6601195559350983,1.5371477369769428,3.197267292912041,61.97779675491034,85.64987190435525,1.1067463706233989,15.648163962425278,24.040990606319387,11.436379163108452,2.25,0.730844793713163,0.5952380952380952,11.989752348420154,17.5,0.34615384615384615,0.07948717948717948,9.714773697694278,2.613151152860803,0.3996584116140051,3.6891545687446627,0.7685738684884714,0.06148590947907771,0.021520068317677197,-1.7
Ryan Rollins,74,2376,486,1030,184,453,125,157,54,284,338,414,110,31,201,193,1281,1,0.583,24.2,-0.5,,,1.8,0.204,0.152,0.204,MIL,74,2375,299,100,238,42.0,99.0,236.0,41.9,62.8,0.2310679611650485,0.5209713024282561,3.606060606060606,3.575757575757576,23.0,9.0,19.0,299.0,22.0,28.0,50.0,44.0,56.0,4.0,154.0,134.0,288.0,3779,5213,76,787,1089,529,11.0,14.0,0.1363636363636363,0.2878787878787879,4.53030303030303,0.3333333333333333,0.4242424242424242,0.7575757575757576,0.0606060606060606,2.333333333333333,2.0303030303030303,4.363636363636363,57.25757575757576,78.98484848484848,1.1515151515151516,11.924242424242424,16.5,8.015151515151516,2.111111111111111,0.6721728081321474,0.2381582429214077,15.606060606060607,24.2,0.43980582524271844,0.1524271844660194,6.2727272727272725,3.0454545454545454,0.8181818181818182,4.303030303030303,1.6666666666666667,0.4696969696969697,0.027272727272727275,-0.5
Saddiq Bey,72,2246,436,967,151,412,248,295,121,279,400,182,68,7,68,95,1271,1,0.579,21.6,-1.8,,,1.0,0.27,0.209,0.095,NOP,72,2246,348,117,309,37.9,114.0,302.0,37.7,56.3,0.3195449844881075,0.7330097087378641,4.952804986642921,4.840605520926091,27.0,19.0,45.0,97.0,19.0,20.0,39.0,48.7,51.3,1.0,98.0,85.0,183.0,1858,2389,21,305,458,212,9.8,11.4,0.3045414069456812,0.7212822796081924,1.5547640249332146,0.3045414069456812,0.3205699020480855,0.6251113089937667,0.0160284951024042,1.570792520035619,1.3624220837043632,2.933214603739982,29.780943900267143,38.29207479964381,0.3365983971504898,4.888691006233303,7.341050756901158,3.398040961709706,2.3684210526315788,0.6950819672131148,1.022604951560818,15.499554764024932,21.6,0.42605997931747674,0.3050672182006205,2.9171861086375777,1.0899376669634906,1.939447907390917,4.471950133570792,1.0899376669634906,0.11219946571682991,0.016028495102404273,-1.8
Sam Hauser,78,1934,252,601,198,504,17,20,56,244,300,114,38,23,35,113,719,1,0.59,14.5,0.0,,,2.1,0.04,0.03,0.092,BOS,78,1934,493,165,418,39.5,163.0,413.0,39.5,59.0,0.6955074875207987,0.8194444444444444,7.78076525336091,7.687693898655636,28.0,57.0,136.0,95.0,13.0,13.0,26.0,50.0,50.0,0.0,187.0,119.0,306.0,2056,1693,12,185,297,128,5.5,6.2,1.0610134436401242,2.531540847983454,1.7683557394002067,0.2419855222337125,0.2419855222337125,0.483971044467425,0.0,3.4808686659772494,2.215098241985522,5.695966907962771,38.27094105480869,31.51396070320579,0.2233712512926577,3.44364012409514,5.528438469493278,2.382626680455016,2.3859649122807016,0.6918918918918919,2.772373540856031,11.18717683557394,14.5,0.8386023294509152,0.033277870216306155,2.1220268872802484,0.6514994829369183,1.0423991726990693,4.541882109617373,0.7073422957600828,0.4281282316442606,0.0390899689762151,0.0
Sam Merrill,52,1377,223,484,158,375,59,69,28,105,133,125,33,7,42,127,663,1,0.644,17.0,-1.0,,,0.9,0.089,0.056,0.081,CLE,52,1377,359,120,276,43.5,119.0,271.0,43.9,65.0,0.5702479338842975,0.7226666666666667,7.215686274509804,7.084967320261438,30.0,34.0,78.0,79.0,10.0,9.0,19.0,52.6,47.4,3.0,97.0,53.0,150.0,1518,1765,25,217,313,168,8.2,11.1,0.8888888888888888,2.0392156862745097,2.065359477124183,0.261437908496732,0.2352941176470588,0.4967320261437908,0.0784313725490196,2.5359477124183005,1.3856209150326797,3.92156862745098,39.68627450980392,46.1437908496732,0.6535947712418301,5.673202614379085,8.183006535947712,4.392156862745098,2.294117647058824,0.7741935483870968,2.2397891963109355,12.653594771241831,17.0,0.7747933884297521,0.14256198347107438,3.2679738562091503,1.0980392156862746,0.7320261437908497,2.7450980392156863,0.8627450980392157,0.18300653594771243,0.023529411764705882,-1.0
Sandro Mamukelashvili,80,1751,330,631,115,296,118,158,108,287,395,151,64,41,67,147,893,1,0.637,18.8,0.7,,,2.5,0.339,0.162,0.031,TOR,80,1751,336,113,289,39.1,110.0,282.0,39.0,58.1,0.4580031695721077,0.9527027027027029,5.941747572815534,5.797829811536265,27.0,84.0,188.0,138.0,14.0,17.0,31.0,45.2,54.8,0.0,320.0,138.0,458.0,1901,1854,21,276,385,185,7.9,9.7,1.727013135351228,3.86521987435751,2.837235865219874,0.287835522558538,0.3495145631067961,0.6373500856653341,0.0,6.579097658480868,2.837235865219874,9.416333523700745,39.083952027412906,38.11764705882353,0.431753283837807,5.674471730439748,7.915476870359794,3.803540833809252,2.238095238095238,0.6702898550724637,4.418726985796949,12.973158195316962,18.8,0.46909667194928684,0.25039619651347067,3.1045117075956594,1.3774985722444317,2.220445459737293,5.900628212450028,1.3158195316961736,0.8429468874928612,0.05139920045688178,0.7
Santi Aldama,43,1198,228,476,70,200,76,114,67,220,287,126,37,31,55,69,602,1,0.572,20.2,0.4,,,1.0,0.206,0.263,0.111,MEM,43,1198,204,71,191,37.2,62.0,176.0,35.2,53.4,0.4012605042016807,0.88,5.739565943238731,5.28881469115192,25.0,25.0,59.0,61.0,9.0,8.0,17.0,52.9,47.1,2.0,184.0,103.0,287.0,1673,1513,22,215,325,157,7.5,9.4,0.7512520868113522,1.7729549248747911,1.8330550918196995,0.2704507512520868,0.2404006677796327,0.5108514190317195,0.0601001669449081,5.529215358931553,3.095158597662772,8.624373956594324,50.27378964941569,45.46577629382304,0.66110183639399,6.460767946577629,9.766277128547578,4.717863105175292,2.36,0.7302325581395349,1.4943215780035863,14.303839732888148,20.2,0.42016806722689076,0.23949579831932774,3.7863105175292153,1.652754590984975,2.013355592654424,6.6110183639399,1.1118530884808013,0.9315525876460768,0.03005008347245409,0.4
Scoot Henderson,30,748,143,342,57,162,84,100,18,62,80,112,27,9,73,85,427,1,0.553,25.0,-0.5,,,0.7,0.205,0.184,0.137,POR,30,748,110,37,98,37.8,36.0,94.0,38.3,56.1,0.2865497076023391,0.5802469135802469,4.716577540106952,4.524064171122995,22.0,1.0,2.0,74.0,3.0,4.0,7.0,42.9,57.1,0.0,25.0,38.0,63.0,1129,1615,23,227,298,148,9.9,13.1,0.0481283422459893,0.0962566844919786,3.5614973262032086,0.1443850267379679,0.1925133689839572,0.3368983957219251,0.0,1.2032085561497323,1.8288770053475936,3.0320855614973263,54.33689839572192,77.72727272727273,1.106951871657754,10.925133689839573,14.342245989304812,7.122994652406417,2.0,0.6519823788546255,0.0885739592559787,16.459893048128343,25.0,0.47368421052631576,0.29239766081871343,5.390374331550802,3.513368983957219,0.8663101604278074,2.983957219251337,1.299465240641711,0.4331550802139037,0.03368983957219251,-0.5
Scottie Barnes,80,2681,569,1123,68,224,242,297,149,451,600,474,114,116,210,211,1448,1,0.577,23.4,2.3,,,4.5,0.302,0.249,0.25,TOR,80,2681,233,89,239,37.2,55.0,181.0,30.4,48.7,0.2128227960819234,0.8080357142857143,3.209250279746364,2.430436404326744,24.0,83.0,190.0,254.0,24.0,24.0,48.0,50.0,50.0,1.0,325.0,147.0,472.0,4001,4149,56,767,1155,576,11.8,14.4,1.114509511376352,2.551286833271168,3.410667661320403,0.3222678105184632,0.3222678105184632,0.6445356210369265,0.0134278254382693,4.364043267437523,1.973890339425588,6.337933606863111,53.72472957851548,55.71204774337934,0.7519582245430809,10.299142111152555,15.509138381201044,7.734427452443118,2.289156626506024,0.7509778357235984,2.074481379655086,15.079447967176426,23.4,0.19946571682991987,0.26447016918967053,6.364789257739649,2.8198433420365534,2.000745990302126,6.055949272659455,1.5307720999627004,1.557627750839239,0.06042521447221186,2.3
Shaedon Sharpe,50,1471,392,868,103,306,155,197,51,166,217,132,70,6,147,98,1042,1,0.546,30.5,-0.9,,,1.6,0.244,0.184,0.219,POR,50,1471,91,31,91,34.1,29.0,86.0,33.7,50.0,0.1048387096774193,0.2810457516339869,2.227056424201224,2.10469068660775,23.0,2.0,4.0,96.0,16.0,13.0,29.0,55.2,44.8,1.0,52.0,73.0,125.0,1526,2417,30,273,365,176,8.7,11.5,0.0489462950373895,0.097892590074779,2.3494221617946973,0.3915703602991162,0.3181509177430319,0.7097212780421482,0.0244731475186947,1.2726036709721278,1.7865397688647178,3.059143439836846,37.34602311352821,59.151597552685246,0.7341944255608429,6.681169272603671,8.932698844323589,4.307273963290279,2.0,0.6446886446886447,0.1310615989515072,21.242692046227056,30.5,0.35253456221198154,0.2269585253456221,3.230455472467709,3.5975526852481305,1.248130523453433,4.062542488103331,1.7131203263086336,0.14683888511216858,0.03915703602991163,-0.9
Shai Gilgeous-Alexander,68,2259,731,1321,115,298,540,614,38,254,292,448,95,52,151,139,2117,1,0.665,33.4,3.0,,,4.1,0.228,0.173,0.374,OKC,68,2259,90,35,72,48.6,20.0,50.0,40.0,62.5,0.0545041635124905,0.1677852348993288,1.1474103585657371,0.796812749003984,27.0,17.0,38.0,199.0,25.0,29.0,54.0,46.3,53.7,1.0,158.0,136.0,294.0,2593,4798,75,863,1175,553,17.3,21.3,0.2709163346613545,0.6055776892430279,3.1713147410358564,0.398406374501992,0.4621513944223107,0.8605577689243028,0.0159362549800796,2.5179282868525896,2.1673306772908365,4.685258964143427,41.322709163346616,76.4621513944223,1.195219123505976,13.752988047808763,18.725099601593627,8.812749003984063,2.235294117647059,0.6407879490150638,0.6556112610875434,21.051792828685258,33.4,0.22558667676003027,0.4647993943981832,7.139442231075697,2.406374501992032,0.6055776892430279,4.047808764940239,1.5139442231075697,0.8286852589641434,0.06533864541832668,3.0
Sharife Cooper,41,700,127,247,29,76,50,60,18,68,86,124,16,5,61,61,333,1,0.609,20.0,-2.9,,,-0.1,0.312,0.178,0.203,WAS,41,700,51,17,42,40.5,17.0,41.0,41.5,60.7,0.1700404858299595,0.5394736842105263,2.16,2.1085714285714285,25.0,4.0,9.0,34.0,9.0,3.0,12.0,75.0,25.0,5.0,34.0,17.0,51.0,1104,1389,13,222,318,144,11.2,13.0,0.2057142857142857,0.4628571428571428,1.7485714285714289,0.4628571428571428,0.1542857142857142,0.6171428571428571,0.2571428571428571,1.7485714285714289,0.8742857142857143,2.6228571428571428,56.777142857142856,71.43428571428572,0.6685714285714286,11.417142857142856,16.354285714285716,7.405714285714286,2.25,0.6486486486486487,0.3623188405797101,12.702857142857143,20.0,0.3076923076923077,0.242914979757085,6.377142857142857,3.137142857142857,0.9257142857142857,3.497142857142857,0.8228571428571428,0.2571428571428571,-0.0051428571428571435,-2.9
Sidy Cissoko,75,1435,133,334,59,198,58,88,62,104,166,110,52,25,70,183,383,1,0.514,12.5,0.5,,,1.3,0.216,0.159,0.033,POR,75,1435,159,53,180,29.4,53.0,179.0,29.6,44.2,0.5389221556886228,0.904040404040404,4.515679442508711,4.490592334494774,22.0,20.0,47.0,114.0,15.0,13.0,28.0,53.6,46.4,8.0,103.0,64.0,167.0,1261,1257,12,210,290,129,8.7,10.2,0.5017421602787456,1.1790940766550522,2.8599303135888503,0.3763066202090592,0.3261324041811846,0.7024390243902439,0.2006968641114982,2.58397212543554,1.605574912891986,4.189547038327526,31.634843205574917,31.534494773519164,0.3010452961672474,5.2682926829268295,7.275261324041812,3.2362369337979096,2.35,0.6142857142857143,1.5860428231562251,8.379094076655052,12.5,0.592814371257485,0.2634730538922156,2.759581881533101,1.7560975609756098,1.5554006968641114,2.6090592334494773,1.3045296167247387,0.627177700348432,0.032613240418118465,0.5
Simone Fontecchio,70,1173,194,471,123,328,86,102,56,155,211,101,37,9,49,104,597,1,0.579,19.6,-0.2,,,1.2,0.151,0.127,0.026,MIA,70,1172,302,101,278,36.3,100.0,275.0,36.4,54.3,0.5902335456475584,0.8384146341463414,8.531969309462916,8.439897698209718,30.0,6.0,15.0,71.0,12.0,11.0,23.0,52.2,47.8,0.0,83.0,70.0,153.0,1150,1209,27,164,257,135,8.8,11.7,0.1841432225063938,0.4603580562659846,2.179028132992328,0.3682864450127877,0.3375959079283887,0.7058823529411765,0.0,2.547314578005115,2.1483375959079285,4.695652173913044,35.294117647058826,37.10485933503836,0.8286445012787724,5.033248081841432,7.887468030690537,4.143222506393862,2.5,0.823170731707317,0.5217391304347826,14.455242966751918,19.6,0.6963906581740976,0.21656050955414013,3.0997442455242967,1.50383631713555,1.7186700767263428,4.757033248081841,1.1355498721227621,0.27621483375959077,0.03682864450127877,-0.2
Sion James,82,1843,138,372,83,236,82,98,49,238,287,163,52,20,65,148,441,1,0.531,11.0,1.1,,,1.9,0.199,0.14,0.027,CHA,82,1843,222,74,207,35.7,74.0,206.0,35.9,53.6,0.5564516129032258,0.8728813559322034,4.043407487791644,4.023874118285404,23.0,42.0,98.0,105.0,8.0,11.0,19.0,42.1,57.9,1.0,173.0,108.0,281.0,2195,2059,21,297,443,196,7.4,8.9,0.8204015192620727,1.914270211611503,2.0510037981551816,0.1562669560499186,0.214867064568638,0.3711340206185567,0.0195333695062398,3.37927292457949,2.109603906673901,5.488876831253391,42.87574606619642,40.2192078133478,0.4102007596310363,5.8014107433532285,8.653282691264243,3.828540423223006,2.333333333333333,0.6599326599326599,1.913439635535308,7.2664134563212155,11.0,0.6344086021505376,0.26344086021505375,3.1839392295170916,1.2696690179055887,0.9571351058057515,4.648941942485078,1.015735214324471,0.3906673901247965,0.03711340206185567,1.1
Spencer Jones,64,1417,132,262,57,144,31,51,75,134,209,51,52,29,31,175,352,1,0.619,9.7,0.0,,,1.2,0.294,0.13,0.026,DEN,64,1417,164,55,143,38.5,54.0,138.0,39.1,57.3,0.5458015267175572,0.9583333333333334,3.63302752293578,3.505998588567396,25.0,55.0,137.0,127.0,17.0,15.0,32.0,53.1,46.9,4.0,187.0,94.0,281.0,746,584,7,98,136,61,6.8,8.2,1.397318278052223,3.480592801693719,3.2265349329569517,0.4318983768525053,0.3810868031051517,0.8129851799576571,0.1016231474947071,4.750882145377558,2.3881439661256176,7.139026111503176,18.95271700776288,14.83697953422724,0.1778405081157374,2.4897671136203248,3.4551870148200425,1.5497529992942838,2.4909090909090907,0.6224489795918368,7.372654155495979,6.656316160903318,9.7,0.549618320610687,0.1946564885496183,1.295695130557516,0.7875793930839803,1.9054340155257588,3.404375441072689,1.3211009174311927,0.7367678193366267,0.03048694424841214,0.0
Stephen Curry,43,1329,374,799,190,484,204,221,17,137,154,203,49,17,121,75,1142,1,0.637,32.5,-1.0,,,1.2,0.108,0.158,0.129,GSW,43,1329,293,100,267,37.5,93.0,249.0,37.3,54.9,0.3341677096370463,0.5144628099173554,7.232505643340858,6.744920993227991,38.0,38.0,85.0,104.0,20.0,18.0,38.0,52.6,47.4,3.0,59.0,60.0,119.0,1663,2892,78,368,514,304,12.2,18.3,1.0293453724604966,2.3024830699774266,2.8171557562076748,0.5417607223476298,0.4875846501128668,1.0293453724604966,0.0812641083521444,1.598194130925508,1.6252821670428894,3.2234762979683973,45.04740406320542,78.33860045146727,2.1128668171557563,9.968397291196387,13.923250564334086,8.234762979683973,2.236842105263158,0.8260869565217391,2.285027059530968,21.64334085778781,32.5,0.6057571964956195,0.2765957446808511,5.498871331828442,3.2776523702031604,0.4604966139954853,3.711060948081264,1.327313769751693,0.4604966139954853,0.03250564334085779,-1.0
Stephon Castle,68,2038,385,817,81,244,282,384,98,264,362,502,78,19,217,222,1133,1,0.575,24.9,0.9,,,2.9,0.31,0.262,0.13,SAS,68,2038,232,78,205,38.0,76.0,200.0,38.0,56.6,0.2509179926560587,0.819672131147541,3.621197252208047,3.53287536800785,21.0,32.0,76.0,156.0,25.0,15.0,40.0,62.5,37.5,1.0,172.0,119.0,291.0,3294,4370,53,860,1316,595,15.2,18.1,0.5652600588812562,1.3424926398429833,2.755642787046124,0.4416094210009813,0.2649656526005888,0.7065750736015701,0.0176643768400392,3.038272816486752,2.1020608439646717,5.140333660451423,58.186457311089306,77.19332679097154,0.9362119725220804,15.19136408243376,23.246319921491654,10.510304219823356,2.375,0.6918604651162791,0.9714632665452336,14.431795878312071,24.9,0.29865361077111385,0.4700122399020808,8.867517173699706,3.8331697742885185,1.7311089303238472,4.663395485770364,1.3778213935230619,0.3356231599607459,0.05122669283611384,0.9
Steven Adams,32,730,70,139,0,0,47,81,145,131,276,48,22,20,35,55,187,1,0.535,12.1,-0.3,,,1.0,0.655,0.309,0.036,HOU,32,730,2,1,1,100.0,0.0,0.0,,100.0,0.0071942446043165,,0.0493150684931506,0.0,32.0,91.0,200.0,31.0,13.0,3.0,16.0,81.3,18.8,0.0,127.0,51.0,178.0,672,439,8,69,109,59,7.1,8.8,4.487671232876712,9.863013698630136,1.5287671232876712,0.6410958904109589,0.147945205479452,0.7890410958904109,0.0,6.263013698630137,2.515068493150685,8.778082191780822,33.13972602739726,21.649315068493152,0.3945205479452054,3.4027397260273973,5.375342465753425,2.9095890410958902,2.197802197802198,0.855072463768116,13.541666666666666,6.854794520547945,12.1,0.0,0.5827338129496403,2.367123287671233,1.726027397260274,7.1506849315068495,6.46027397260274,1.084931506849315,0.9863013698630136,0.049315068493150684,-0.3
Svi Mykhailiuk,50,1156,173,362,98,240,25,28,36,88,124,93,26,3,42,63,469,1,0.626,14.8,-2.0,,,-0.2,0.13,0.152,0.0549999999999999,UTA,50,1156,195,65,155,41.9,65.0,153.0,42.5,62.9,0.4281767955801105,0.6375,4.826989619377162,4.764705882352941,29.0,17.0,38.0,80.0,10.0,14.0,24.0,41.7,58.3,1.0,65.0,62.0,127.0,996,1108,17,173,244,121,9.3,12.1,0.5294117647058824,1.1833910034602075,2.491349480968858,0.3114186851211072,0.4359861591695502,0.7474048442906575,0.0311418685121107,2.0242214532871974,1.930795847750865,3.9550173010380623,31.01730103806228,34.50519031141869,0.5294117647058824,5.387543252595155,7.598615916955017,3.7681660899653977,2.235294117647059,0.6994219653179191,1.7068273092369477,11.273356401384083,14.8,0.6629834254143646,0.07734806629834254,2.8961937716262973,1.3079584775086504,1.121107266435986,2.7404844290657437,0.8096885813148789,0.09342560553633217,-0.006228373702422145,-2.0
T.J. McConnell,56,963,242,450,16,50,25,29,22,102,124,287,56,10,64,62,525,1,0.567,23.2,0.4,,,0.8,0.144,0.278,0.4669999999999999,IND,56,963,63,24,55,43.6,15.0,39.0,38.5,57.3,0.1222222222222222,0.78,2.05607476635514,1.4579439252336448,34.0,3.0,9.0,116.0,12.0,22.0,34.0,35.3,64.7,4.0,36.0,41.0,77.0,2176,2934,40,512,768,356,13.2,16.4,0.1121495327102803,0.3364485981308411,4.336448598130841,0.4485981308411215,0.822429906542056,1.2710280373831775,0.1495327102803738,1.3457943925233644,1.5327102803738315,2.878504672897196,81.34579439252336,109.6822429906542,1.4953271028037385,19.14018691588785,28.710280373831772,13.30841121495327,3.0,0.6953125,0.1378676470588235,16.822429906542055,23.2,0.1111111111111111,0.06444444444444444,10.728971962616821,2.392523364485981,0.822429906542056,3.8130841121495322,2.0934579439252334,0.37383177570093457,0.029906542056074764,0.4
Tari Eason,60,1549,241,580,93,260,52,67,124,252,376,90,72,28,81,138,627,1,0.514,18.7,0.2,,,2.3,0.234,0.193,0.124,HOU,60,1549,247,83,233,35.6,81.0,218.0,37.2,53.0,0.4017241379310345,0.8384615384615385,5.4151065203357005,5.066494512588767,25.0,12.0,28.0,142.0,26.0,21.0,47.0,55.3,44.7,0.0,178.0,100.0,278.0,1585,1438,21,160,223,118,5.7,7.4,0.2788896061975468,0.6507424144609425,3.3001936733376374,0.6042608134280181,0.4880568108457069,1.092317624273725,0.0,4.136862491930278,2.324080051646223,6.460942543576501,36.83666881859264,33.42027114267269,0.4880568108457069,3.7185280826339575,5.182698515171079,2.742414460942544,2.333333333333333,0.7375,0.7570977917981072,13.479664299548094,18.7,0.4482758620689655,0.11551724137931034,2.0916720464816008,1.882504841833441,2.8818592640413168,5.856681730148483,1.6733376371852808,0.6507424144609425,0.05345384118786313,0.2
Taurean Prince,26,611,86,191,61,140,6,6,4,77,81,46,16,6,31,48,239,1,0.617,16.2,-1.8,,,0.3,0.063,0.089,0.1149999999999999,MIL,26,611,131,44,105,41.9,43.0,104.0,41.3,62.4,0.5497382198952879,0.7428571428571429,6.18657937806874,6.127659574468085,32.0,3.0,6.0,36.0,0.0,3.0,3.0,0.0,100.0,0.0,23.0,33.0,56.0,580,558,11,89,121,60,7.9,10.3,0.176759410801964,0.353518821603928,2.121112929623568,0.0,0.176759410801964,0.176759410801964,0.0,1.3551554828150574,1.944353518821604,3.299509001636661,34.173486088379704,32.877250409165306,0.6481178396072013,5.243862520458265,7.129296235679214,3.53518821603928,2.0,0.6741573033707865,0.5172413793103449,11.25368248772504,16.2,0.7329842931937173,0.031413612565445025,2.7103109656301148,1.8265139116202946,0.23567921440261866,4.536824877250409,0.9427168576104746,0.353518821603928,0.0176759410801964,-1.8
Taylor Hendricks,118,2236,326,710,126,368,98,144,130,312,442,110,100,60,100,198,876,3,0.566,16.2,-0.9,,,1.6,0.234,0.214,0.034,MEM,59,1118,179,60,173,34.7,59.0,171.0,34.5,51.7,0.2436619718309859,0.4646739130434782,2.7853309481216457,2.7531305903398926,22.0,68.0,161.0,97.0,8.0,6.0,14.0,57.1,42.9,1.0,131.0,91.0,222.0,804,742,6,94,142,63,6.8,7.8,1.0948121645796065,2.592128801431127,1.5617173524150267,0.1288014311270125,0.0966010733452593,0.2254025044722719,0.0161001788908765,2.10912343470483,1.4651162790697674,3.5742397137745976,12.94454382826476,11.946332737030412,0.0966010733452593,1.513416815742397,2.2862254025044724,1.0143112701252237,2.367647058823529,0.6702127659574468,8.457711442786069,11.431127012522362,16.2,0.5183098591549296,0.2028169014084507,1.7710196779964222,1.6100178890876566,2.0930232558139537,5.023255813953488,1.6100178890876566,0.966010733452594,0.02576028622540251,-0.9
Terance Mann,63,1529,168,368,56,154,63,80,70,130,200,190,41,15,71,155,455,1,0.564,13.5,-0.7,,,0.6,0.234,0.196,0.152,BKN,63,1529,132,45,112,40.2,42.0,104.0,40.4,58.9,0.3043478260869565,0.6753246753246753,2.6370176586003926,2.44865925441465,29.0,27.0,66.0,124.0,10.0,8.0,18.0,55.6,44.4,3.0,98.0,73.0,171.0,2005,2176,26,376,480,223,9.5,11.1,0.6357096141268803,1.5539568345323742,2.9195552648790057,0.2354480052321779,0.1883584041857423,0.4238064094179202,0.0706344015696533,2.307390451275343,1.7187704381948987,4.026160889470242,47.20732504905167,51.23348593852191,0.6121648136036625,8.852844996729889,11.30150425114454,5.250490516677567,2.4444444444444446,0.5930851063829787,1.346633416458853,8.664486592544147,13.5,0.41847826086956524,0.21739130434782608,4.47351209941138,1.671680837148463,1.6481360366252453,3.0608240680183125,0.9653368214519293,0.35317200784826686,0.014126880313930673,-0.7
Terrence Shannon Jr.,43,538,77,171,31,76,56,70,10,39,49,38,14,1,24,50,241,1,0.597,17.7,-1.1,,,0.4,0.345,0.14,0.07,MIN,43,538,51,17,52,32.7,17.0,51.0,33.3,49.0,0.3040935672514619,0.6710526315789473,3.479553903345725,3.412639405204461,25.0,7.0,17.0,29.0,3.0,2.0,5.0,60.0,40.0,2.0,42.0,29.0,71.0,439,616,6,89,99,46,8.7,10.5,0.4684014869888476,1.137546468401487,1.9405204460966543,0.2007434944237918,0.1338289962825278,0.3345724907063197,0.1338289962825278,2.8104089219330857,1.9405204460966543,4.75092936802974,29.37546468401487,41.21933085501859,0.4014869888475836,5.955390334572491,6.62453531598513,3.0780669144981414,2.4285714285714284,0.5168539325842697,1.5945330296127562,11.442379182156133,17.7,0.4444444444444444,0.4093567251461988,2.5427509293680295,1.6059479553903344,0.6691449814126393,2.6096654275092934,0.9368029739776951,0.06691449814126393,0.026765799256505574,-1.1
Thomas Bryant,60,732,135,267,47,131,53,66,59,146,205,33,18,26,28,75,370,1,0.625,18.6,-0.7,,,0.9,0.311,0.15,0.049,CLE,60,732,148,51,137,37.2,46.0,125.0,36.8,54.0,0.5131086142322098,0.9541984732824428,6.737704918032787,6.147540983606557,28.0,61.0,140.0,36.0,7.0,5.0,12.0,58.3,41.7,1.0,159.0,31.0,190.0,872,734,9,51,87,47,3.8,5.4,3.0,6.885245901639344,1.7704918032786885,0.3442622950819672,0.2459016393442623,0.5901639344262295,0.0491803278688524,7.819672131147541,1.524590163934426,9.344262295081966,42.885245901639344,36.09836065573771,0.4426229508196721,2.5081967213114758,4.278688524590164,2.3114754098360657,2.295081967213114,0.9215686274509804,6.995412844036697,13.131147540983607,18.6,0.49063670411985016,0.24719101123595505,1.6229508196721312,1.3770491803278688,2.901639344262295,7.1803278688524586,0.8852459016393442,1.278688524590164,0.04426229508196721,-0.7
Tidjane Salaün,37,575,80,159,36,83,26,40,26,123,149,27,16,7,26,54,222,1,0.629,14.9,0.4,,,0.8,0.27,0.208,0.0,CHA,37,575,102,34,80,42.5,34.0,80.0,42.5,63.8,0.5031446540880503,0.963855421686747,5.008695652173913,5.008695652173913,20.0,19.0,47.0,38.0,3.0,6.0,9.0,33.3,66.7,1.0,54.0,41.0,95.0,607,428,2,62,74,31,4.4,5.1,1.1895652173913045,2.942608695652174,2.3791304347826085,0.1878260869565217,0.3756521739130434,0.5634782608695652,0.0626086956521739,3.3808695652173912,2.5669565217391304,5.947826086956522,38.00347826086957,26.796521739130437,0.1252173913043478,3.881739130434783,4.63304347826087,1.9408695652173915,2.473684210526316,0.5,3.1301482701812198,9.954782608695654,14.9,0.5220125786163522,0.25157232704402516,1.6904347826086958,1.6278260869565218,1.6278260869565218,7.700869565217392,1.0017391304347827,0.4382608695652174,0.05008695652173914,0.4
Tim Hardaway Jr.,80,2127,348,779,224,550,159,196,17,189,206,108,42,10,43,100,1079,1,0.624,18.5,-1.9,,,1.0,0.074,0.089,0.131,DEN,80,2127,549,186,443,42.0,177.0,427.0,41.5,62.0,0.5686777920410783,0.7763636363636364,7.497884344146685,7.227080394922426,34.0,34.0,83.0,69.0,5.0,10.0,15.0,33.3,66.7,7.0,123.0,111.0,234.0,1552,1866,20,188,268,138,7.0,8.9,0.5754583921015515,1.4047954866008463,1.1678420310296191,0.0846262341325811,0.1692524682651622,0.2538787023977433,0.1184767277856135,2.081805359661495,1.8787023977433004,3.960507757404796,26.26798307475317,31.582510578279265,0.3385049365303244,3.1819464033850493,4.535966149506347,2.3356840620592383,2.4411764705882355,0.7340425531914894,2.1907216494845363,13.184767277856137,18.5,0.7060333761232349,0.251604621309371,1.827926657263752,0.7277856135401976,0.28772919605077574,3.198871650211566,0.7108603667136812,0.16925246826516221,0.01692524682651622,-1.9
Tobias Harris,63,1746,309,659,82,223,136,157,55,268,323,157,58,26,63,107,836,1,0.574,18.8,0.8,,,2.7,0.158,0.284,0.2209999999999999,DET,63,1745,234,79,213,37.1,76.0,200.0,38.0,54.9,0.3232169954476479,0.8968609865470852,4.391752577319588,4.123711340206185,33.0,21.0,45.0,89.0,15.0,16.0,31.0,48.4,51.6,0.0,129.0,115.0,244.0,1819,1842,29,250,390,199,8.6,10.9,0.4329896907216495,0.9278350515463918,1.8350515463917525,0.3092783505154639,0.3298969072164948,0.6391752577319587,0.0,2.6597938144329896,2.3711340206185567,5.030927835051546,37.50515463917526,37.97938144329897,0.5979381443298969,5.154639175257732,8.041237113402062,4.103092783505154,2.142857142857143,0.796,1.154480483782298,13.587628865979381,18.8,0.33839150227617604,0.23823975720789076,3.2371134020618557,1.2989690721649485,1.134020618556701,5.525773195876289,1.1958762886597938,0.5360824742268041,0.05567010309278351,0.8
Tony Bradley,82,900,128,234,4,8,64,86,120,112,232,44,12,14,36,124,324,3,0.596,14.5,-1.7,,,0.4,0.504,0.359,0.103,ATL,41,451,12,5,10,50.0,2.0,4.0,50.0,60.0,0.0427350427350427,0.5,0.4,0.16,28.0,37.0,88.0,14.0,4.0,3.0,7.0,57.1,42.9,0.0,81.0,31.0,112.0,359,276,3,40,58,28,6.1,7.8,1.48,3.52,0.56,0.16,0.12,0.28,0.0,3.24,1.24,4.48,14.36,11.04,0.12,1.6,2.32,1.12,2.3783783783783785,0.7,10.30640668523677,9.36,14.5,0.03418803418803419,0.36752136752136755,1.76,1.44,4.8,4.48,0.48,0.56,0.016,-1.7
Toumani Camara,82,2731,392,891,219,592,97,137,129,292,421,201,94,35,144,237,1100,1,0.578,16.3,0.0,,,2.7,0.175,0.135,0.026,POR,82,2731,530,177,463,38.2,176.0,459.0,38.3,57.2,0.5196408529741863,0.7753378378378378,6.103258879531308,6.050530941047236,26.0,65.0,159.0,213.0,22.0,18.0,40.0,55.0,45.0,18.0,253.0,172.0,425.0,3371,3099,36,409,530,253,6.0,7.5,0.8568290003661663,2.095935554741853,2.807762724276821,0.2900036616623947,0.2372757231783229,0.5272793848407177,0.2372757231783229,3.3350421091175395,2.267301354815086,5.602343463932625,44.43647015745148,40.8509703405346,0.4745514463566459,5.391431709996338,6.98645184913951,3.3350421091175395,2.4461538461538463,0.6185819070904646,1.928211213289825,11.745148297326987,16.3,0.6644219977553311,0.1537598204264871,2.6495789088246067,1.8982057854265837,1.7004760161113146,3.849139509337239,1.2391065543756865,0.461369461735628,0.03559135847674845,0.0
Trae Young,30,768,162,354,54,160,160,194,8,52,60,240,26,4,78,66,538,3,0.612,28.1,-1.4,,,0.4,0.147,0.175,0.2259999999999999,WAS,15,384,21,7,19,36.8,7.0,19.0,36.8,55.3,0.0536723163841807,0.11875,0.890625,0.890625,27.0,2.0,4.0,24.0,5.0,3.0,8.0,62.5,37.5,1.0,7.0,8.0,15.0,628,1046,20,210,309,151,19.1,24.0,0.09375,0.1875,1.125,0.234375,0.140625,0.375,0.046875,0.328125,0.375,0.703125,29.4375,49.03125,0.9375,9.84375,14.484375,7.078125,2.0,0.719047619047619,0.3184713375796178,16.59375,28.1,0.4519774011299435,0.5480225988700564,11.25,3.65625,0.375,2.4375,1.21875,0.1875,0.018750000000000003,-1.4
Trayce Jackson-Davis,106,992,142,248,2,2,76,148,132,158,290,78,34,48,44,90,362,3,0.578,15.3,0.4,,,1.4,0.71,0.282,0.0,TOR,53,496,3,1,1,100.0,1.0,1.0,100.0,150.0,0.0040322580645161,0.5,0.0362903225806451,0.0362903225806451,26.0,59.0,138.0,30.0,8.0,4.0,12.0,66.7,33.3,0.0,137.0,39.0,176.0,639,528,3,89,106,46,6.1,7.2,2.1411290322580645,5.008064516129032,1.0887096774193548,0.2903225806451613,0.1451612903225806,0.4354838709677419,0.0,4.971774193548387,1.4153225806451613,6.387096774193548,23.18951612903226,19.161290322580644,0.1088709677419354,3.2298387096774195,3.846774193548387,1.6693548387096775,2.3389830508474576,0.5168539325842697,9.23317683881064,9.0,15.3,0.008064516129032258,0.5967741935483871,2.830645161290323,1.5967741935483872,4.790322580645162,5.733870967741936,1.2338709677419355,1.741935483870968,0.050806451612903224,0.4
Tre Johnson,60,1443,271,647,115,321,76,87,29,141,170,122,33,18,93,122,733,1,0.535,22.5,-2.9,,,-0.1,0.071,0.178,0.255,WAS,60,1443,229,79,215,36.7,71.0,203.0,35.0,53.3,0.3323029366306028,0.632398753894081,5.363825363825364,5.0644490644490645,20.0,9.0,22.0,81.0,7.0,7.0,14.0,50.0,50.0,0.0,80.0,70.0,150.0,1167,1602,20,230,300,147,10.5,12.6,0.2245322245322245,0.5488565488565489,2.0207900207900207,0.1746361746361746,0.1746361746361746,0.3492723492723493,0.0,1.995841995841996,1.7463617463617465,3.7422037422037424,29.114345114345117,39.96673596673597,0.498960498960499,5.738045738045738,7.484407484407485,3.6673596673596673,2.4444444444444446,0.6391304347826087,0.7712082262210797,16.14137214137214,22.5,0.49613601236476046,0.13446676970633695,3.043659043659044,2.3201663201663205,0.7234927234927235,3.517671517671518,0.8232848232848233,0.4490644490644491,-0.002494802494802495,-2.9
Tre Jones,65,1752,341,617,41,130,191,227,38,166,204,350,76,11,92,94,914,1,0.637,19.2,0.1,,,1.1,0.48,0.237,0.073,CHI,65,1752,81,27,97,27.8,27.0,94.0,28.7,41.8,0.1572123176661264,0.7230769230769231,1.9931506849315068,1.9315068493150684,26.0,19.0,45.0,145.0,15.0,12.0,27.0,55.6,44.4,8.0,101.0,59.0,160.0,2995,3846,49,699,902,416,11.7,13.9,0.3904109589041096,0.9246575342465754,2.9794520547945207,0.3082191780821918,0.2465753424657534,0.5547945205479452,0.1643835616438356,2.0753424657534247,1.2123287671232876,3.287671232876712,61.54109589041096,79.02739726027397,1.0068493150684932,14.363013698630136,18.534246575342465,8.547945205479452,2.3684210526315788,0.5951359084406295,0.6343906510851419,12.67808219178082,19.2,0.2106969205834684,0.3679092382495948,7.191780821917808,1.8904109589041096,0.7808219178082192,3.410958904109589,1.5616438356164384,0.22602739726027396,0.022602739726027398,0.1
Tre Mann,53,669,109,303,50,155,23,27,20,72,92,86,25,5,54,69,291,1,0.462,23.3,-0.8,,,0.7,0.122,0.172,0.194,CHA,53,668,84,28,77,36.4,28.0,76.0,36.8,54.5,0.2541254125412541,0.4903225806451612,4.143497757847534,4.089686098654709,25.0,9.0,23.0,50.0,6.0,8.0,14.0,42.9,57.1,0.0,43.0,36.0,79.0,999,1288,16,172,226,110,8.6,11.0,0.484304932735426,1.2376681614349776,2.690582959641256,0.3228699551569506,0.4304932735426009,0.7533632286995515,0.0,2.31390134529148,1.937219730941704,4.251121076233184,53.75784753363229,69.30941704035874,0.8609865470852018,9.25560538116592,12.161434977578477,5.9192825112107625,2.555555555555556,0.6395348837209303,0.9009009009009008,16.30493273542601,23.3,0.5115511551155115,0.0891089108910891,4.62780269058296,2.905829596412556,1.0762331838565022,3.874439461883408,1.345291479820628,0.26905829596412556,0.03766816143497758,-0.8
Trendon Watford,53,864,138,268,10,50,60,77,38,137,175,132,16,22,64,107,346,1,0.573,17.9,0.2,,,0.8,0.317,0.425,0.071,PHI,53,864,27,9,44,20.5,9.0,43.0,20.9,30.7,0.1641791044776119,0.86,1.8333333333333333,1.7916666666666667,25.0,17.0,41.0,44.0,13.0,6.0,19.0,68.4,31.6,0.0,99.0,85.0,184.0,1627,1440,15,243,334,158,8.1,9.7,0.7083333333333334,1.7083333333333333,1.8333333333333333,0.5416666666666666,0.25,0.7916666666666666,0.0,4.125,3.5416666666666665,7.666666666666667,67.79166666666667,60.0,0.625,10.125,13.916666666666666,6.583333333333333,2.411764705882353,0.6502057613168725,1.0448678549477566,11.166666666666666,17.9,0.1865671641791045,0.2873134328358209,5.5,2.6666666666666665,1.5833333333333333,5.708333333333333,0.6666666666666666,0.9166666666666666,0.03333333333333333,0.2
Trey Murphy III,66,2341,494,1050,214,565,218,246,63,314,377,250,99,24,120,138,1420,1,0.613,22.7,-0.6,,,1.6,0.21,0.154,0.0969999999999999,NOP,66,2341,443,149,344,43.3,145.0,338.0,42.9,64.4,0.3276190476190476,0.5982300884955752,5.290046988466467,5.197778727039727,26.0,40.0,86.0,185.0,16.0,23.0,39.0,41.0,59.0,0.0,175.0,142.0,317.0,2628,3258,44,468,608,314,9.5,11.9,0.615121742844938,1.3225117471166168,2.8449380606578387,0.2460486971379752,0.3536950021358394,0.5997436992738147,0.0,2.691157624946604,2.18368218709953,4.874839812046134,40.41349850491243,50.10166595472021,0.6766339171294319,7.196924391285775,9.34985049124306,4.828705681332764,2.15,0.6709401709401709,1.5220700152207,16.146945749679624,22.7,0.5380952380952381,0.2342857142857143,3.844510892780863,1.845365228534814,0.9688167449807774,4.828705681332764,1.5224263135412217,0.36907304570696287,0.024604869713797523,-0.6
Tristan Da Silva,77,1899,279,620,120,321,84,95,58,226,284,124,68,25,69,117,762,1,0.576,16.2,0.1,,,2.1,0.16,0.227,0.095,ORL,77,1899,302,102,268,38.1,98.0,258.0,38.0,56.3,0.432258064516129,0.8037383177570093,5.080568720379147,4.890995260663507,25.0,32.0,67.0,127.0,11.0,14.0,25.0,44.0,56.0,0.0,194.0,107.0,301.0,1605,1638,17,187,303,151,7.7,9.4,0.6066350710900474,1.2701421800947867,2.4075829383886256,0.2085308056872037,0.2654028436018957,0.4739336492890995,0.0,3.677725118483412,2.028436018957346,5.706161137440758,30.42654028436019,31.0521327014218,0.3222748815165877,3.5450236966824646,5.744075829383887,2.862559241706161,2.09375,0.8074866310160428,1.9937694704049844,11.753554502369669,16.2,0.5177419354838709,0.1532258064516129,2.350710900473934,1.3080568720379149,1.099526066350711,4.28436018957346,1.2890995260663507,0.47393364928909953,0.03981042654028436,0.1
Tristan Vukcevic,49,671,152,317,50,144,87,111,32,115,147,55,23,33,62,82,441,1,0.603,26.6,-0.8,,,0.4,0.17,0.17,0.205,WAS,49,671,144,52,146,35.6,40.0,117.0,34.2,49.3,0.4605678233438486,0.8125,7.833084947839046,6.277198211624441,23.0,76.0,180.0,56.0,8.0,5.0,13.0,61.5,38.5,1.0,143.0,62.0,205.0,701,821,7,78,136,70,7.8,10.0,4.0774962742175855,9.657228017883757,3.0044709388971684,0.4292101341281669,0.2682563338301043,0.6974664679582713,0.0536512667660208,7.672131147540983,3.3263785394932937,10.998509687034275,37.60953800298063,44.04769001490313,0.375558867362146,4.184798807749627,7.296572280178838,3.75558867362146,2.3684210526315788,0.8974358974358975,10.841654778887303,17.007451564828614,26.6,0.45425867507886436,0.3501577287066246,2.9508196721311477,3.3263785394932937,1.7168405365126678,6.1698956780923995,1.23397913561848,1.7704918032786887,0.02146050670640835,-0.8
Tyler Herro,33,1033,247,515,84,222,99,108,14,144,158,136,23,12,64,62,677,1,0.602,24.7,-0.4,,,1.0,0.091,0.25,0.2279999999999999,MIA,33,1033,125,42,120,35.0,41.0,112.0,36.6,52.1,0.233009708737864,0.5045045045045045,4.181994191674733,3.9031945788964175,26.0,2.0,5.0,43.0,8.0,7.0,15.0,53.3,46.7,0.0,83.0,27.0,110.0,1332,1707,27,220,340,172,10.2,12.9,0.0696999031945789,0.1742497579864472,1.4985479186834465,0.2787996127783156,0.2439496611810261,0.5227492739593417,0.0,2.892545982575024,0.9409486931268152,3.8334946757018393,46.42013552758954,59.48886737657309,0.9409486931268152,7.666989351403679,11.848983543078411,5.994191674733785,2.5,0.7818181818181819,0.1501501501501501,17.94772507260407,24.7,0.43106796116504853,0.20970873786407768,4.739593417231365,2.230396902226525,0.4878993223620523,5.018393030009681,0.8015488867376573,0.4181994191674734,0.03484995159728945,-0.4
Tyler Kolek,62,727,108,248,44,114,14,20,16,82,98,170,22,4,55,65,274,1,0.533,18.4,0.2,,,0.8,0.173,0.218,0.149,NYK,62,727,83,28,73,38.4,27.0,72.0,37.5,56.8,0.2943548387096774,0.631578947368421,3.614855570839065,3.565337001375516,25.0,5.0,11.0,38.0,6.0,10.0,16.0,37.5,62.5,2.0,42.0,30.0,72.0,1423,1649,18,312,429,201,11.9,14.1,0.2475928473177441,0.5447042640990372,1.8817056396148557,0.297111416781293,0.4951856946354883,0.7922971114167813,0.0990371389270976,2.0797799174690508,1.485557083906465,3.565337001375516,70.46492434662999,81.65612104539203,0.8913342503438789,15.449793672627235,21.243466299862447,9.953232462173316,2.2,0.6442307692307693,0.3513703443429374,12.280605226960109,18.4,0.4596774193548387,0.08064516129032258,8.418156808803301,2.723521320495186,0.7922971114167813,4.060522696011004,1.0894085281980743,0.19807427785419532,0.03961485557083907,0.2
Tyrese Martin,92,1554,218,554,106,330,38,56,68,164,232,156,50,12,80,66,580,3,0.501,18.4,-1.4,,,0.8,0.17,0.173,0.061,PHI,46,777,135,45,132,34.1,45.0,132.0,34.1,51.1,0.2382671480144404,0.4,3.057915057915058,3.057915057915058,27.0,6.0,14.0,53.0,9.0,12.0,21.0,42.9,57.1,0.0,51.0,46.0,97.0,1129,1253,11,175,200,95,6.9,8.4,0.138996138996139,0.3243243243243243,1.2277992277992278,0.2084942084942085,0.277992277992278,0.4864864864864865,0.0,1.1814671814671815,1.0656370656370655,2.247104247104247,26.15444015444016,29.027027027027028,0.2548262548262548,4.054054054054054,4.633204633204633,2.200772200772201,2.333333333333333,0.5428571428571428,0.5314437555358724,12.833976833976834,18.4,0.5956678700361011,0.10108303249097472,3.613899613899614,1.8532818532818531,1.5752895752895753,3.799227799227799,1.1583011583011582,0.277992277992278,0.018532818532818532,-1.4
Tyrese Maxey,70,2661,694,1501,220,599,372,417,24,266,290,461,130,55,171,151,1980,1,0.588,29.4,0.5,,,2.8,0.232,0.203,0.1669999999999999,PHI,70,2661,314,107,249,43.0,100.0,239.0,41.8,63.1,0.1658894070619587,0.3989983305509182,3.3686583990980834,3.2333709131905297,25.0,20.0,45.0,250.0,15.0,36.0,51.0,29.4,70.6,3.0,116.0,155.0,271.0,4602,6444,96,886,1198,610,10.0,13.3,0.2705749718151071,0.608793686583991,3.382187147688839,0.2029312288613303,0.4870349492671927,0.6899661781285231,0.040586245772266,1.5693348365276212,2.09695603156708,3.666290868094701,62.25930101465615,87.17925591882751,1.298759864712514,11.986471251409244,16.207440811724915,8.252536640360766,2.25,0.6884875846501128,0.4345936549326379,20.30665163472379,29.4,0.3990672884743504,0.27781479013990673,6.236753100338219,2.3134160090191656,0.3246899661781285,3.5986471251409244,1.7587373167981961,0.7440811724915445,0.03788049605411499,0.5
Tyrese Proctor,50,545,93,225,46,131,40,45,11,53,64,74,25,0,40,59,272,1,0.556,22.0,-0.5,,,0.5,0.169,0.138,0.111,CLE,50,545,81,27,79,34.2,27.0,77.0,35.1,51.3,0.3511111111111111,0.5877862595419847,5.218348623853211,5.086238532110092,22.0,7.0,16.0,59.0,4.0,7.0,11.0,36.4,63.6,1.0,16.0,27.0,43.0,689,957,26,155,193,108,10.7,15.7,0.4623853211009174,1.0568807339449542,3.8972477064220175,0.2642201834862385,0.4623853211009174,0.726605504587156,0.0660550458715596,1.0568807339449542,1.7834862385321102,2.840366972477064,45.51192660550458,63.21467889908257,1.7174311926605506,10.238532110091745,12.74862385321101,7.133944954128441,2.2857142857142856,0.6967741935483871,1.0159651669085632,14.862385321100918,22.0,0.5822222222222222,0.2,4.888073394495413,2.6422018348623855,0.726605504587156,3.5009174311926605,1.651376146788991,0.0,0.03302752293577982,-0.5
Tyus Jones,134,1958,152,436,80,274,14,18,24,128,152,318,74,6,50,62,398,4,0.448,10.7,0.5,,,1.6,0.05,0.193,0.129,DEN,67,979,87,29,101,28.7,29.0,100.0,29.0,43.1,0.231651376146789,0.364963503649635,1.856996935648621,1.838610827374872,30.0,6.0,14.0,54.0,2.0,5.0,7.0,28.6,71.4,0.0,14.0,33.0,47.0,1798,2136,27,281,409,204,8.8,11.3,0.1103166496424923,0.2574055158324821,0.992849846782431,0.0367722165474974,0.0919305413687436,0.128702757916241,0.0,0.2574055158324821,0.6067415730337079,0.86414708886619,33.0582226762002,39.27272727272727,0.4964249233912155,5.166496424923391,7.519918283963228,3.75076608784474,2.333333333333333,0.7259786476868327,0.3337041156840934,8.016343207354444,10.7,0.6284403669724771,0.04128440366972477,5.846782431052094,0.9193054136874361,0.44126659856996936,2.3534218590398366,1.3605720122574054,0.11031664964249234,0.02941777323799796,0.5
VJ Edgecombe,75,2623,451,1030,149,421,148,181,122,301,423,315,107,39,137,214,1199,1,0.54,20.1,-0.1,,,2.5,0.222,0.176,0.193,PHI,75,2623,306,103,271,38.0,100.0,261.0,38.3,56.5,0.2631067961165048,0.6199524940617577,3.7194052611513535,3.5821578345406024,20.0,20.0,44.0,244.0,39.0,38.0,77.0,50.6,49.4,0.0,197.0,137.0,334.0,3867,4578,56,557,816,403,8.1,10.4,0.2744948532215021,0.6038886770873046,3.3488372093023258,0.5352649637819291,0.521540221120854,1.056805184902783,0.0,2.7037743042317954,1.8802897445672893,4.584064048799085,53.07357987037743,62.83187190240183,0.7685855890202059,7.644681662218834,11.199390011437286,5.531071292413268,2.2,0.7235188509874326,0.517196793379881,14.136484940907357,20.1,0.4087378640776699,0.17572815533980582,4.323293938238658,1.8802897445672893,1.6744186046511627,4.131147540983607,1.468547464735036,0.5352649637819291,0.03431185665268776,-0.1
Victor Wembanyama,64,1866,553,1080,122,350,372,450,130,606,736,199,66,197,155,156,1600,1,0.626,32.4,4.2,,,5.0,0.328,0.148,0.2,SAS,64,1866,318,115,293,39.2,88.0,241.0,36.5,54.3,0.2712962962962963,0.6885714285714286,5.652733118971061,4.64951768488746,22.0,87.0,189.0,167.0,20.0,11.0,31.0,64.5,35.5,3.0,434.0,167.0,601.0,2244,2432,55,352,504,266,8.9,11.9,1.6784565916398717,3.6463022508038585,3.2218649517684885,0.3858520900321543,0.2122186495176848,0.5980707395498392,0.0578778135048231,8.37299035369775,3.2218649517684885,11.594855305466238,43.29260450160772,46.91961414790997,1.0610932475884245,6.790996784565916,9.72347266881029,5.131832797427653,2.1724137931034484,0.7556818181818182,3.877005347593583,20.836012861736336,32.4,0.32407407407407407,0.4166666666666667,3.839228295819936,2.9903536977491965,2.5080385852090035,11.691318327974278,1.2733118971061095,3.8006430868167205,0.09646302250803859,4.2
Vince Williams Jr.,80,1640,206,584,110,354,78,100,78,232,310,332,58,32,140,160,600,3,0.478,19.5,0.5,,,1.0,0.11,0.164,0.12,UTA,40,819,135,46,123,37.4,43.0,120.0,35.8,54.9,0.2106164383561644,0.3389830508474576,2.7,2.6341463414634148,25.0,6.0,15.0,72.0,11.0,5.0,16.0,68.8,31.3,1.0,65.0,47.0,112.0,1505,1922,32,290,430,211,11.0,14.0,0.1317073170731707,0.3292682926829268,1.5804878048780489,0.2414634146341463,0.1097560975609756,0.3512195121951219,0.0219512195121951,1.4268292682926829,1.0317073170731708,2.4585365853658536,33.03658536585366,42.19024390243902,0.7024390243902439,6.365853658536586,9.439024390243905,4.631707317073171,2.5,0.7275862068965517,0.3986710963455149,12.81951219512195,19.5,0.6061643835616438,0.17123287671232876,7.28780487804878,3.0731707317073167,1.7121951219512195,5.092682926829268,1.273170731707317,0.7024390243902439,0.02195121951219512,0.5
Vít Krejčí,130,2784,384,858,256,656,76,102,62,234,296,200,94,36,82,276,1100,3,0.609,14.6,0.0,,,2.6,0.089,0.093,0.054,POR,65,1392,324,109,270,40.4,106.0,265.0,40.0,60.0,0.3146853146853147,0.4039634146341463,3.4913793103448274,3.4267241379310347,26.0,22.0,49.0,92.0,9.0,16.0,25.0,36.0,64.0,0.0,155.0,116.0,271.0,1405,1463,19,209,251,123,7.1,8.8,0.2844827586206896,0.6336206896551724,1.1896551724137931,0.1163793103448275,0.2068965517241379,0.3232758620689655,0.0,2.0043103448275863,1.5,3.5043103448275863,18.16810344827586,18.91810344827586,0.2456896551724137,2.702586206896552,3.2456896551724137,1.5905172413793105,2.227272727272727,0.5885167464114832,1.5658362989323844,11.094827586206897,14.6,0.7645687645687645,0.11888111888111888,2.586206896551724,1.0603448275862069,0.8017241379310345,3.0258620689655173,1.2155172413793103,0.46551724137931033,0.03362068965517241,0.0
Walter Clayton,138,2820,354,922,150,488,218,242,50,228,278,558,88,38,232,238,1076,3,0.523,18.5,-2.1,,,0.6,0.13,0.206,0.134,MEM,69,1411,123,41,134,30.6,41.0,134.0,30.6,45.9,0.1453362255965292,0.2745901639344262,1.7106382978723405,1.7106382978723405,23.0,13.0,30.0,88.0,8.0,11.0,19.0,42.1,57.9,4.0,132.0,164.0,296.0,2415,3067,38,491,707,341,11.6,14.1,0.1659574468085106,0.3829787234042553,1.123404255319149,0.102127659574468,0.1404255319148936,0.2425531914893617,0.051063829787234,1.6851063829787234,2.093617021276596,3.7787234042553193,30.829787234042552,39.1531914893617,0.4851063829787234,6.268085106382979,9.025531914893618,4.353191489361702,2.3076923076923075,0.6945010183299389,0.5383022774327122,11.770212765957446,18.5,0.5292841648590022,0.26247288503253796,7.123404255319149,2.9617021276595743,0.6382978723404255,2.91063829787234,1.1234042553191488,0.4851063829787234,0.007659574468085106,-2.1
Wendell Carter Jr.,78,2288,326,637,72,226,198,250,162,415,577,154,60,49,100,267,922,1,0.617,15.6,0.5,,,2.8,0.333,0.163,0.149,ORL,78,2288,269,100,283,35.3,69.0,220.0,31.4,47.5,0.4442700156985871,0.9734513274336284,4.4527972027972025,3.4615384615384617,27.0,218.0,497.0,125.0,21.0,22.0,43.0,48.8,51.2,2.0,444.0,151.0,595.0,2212,1937,21,253,384,180,7.0,8.1,3.43006993006993,7.81993006993007,1.9667832167832169,0.3304195804195804,0.3461538461538461,0.6765734265734266,0.0314685314685314,6.986013986013986,2.375874125874126,9.361888111888112,34.80419580419581,30.477272727272727,0.3304195804195804,3.980769230769231,6.041958041958042,2.832167832167832,2.279816513761468,0.7114624505928854,9.855334538878845,10.022727272727273,15.6,0.35478806907378335,0.3924646781789639,2.4230769230769234,1.5734265734265735,2.548951048951049,6.52972027972028,0.9440559440559442,0.770979020979021,0.044055944055944055,0.5
Will Richard,69,1377,162,346,71,212,46,54,67,105,172,93,80,9,53,131,441,1,0.596,13.0,0.9,,,1.4,0.231,0.104,0.052,GSW,69,1377,201,69,184,37.5,63.0,175.0,36.0,54.6,0.5317919075144508,0.8254716981132075,4.810457516339869,4.57516339869281,23.0,16.0,37.0,157.0,9.0,10.0,19.0,47.4,52.6,5.0,76.0,70.0,146.0,1229,1310,25,172,253,128,7.6,10.4,0.4183006535947712,0.9673202614379084,4.104575163398692,0.2352941176470588,0.261437908496732,0.4967320261437908,0.130718954248366,1.9869281045751637,1.830065359477124,3.816993464052288,32.130718954248366,34.248366013071895,0.6535947712418301,4.496732026143791,6.61437908496732,3.34640522875817,2.3125,0.7441860465116279,1.301871440195281,9.045751633986928,13.0,0.6127167630057804,0.15606936416184972,2.431372549019608,1.3856209150326797,1.7516339869281046,2.7450980392156863,2.0915032679738563,0.23529411764705882,0.036601307189542485,0.9
Will Riley,74,1633,271,618,78,247,144,180,56,156,212,146,54,9,94,91,764,1,0.548,20.2,-2.6,,,0.0,0.199,0.249,0.152,WAS,74,1632,165,56,173,32.4,53.0,167.0,31.7,47.7,0.2799352750809061,0.6761133603238867,3.813839559093693,3.68156766687079,20.0,14.0,35.0,83.0,6.0,12.0,18.0,33.3,66.7,1.0,157.0,79.0,236.0,1715,1987,26,291,366,182,8.5,10.6,0.3086344151867728,0.771586037966932,1.829761175750153,0.1322718922229026,0.2645437844458053,0.3968156766687079,0.0220453153704837,3.461114513165952,1.741579914268218,5.20269442743417,37.80771586037967,43.80404164115126,0.5731781996325781,6.415186772810777,8.06858542559706,4.012247397428046,2.5,0.6254295532646048,0.8163265306122449,13.62400489895897,20.2,0.39967637540453077,0.2912621359223301,3.2186160440906306,2.0722596448254746,1.2345376607470913,3.4390691977954684,1.1904470300061236,0.19840783833435394,0.0,-2.6
Yves Missi,66,1297,160,294,0,1,57,102,183,202,385,84,20,101,54,113,377,1,0.556,12.6,-0.3,,,1.1,0.656,0.303,0.038,NOP,66,1297,2,1,7,14.3,0.0,1.0,0.0,14.3,0.0238095238095238,1.0,0.1942945258288357,0.0277563608326908,22.0,127.0,276.0,51.0,22.0,12.0,34.0,64.7,35.3,0.0,287.0,161.0,448.0,1237,875,13,125,214,102,6.8,8.2,3.525057825751735,7.660755589822668,1.415574402467232,0.6106399383191982,0.3330763299922899,0.943716268311488,0.0,7.966075558982267,4.468774094063223,12.43484965304549,34.334618350038554,24.286815728604477,0.3608326908249807,3.469545104086353,5.939861218195836,2.831148804934464,2.173228346456693,0.816,10.26677445432498,8.160370084811102,12.6,0.003401360544217687,0.3469387755102041,2.3315343099460293,1.4988434849653045,5.079414032382421,5.6067848882035465,0.5551272166538165,2.8033924441017732,0.030531996915959907,-0.3
Zaccharie Risacher,67,1503,244,536,95,258,58,90,71,186,257,76,59,36,58,147,641,1,0.557,17.6,-0.2,,,1.9,0.297,0.112,0.11,ATL,67,1503,252,86,230,37.4,80.0,209.0,38.3,54.8,0.4291044776119403,0.810077519379845,5.508982035928144,5.005988023952096,21.0,9.0,22.0,135.0,10.0,16.0,26.0,38.5,61.5,0.0,191.0,105.0,296.0,1107,1119,18,134,197,102,6.9,9.2,0.2155688622754491,0.5269461077844312,3.2335329341317367,0.2395209580838323,0.3832335329341317,0.6227544910179641,0.0,4.574850299401198,2.51497005988024,7.089820359281437,26.51497005988024,26.80239520958084,0.4311377245508982,3.2095808383233533,4.718562874251497,2.44311377245509,2.4444444444444446,0.7611940298507462,0.8130081300813008,12.838323353293413,17.6,0.48134328358208955,0.16791044776119404,1.8203592814371259,1.3892215568862276,1.7005988023952097,4.455089820359282,1.4131736526946108,0.8622754491017964,0.045508982035928146,-0.2
Zach LaVine,39,1224,262,547,99,254,125,142,8,100,108,89,28,10,74,81,748,1,0.614,23.7,-2.2,,,0.0,0.157,0.185,0.194,SAC,39,1224,151,51,127,40.2,49.0,115.0,42.6,59.4,0.2321755027422303,0.452755905511811,3.735294117647059,3.3823529411764706,31.0,7.0,16.0,50.0,3.0,6.0,9.0,33.3,66.7,0.0,75.0,90.0,165.0,1249,1624,13,197,220,109,7.1,8.7,0.2058823529411764,0.4705882352941176,1.4705882352941178,0.088235294117647,0.1764705882352941,0.2647058823529412,0.0,2.2058823529411766,2.647058823529412,4.852941176470588,36.73529411764706,47.76470588235294,0.3823529411764705,5.794117647058823,6.470588235294118,3.2058823529411766,2.2857142857142856,0.5532994923857868,0.5604483586869495,16.08823529411765,23.7,0.4643510054844607,0.2595978062157221,2.6176470588235294,2.176470588235294,0.23529411764705882,2.941176470588235,0.8235294117647058,0.29411764705882354,0.0,-2.2
Zeke Nnaji,52,626,71,151,14,54,34,44,33,103,136,29,17,24,27,71,190,1,0.558,13.7,0.0,,,0.7,0.43,0.139,0.073,DEN,52,626,45,16,60,26.7,13.0,51.0,25.5,37.5,0.3973509933774834,0.9444444444444444,3.450479233226837,2.932907348242812,25.0,59.0,144.0,44.0,4.0,6.0,10.0,40.0,60.0,1.0,114.0,64.0,178.0,527,462,6,37,74,37,5.5,7.0,3.3929712460063897,8.281150159744408,2.5303514376996805,0.2300319488817891,0.3450479233226837,0.5750798722044729,0.0575079872204472,6.555910543130991,3.680511182108626,10.236421725239616,30.30670926517572,26.568690095846645,0.3450479233226837,2.1277955271565494,4.255591054313099,2.1277955271565494,2.440677966101695,1.0,11.195445920303603,8.68370607028754,13.7,0.3576158940397351,0.2913907284768212,1.6677316293929711,1.5527156549520766,1.8977635782747604,5.92332268370607,0.9776357827476038,1.3801916932907348,0.040255591054313096,0.0
Ziaire Williams,56,1281,184,433,86,251,119,140,30,104,134,60,76,21,59,116,573,1,0.579,18.9,0.4,,,1.1,0.224,0.139,0.057,BKN,56,1281,230,77,231,33.3,76.0,230.0,33.0,49.8,0.5334872979214781,0.9163346613545816,6.491803278688525,6.4637002341920375,24.0,8.0,18.0,173.0,10.0,16.0,26.0,38.5,61.5,1.0,93.0,110.0,203.0,901,1101,10,121,158,80,6.7,8.9,0.2248243559718969,0.5058548009367682,4.861826697892272,0.2810304449648712,0.4496487119437939,0.7306791569086651,0.0281030444964871,2.613583138173302,3.091334894613583,5.704918032786885,25.320843091334893,30.94145199063232,0.2810304449648712,3.400468384074941,4.4402810304449645,2.2482435597189694,2.25,0.6611570247933884,0.8879023307436182,12.168618266978923,18.9,0.5796766743648961,0.3233256351039261,1.6861826697892273,1.6580796252927401,0.8430913348946136,2.9227166276346606,2.1358313817330212,0.5901639344262295,0.030913348946135833,0.4
Zion Williamson,62,1841,484,807,1,4,333,465,125,228,353,199,60,34,126,141,1302,1,0.644,25.7,-0.6,,,1.0,0.575,0.378,0.0419999999999999,NOP,62,1841,0,0,3,0.0,0.0,1.0,0.0,0.0,0.0037174721189591,0.25,0.0586637696903856,0.0195545898967952,25.0,52.0,127.0,120.0,26.0,8.0,34.0,76.5,23.5,1.0,118.0,137.0,255.0,1796,2423,27,380,533,238,11.1,13.3,1.0168386746333515,2.4834329168929927,2.3465507876154263,0.5084193373166758,0.1564367191743617,0.6648560564910375,0.0195545898967952,2.307441607821836,2.6789788158609453,4.986420423682781,35.12004345464422,47.380771319934816,0.5279739272134709,7.430744160782184,10.422596414991853,4.653992395437262,2.4423076923076925,0.6263157894736842,2.89532293986637,15.78055404671374,25.7,0.004956629491945477,0.5762081784386617,3.8913633894622484,2.4638783269961975,2.444323737099402,4.45844649646931,1.1732753938077132,0.6648560564910374,0.01955458989679522,-0.6
