Player,G,MP,FG,FGA,3P,3PA,FT,FTA,ORB,DREB,TRB,AST,STL,BLK,TOV,PF,PTS,team_stints,TS%,USG%,DBPM,ORtg,DRtg,DWS,rim_rate,short_mid_rate,long_mid_rate,catch_shoot_team,catch_shoot_gp,catch_shoot_min,catch_shoot_pts,catch_shoot_fgm,catch_shoot_fga,catch_shoot_fg_pct,catch_shoot_3pm,catch_shoot_3pa,catch_shoot_3p_pct,catch_shoot_efg_pct,catch_shoot_fga_share,catch_shoot_3pa_share,catch_shoot_fga_per_36,catch_shoot_3pa_per_36,hustle_age,hustle_screen_assists,hustle_screen_assists_pts,hustle_deflections,hustle_off_loose_balls_recovered,hustle_def_loose_balls_recovered,hustle_loose_balls_recovered,hustle_loose_balls_recovered_off,hustle_loose_balls_recovered_def,hustle_charges_drawn,hustle_contested_2pt_shots,hustle_contested_3pt_shots,hustle_contested_shots,passing_passes_made,passing_passes_received,passing_secondary_ast,passing_potential_ast,passing_ast_pts_created,passing_ast_adj,passing_ast_to_pass,passing_ast_to_pass_adj,hustle_screen_assists_per_36,hustle_screen_assists_pts_per_36,hustle_deflections_per_36,hustle_off_loose_balls_recovered_per_36,hustle_def_loose_balls_recovered_per_36,hustle_loose_balls_recovered_per_36,hustle_charges_drawn_per_36,hustle_contested_2pt_shots_per_36,hustle_contested_3pt_shots_per_36,hustle_contested_shots_per_36,passing_passes_made_per_36,passing_passes_received_per_36,passing_secondary_ast_per_36,passing_potential_ast_per_36,passing_ast_pts_created_per_36,passing_ast_adj_per_36,screen_assist_pts_per_screen_assist,potential_ast_conversion,screen_assists_per_100_passes
A.J. Green,78,2270,262,618,232,554,53,62,29,184,213,152,39,8,75,179,809,1,0.627,14.0,-1.8,,,0.4,0.026,0.019,0.0579999999999999,MIL,78,2270,516,172,417,41.2,172.0,414.0,41.5,61.9,0.6747572815533981,0.7472924187725631,6.613215859030837,6.565638766519824,26.0,28.0,64.0,111.0,10.0,26.0,36.0,27.8,72.2,3.0,172.0,134.0,306.0,2671,2453,32,274,394,192,5.7,7.2,0.4440528634361233,1.014977973568282,1.760352422907489,0.15859030837004406,0.4123348017621145,0.5709251101321586,0.04757709251101322,2.7277533039647577,2.12511013215859,4.852863436123348,42.35947136563877,38.902202643171805,0.507488986784141,4.345374449339207,6.248458149779736,3.044933920704846,2.2857142857142856,0.7007299270072993,1.0482965181579933
A.J. Lawson,24,226,34,78,19,45,14,18,9,34,43,7,12,4,6,27,101,1,0.588,17.5,0.4,,,0.4,0.295,0.128,0.0,TOR,24,226,54,18,44,40.9,18.0,44.0,40.9,61.4,0.5641025641025641,0.9777777777777776,7.008849557522124,7.008849557522124,25.0,1.0,2.0,16.0,0.0,2.0,2.0,0.0,100.0,1.0,12.0,8.0,20.0,188,186,2,17,19,11,3.7,5.9,0.1592920353982301,0.3185840707964602,2.5486725663716814,0.0,0.3185840707964602,0.3185840707964602,0.1592920353982301,1.9115044247787611,1.2743362831858407,3.185840707964602,29.946902654867255,29.628318584070797,0.3185840707964602,2.7079646017699117,3.0265486725663715,1.752212389380531,2.0,0.6470588235294118,0.5319148936170213
AJ Johnson,96,908,114,352,24,114,68,80,28,82,110,94,22,6,60,60,320,3,0.413,20.6,-2.5,,,0.2,0.352,0.301,0.022,DAL,48,453,18,6,36,16.7,6.0,36.0,16.7,25.0,0.1022727272727272,0.3157894736842105,1.4273127753303965,1.4273127753303965,21.0,3.0,6.0,22.0,4.0,0.0,4.0,100.0,0.0,0.0,34.0,30.0,64.0,477,684,5,97,119,55,9.9,11.5,0.11894273127753303,0.23788546255506607,0.8722466960352423,0.15859030837004406,0.0,0.15859030837004406,0.0,1.3480176211453745,1.1894273127753303,2.537444933920705,18.911894273127754,27.11894273127753,0.19823788546255505,3.845814977973568,4.71806167400881,2.1806167400881056,2.0,0.5670103092783505,0.6289308176100629
Aaron Gordon,36,1005,198,398,61,157,125,163,51,158,209,96,21,10,38,62,582,1,0.62,21.9,-1.2,,,0.7,0.294,0.148,0.163,DEN,36,1005,137,47,108,43.5,43.0,98.0,43.9,63.4,0.271356783919598,0.6242038216560509,3.8686567164179104,3.5104477611940297,30.0,36.0,89.0,27.0,6.0,9.0,15.0,40.0,60.0,0.0,67.0,35.0,102.0,1169,1332,12,171,247,117,8.2,10.0,1.2895522388059701,3.1880597014925374,0.9671641791044776,0.21492537313432836,0.32238805970149254,0.5373134328358209,0.0,2.4,1.2537313432835822,3.653731343283582,41.874626865671644,47.713432835820896,0.4298507462686567,6.125373134328358,8.84776119402985,4.191044776119403,2.4722222222222223,0.6842105263157895,3.0795551753635584
Aaron Holiday,57,781,105,252,67,170,35,41,13,45,58,60,27,5,38,72,312,1,0.578,16.6,-0.2,,,0.7,0.067,0.139,0.119,HOU,57,781,185,62,145,42.8,61.0,144.0,42.4,63.8,0.5753968253968254,0.8470588235294118,6.683738796414853,6.63764404609475,29.0,6.0,13.0,39.0,2.0,8.0,10.0,20.0,80.0,2.0,49.0,53.0,102.0,807,1074,15,121,158,81,7.4,10.0,0.2765685019206146,0.5992317541613317,1.7976952624839948,0.09218950064020487,0.3687580025608195,0.46094750320102434,0.09218950064020487,2.2586427656850194,2.443021766965429,4.701664532650448,37.19846350832266,49.50576184379001,0.6914212548015365,5.577464788732394,7.282970550576184,3.733674775928297,2.1666666666666665,0.6694214876033058,0.7434944237918215
Aaron Nesmith,45,1335,212,512,105,277,92,111,48,139,187,86,26,23,63,124,621,1,0.554,19.8,-1.6,,,0.6,0.152,0.15,0.157,IND,45,1335,277,93,226,41.2,91.0,220.0,41.4,61.3,0.44140625,0.7942238267148014,6.09438202247191,5.932584269662922,26.0,27.0,54.0,50.0,16.0,11.0,27.0,59.3,40.7,4.0,150.0,100.0,250.0,1594,1675,20,155,226,114,5.4,7.2,0.7280898876404495,1.456179775280899,1.348314606741573,0.4314606741573034,0.2966292134831461,0.7280898876404495,0.10786516853932585,4.044943820224719,2.696629213483146,6.741573033707865,42.98426966292135,45.168539325842694,0.5393258426966292,4.179775280898877,6.09438202247191,3.0741573033707863,2.0,0.7354838709677419,1.6938519447929736
Aaron Wiggins,65,1414,231,536,96,270,53,72,41,158,199,109,60,28,81,83,611,1,0.538,19.9,0.7,,,2.5,0.239,0.19,0.067,OKC,65,1414,233,78,210,37.1,77.0,208.0,37.0,55.5,0.3917910447761194,0.7703703703703704,5.346534653465347,5.295615275813296,27.0,18.0,38.0,113.0,13.0,21.0,34.0,38.2,61.8,1.0,144.0,117.0,261.0,1439,1735,29,208,282,149,7.6,10.4,0.4582743988684583,0.9674681753889675,2.876944837340877,0.33097595473833097,0.5346534653465347,0.8656294200848657,0.02545968882602546,3.666195190947666,2.978783592644979,6.644978783592645,36.63649222065064,44.17256011315417,0.7383309759547383,5.2956152758132955,7.179632248939179,3.7934936350777937,2.111111111111111,0.7163461538461539,1.2508686587908269
Ace Bailey,72,1988,395,892,137,398,66,88,104,198,302,131,60,49,107,193,993,1,0.533,21.4,-2.5,,,0.3,0.146,0.161,0.246,UTA,72,1988,295,101,319,31.7,93.0,287.0,32.4,46.2,0.3576233183856502,0.7211055276381909,5.776659959758551,5.197183098591549,19.0,18.0,38.0,111.0,26.0,14.0,40.0,65.0,35.0,0.0,190.0,156.0,346.0,1310,1750,27,243,349,172,10.0,13.1,0.32595573440643866,0.6881287726358148,2.0100603621730384,0.4708249496981891,0.2535211267605634,0.7243460764587525,0.0,3.4406438631790746,2.8249496981891347,6.26559356136821,23.722334004024145,31.690140845070424,0.48893360160965793,4.400402414486922,6.3199195171026155,3.114688128772636,2.111111111111111,0.7078189300411523,1.3740458015267176
Adama-Alpha Bal,8,241,28,68,18,44,9,10,6,19,25,19,9,1,6,27,83,1,0.573,13.5,-1.8,,,0.1,0.176,0.103,0.073,MEM,8,241,36,12,34,35.3,12.0,32.0,37.5,52.9,0.5,0.7272727272727273,5.078838174273859,4.780082987551867,22.0,5.0,13.0,11.0,0.0,0.0,0.0,0.0,0.0,0.0,18.0,16.0,34.0,209,202,1,31,47,20,9.1,9.6,0.7468879668049793,1.941908713692946,1.6431535269709543,0.0,0.0,0.0,0.0,2.6887966804979255,2.3900414937759336,5.078838174273859,31.219917012448132,30.17427385892116,0.14937759336099585,4.630705394190872,7.020746887966805,2.987551867219917,2.6,0.6451612903225806,2.3923444976076556
Adem Bona,71,1234,131,220,2,6,80,113,128,179,307,32,30,82,56,153,344,1,0.638,11.1,0.3,,,1.5,0.755,0.209,0.009,PHI,71,1234,6,2,6,33.3,2.0,5.0,40.0,50.0,0.0272727272727272,0.8333333333333334,0.1750405186385737,0.1458670988654781,23.0,112.0,271.0,82.0,11.0,18.0,29.0,37.9,62.1,0.0,261.0,114.0,375.0,883,576,7,59,88,42,3.6,4.8,3.26742301458671,7.905996758508914,2.392220421393841,0.3209076175040519,0.5251215559157212,0.8460291734197731,0.0,7.6142625607779575,3.325769854132901,10.94003241491086,25.760129659643436,16.803889789303078,0.20421393841166938,1.7212317666126418,2.567260940032415,1.2252836304700163,2.419642857142857,0.711864406779661,12.684031710079275
Adou Thiero,25,149,16,31,1,3,14,22,9,19,28,10,7,2,9,19,47,1,0.578,14.6,-0.2,,,0.2,0.548,0.355,0.0,LAL,25,149,3,1,4,25.0,1.0,3.0,33.3,37.5,0.1290322580645161,1.0,0.9664429530201344,0.7248322147651006,22.0,3.0,8.0,15.0,2.0,2.0,4.0,50.0,50.0,0.0,17.0,2.0,19.0,127,100,1,15,28,11,7.9,8.7,0.7248322147651006,1.9328859060402686,3.6241610738255035,0.48322147651006714,0.48322147651006714,0.9664429530201343,0.0,4.10738255033557,0.48322147651006714,4.590604026845638,30.684563758389263,24.161073825503355,0.24161073825503357,3.6241610738255035,6.76510067114094,2.6577181208053693,2.6666666666666665,0.7333333333333333,2.3622047244094486
Ajay Mitchell,57,1473,286,590,61,176,141,162,40,150,190,206,71,18,81,119,774,1,0.585,21.8,1.6,,,2.6,0.2,0.364,0.137,OKC,57,1473,127,43,123,35.0,41.0,117.0,35.0,51.6,0.2084745762711864,0.6647727272727273,3.006109979633401,2.859470468431772,24.0,10.0,23.0,129.0,14.0,22.0,36.0,38.9,61.1,1.0,123.0,71.0,194.0,1760,2441,51,402,527,269,11.7,15.3,0.24439918533604887,0.5621181262729125,3.1527494908350304,0.3421588594704684,0.5376782077393075,0.879837067209776,0.024439918533604887,3.0061099796334014,1.735234215885947,4.741344195519348,43.014256619144604,59.657841140529534,1.2464358452138493,9.824847250509166,12.879837067209776,6.574338085539715,2.3,0.6691542288557214,0.5681818181818182
Al Horford,45,969,138,324,74,205,22,26,44,175,219,116,30,51,42,51,372,1,0.554,16.5,1.3,,,1.3,0.099,0.222,0.046,GSW,45,969,228,78,205,38.0,72.0,196.0,36.7,55.6,0.6327160493827161,0.9560975609756096,7.61609907120743,7.281733746130031,40.0,47.0,113.0,53.0,9.0,9.0,18.0,50.0,50.0,0.0,187.0,111.0,298.0,1559,1414,32,241,311,157,7.4,10.1,1.7461300309597523,4.198142414860681,1.9690402476780187,0.33436532507739936,0.33436532507739936,0.6687306501547987,0.0,6.947368421052632,4.123839009287925,11.071207430340557,57.919504643962846,52.53250773993808,1.1888544891640866,8.953560371517028,11.554179566563468,5.8328173374613,2.404255319148936,0.6514522821576764,3.0147530468248878
Alex Antetokounmpo,6,21,3,8,2,7,11,15,2,4,6,1,0,1,1,1,19,1,0.651,32.8,-1.9,,,0.0,0.0,0.0,0.125,MIL,6,21,6,2,7,28.6,2.0,7.0,28.6,42.9,0.875,1.0,12.0,12.0,24.0,0.0,0.0,0.0,0.0,0.0,0.0,0.0,0.0,0.0,1.0,1.0,2.0,14,22,0,1,2,1,7.1,7.1,0.0,0.0,0.0,0.0,0.0,0.0,0.0,1.7142857142857142,1.7142857142857142,3.4285714285714284,24.0,37.714285714285715,0.0,1.7142857142857142,3.4285714285714284,1.7142857142857142,,1.0,0.0
Alex Caruso,56,1020,127,300,53,181,41,51,28,127,155,110,72,17,48,68,348,1,0.54,15.7,3.3,,,2.2,0.23,0.133,0.033,OKC,56,1020,154,52,160,32.5,50.0,158.0,31.6,48.1,0.5333333333333333,0.8729281767955801,5.647058823529412,5.576470588235294,32.0,37.0,84.0,172.0,9.0,18.0,27.0,33.3,66.7,2.0,55.0,77.0,132.0,1229,1141,12,170,271,129,9.0,10.5,1.3058823529411765,2.9647058823529413,6.070588235294117,0.3176470588235294,0.6352941176470588,0.9529411764705882,0.07058823529411765,1.9411764705882353,2.7176470588235295,4.658823529411765,43.37647058823529,40.27058823529412,0.4235294117647059,6.0,9.564705882352941,4.552941176470588,2.27027027027027,0.7588235294117647,3.0105777054515865
Alex Morales,4,24,3,7,0,1,2,2,1,2,3,4,0,0,4,7,8,1,0.508,20.9,-3.8,,,0.0,0.286,0.429,0.143,ORL,4,24,0,0,1,0.0,0.0,1.0,0.0,0.0,0.1428571428571428,1.0,1.5,1.5,28.0,1.0,2.0,0.0,0.0,0.0,0.0,0.0,0.0,0.0,0.0,2.0,2.0,23,30,0,4,10,4,17.4,17.4,1.5,3.0,0.0,0.0,0.0,0.0,0.0,0.0,3.0,3.0,34.5,45.0,0.0,6.0,15.0,6.0,2.0,1.0,4.3478260869565215
Alex Sarr,48,1305,316,656,50,150,101,146,105,250,355,130,39,95,82,105,783,1,0.544,25.7,-0.1,,,0.9,0.262,0.363,0.147,WAS,48,1305,149,53,154,34.4,43.0,127.0,33.9,48.4,0.2347560975609756,0.8466666666666667,4.248275862068965,3.503448275862069,21.0,172.0,400.0,72.0,12.0,10.0,22.0,54.5,45.5,0.0,349.0,101.0,450.0,1913,1754,24,211,355,167,6.8,8.7,4.744827586206896,11.03448275862069,1.986206896551724,0.3310344827586207,0.27586206896551724,0.6068965517241379,0.0,9.627586206896552,2.786206896551724,12.413793103448276,52.772413793103446,48.38620689655173,0.6620689655172414,5.820689655172414,9.793103448275861,4.606896551724138,2.3255813953488373,0.7914691943127962,8.991113434396237
Alijah Martin,23,146,16,50,4,21,15,19,9,12,21,12,8,4,8,12,51,1,0.437,19.5,0.2,,,0.2,0.3,0.16,0.12,TOR,23,146,14,5,17,29.4,4.0,16.0,25.0,41.2,0.34,0.7619047619047619,4.191780821917808,3.945205479452055,24.0,2.0,4.0,15.0,2.0,4.0,6.0,33.3,66.7,0.0,20.0,9.0,29.0,129,155,0,17,29,13,9.3,10.1,0.4931506849315068,0.9863013698630136,3.6986301369863015,0.4931506849315068,0.9863013698630136,1.4794520547945205,0.0,4.931506849315069,2.219178082191781,7.1506849315068495,31.80821917808219,38.21917808219178,0.0,4.191780821917808,7.1506849315068495,3.2054794520547945,2.0,0.7647058823529411,1.550387596899225
Alondes Williams,4,101,16,26,5,14,7,8,5,20,25,12,3,3,5,4,44,1,0.745,14.3,-0.5,,,0.0,0.385,0.038,0.038,WAS,4,101,15,5,12,41.7,5.0,12.0,41.7,62.5,0.4615384615384615,0.8571428571428571,4.2772277227722775,4.2772277227722775,27.0,0.0,0.0,4.0,0.0,0.0,0.0,0.0,0.0,0.0,7.0,3.0,10.0,73,65,3,14,27,15,16.4,20.5,0.0,0.0,1.4257425742574257,0.0,0.0,0.0,0.0,2.495049504950495,1.0693069306930694,3.5643564356435644,26.019801980198018,23.168316831683168,1.0693069306930694,4.99009900990099,9.623762376237623,5.346534653465347,,1.0714285714285714,0.0
Alperen Şengün,72,2398,583,1123,40,131,260,376,215,425,640,445,85,77,227,238,1466,1,0.569,26.6,1.5,,,3.6,0.285,0.414,0.184,HOU,72,2398,126,48,137,35.0,30.0,99.0,30.3,46.0,0.1219946571682992,0.7557251908396947,2.0567139282735614,1.4862385321100915,23.0,159.0,369.0,164.0,34.0,18.0,52.0,65.4,34.6,6.0,420.0,196.0,616.0,3440,3973,44,762,1115,526,12.9,15.3,2.3869891576313593,5.539616346955796,2.4620517097581316,0.5104253544620517,0.2702251876563803,0.780650542118432,0.09007506255212677,6.305254378648874,2.9424520433694745,9.247706422018348,51.643035863219346,59.64470391993328,0.6605504587155964,11.4395329441201,16.738949124270224,7.896580483736447,2.3207547169811322,0.6902887139107612,4.622093023255814
Amari Williams,22,146,10,20,0,0,10,14,9,31,40,10,3,10,11,19,30,1,0.573,11.1,2.9,,,0.3,0.5,0.45,0.05,BOS,22,146,0,0,0,,0.0,0.0,,,0.0,,0.0,0.0,24.0,13.0,35.0,4.0,0.0,0.0,0.0,0.0,0.0,0.0,28.0,14.0,42.0,141,119,1,20,28,11,7.1,7.8,3.2054794520547945,8.63013698630137,0.9863013698630136,0.0,0.0,0.0,0.0,6.904109589041096,3.452054794520548,10.356164383561644,34.76712328767123,29.34246575342466,0.2465753424657534,4.931506849315069,6.904109589041096,2.712328767123288,2.6923076923076925,0.55,9.21985815602837
Amen Thompson,79,2953,557,1044,25,116,304,390,235,379,614,420,119,48,190,175,1443,1,0.594,20.0,1.0,,,3.8,0.383,0.333,0.172,HOU,79,2953,81,29,119,24.4,23.0,92.0,25.0,34.0,0.1139846743295019,0.7931034482758621,1.450728073145953,1.121571283440569,23.0,36.0,87.0,213.0,34.0,33.0,67.0,50.7,49.3,1.0,199.0,101.0,300.0,4159,5296,69,791,1088,516,10.1,12.4,0.43887571960717914,1.0606163223840162,2.5966813410091434,0.41449373518455807,0.40230274297324753,0.8167964781578056,0.012190992211310531,2.426007450050796,1.2312902133423638,3.6572976633931593,50.702336606840504,64.56349475110058,0.8411784625804267,9.64307483914663,13.263799525905858,6.290551981036234,2.4166666666666665,0.6523388116308471,0.8655926905506132
Amir Coffey,92,980,110,226,34,98,44,56,38,76,114,54,18,10,18,60,298,3,0.594,11.9,-0.9,,,0.4,0.177,0.177,0.213,PHX,46,491,45,15,43,34.9,15.0,43.0,34.9,52.3,0.1902654867256637,0.4387755102040816,1.579591836734694,1.579591836734694,29.0,2.0,5.0,25.0,6.0,3.0,9.0,66.7,33.3,1.0,26.0,17.0,43.0,351,350,4,49,70,31,7.7,8.8,0.07346938775510205,0.1836734693877551,0.9183673469387755,0.22040816326530613,0.11020408163265306,0.3306122448979592,0.036734693877551024,0.9551020408163265,0.6244897959183674,1.579591836734694,12.893877551020408,12.857142857142858,0.1469387755102041,1.8,2.5714285714285716,1.1387755102040817,2.5,0.6326530612244898,0.5698005698005698
Andersson Garcia,5,169,9,29,1,13,7,9,17,25,42,14,8,4,7,16,26,1,0.394,9.7,-0.5,,,0.1,0.241,0.31,0.0,UTA,5,169,3,1,13,7.7,1.0,13.0,7.7,11.5,0.4482758620689655,1.0,2.769230769230769,2.769230769230769,25.0,8.0,20.0,20.0,4.0,1.0,5.0,80.0,20.0,0.0,19.0,5.0,24.0,159,99,5,20,35,19,8.8,11.9,1.7041420118343196,4.260355029585799,4.260355029585799,0.8520710059171598,0.21301775147928995,1.0650887573964498,0.0,4.047337278106509,1.0650887573964498,5.112426035502959,33.8698224852071,21.088757396449704,1.0650887573964498,4.260355029585799,7.455621301775148,4.047337278106509,2.5,0.95,5.031446540880503
Andre Drummond,63,1231,159,337,32,90,53,84,200,332,532,80,38,49,61,125,403,1,0.539,14.9,-0.2,,,1.9,0.516,0.202,0.015,PHI,63,1231,90,30,86,34.9,30.0,86.0,34.9,52.3,0.2551928783382789,0.9555555555555556,2.515028432168968,2.515028432168968,32.0,113.0,258.0,95.0,9.0,6.0,15.0,60.0,40.0,0.0,232.0,89.0,321.0,1023,768,9,106,187,90,7.8,8.8,3.304630381803412,7.545085296506905,2.7782290820471163,0.26320064987814784,0.17546709991876522,0.4386677497969131,0.0,6.784727863525589,2.6027619821283507,9.38748984565394,29.91714053614947,22.459788789601948,0.26320064987814784,3.099918765231519,5.46872461413485,2.6320064987814784,2.2831858407079646,0.8490566037735849,11.045943304007821
Andre Jackson Jr.,48,408,39,119,15,60,20,32,25,47,72,43,19,4,31,43,113,1,0.425,17.8,-1.4,,,0.3,0.252,0.16,0.084,MIL,48,408,27,9,42,21.4,9.0,40.0,22.5,32.1,0.3529411764705882,0.6666666666666666,3.7058823529411766,3.5294117647058822,24.0,14.0,31.0,34.0,6.0,6.0,12.0,50.0,50.0,0.0,21.0,20.0,41.0,643,630,5,79,121,52,6.7,8.1,1.2352941176470589,2.735294117647059,3.0,0.5294117647058824,0.5294117647058824,1.0588235294117647,0.0,1.8529411764705883,1.7647058823529411,3.6176470588235294,56.73529411764706,55.588235294117645,0.4411764705882353,6.970588235294118,10.676470588235293,4.588235294117647,2.2142857142857144,0.6582278481012658,2.177293934681182
Andrew Nembhard,57,1786,333,753,107,296,193,234,25,135,160,437,51,8,137,126,966,1,0.564,23.6,-1.9,,,0.7,0.141,0.163,0.302,IND,57,1786,178,61,149,40.9,56.0,140.0,40.0,59.7,0.197875166002656,0.4729729729729729,3.003359462486002,2.821948488241881,26.0,26.0,57.0,94.0,18.0,13.0,31.0,58.1,41.9,1.0,90.0,51.0,141.0,3856,5548,71,766,1106,541,11.3,14.0,0.5240761478163494,1.148936170212766,1.894736842105263,0.3628219484882419,0.2620380739081747,0.6248600223964166,0.020156774916013438,1.8141097424412094,1.0279955207166853,2.8421052631578947,77.72452407614782,111.82978723404256,1.4311310190369542,15.440089585666293,22.293393057110862,10.90481522956327,2.1923076923076925,0.706266318537859,0.6742738589211619
Andrew Wiggins,68,2063,390,821,138,333,127,162,115,214,329,182,76,69,103,156,1045,1,0.586,19.7,0.5,,,2.3,0.224,0.206,0.1639999999999999,MIA,68,2063,346,116,291,39.9,114.0,281.0,40.6,59.5,0.3544457978075517,0.8438438438438438,5.078041686863791,4.903538536112458,31.0,8.0,19.0,151.0,24.0,15.0,39.0,61.5,38.5,0.0,273.0,242.0,515.0,1870,2162,43,319,473,240,9.7,12.8,0.1396025206010664,0.3315559864275327,2.6349975763451283,0.4188075618031992,0.2617547261269995,0.6805622879301988,0.0,4.7639360155113915,4.222976248182259,8.98691226369365,32.63208919049927,37.727581192438194,0.7503635482307319,5.566650508967523,8.25399903053805,4.188075618031992,2.375,0.7523510971786834,0.42780748663101603
Anfernee Simons,110,2744,570,1296,292,758,138,154,62,208,270,268,54,16,136,188,1570,3,0.576,23.6,-1.3,,,2.2,0.057,0.153,0.205,CHI,55,1372,260,87,197,44.2,86.0,196.0,43.9,66.0,0.1520061728395061,0.258575197889182,2.5845481049562684,2.571428571428572,27.0,10.0,22.0,66.0,4.0,9.0,13.0,30.8,69.2,0.0,83.0,76.0,159.0,1628,2346,30,265,347,170,8.2,10.4,0.13119533527696792,0.2886297376093295,0.8658892128279884,0.052478134110787174,0.11807580174927114,0.17055393586005832,0.0,1.0889212827988337,0.9970845481049563,2.08600583090379,21.35860058309038,30.778425655976676,0.3935860058309038,3.4766763848396502,4.552478134110787,2.2303206997084546,2.2,0.6415094339622641,0.6142506142506142
Anthony Black,64,1910,345,772,100,300,169,231,47,197,244,236,91,45,132,170,959,1,0.549,22.2,0.7,,,2.4,0.258,0.237,0.1159999999999999,ORL,64,1910,199,67,195,34.4,65.0,186.0,34.9,51.0,0.2525906735751295,0.62,3.675392670157068,3.505759162303665,22.0,19.0,46.0,194.0,8.0,21.0,29.0,27.6,72.4,3.0,142.0,124.0,266.0,2527,3284,40,397,597,303,9.3,12.0,0.3581151832460733,0.8670157068062827,3.656544502617801,0.15078534031413612,0.3958115183246073,0.5465968586387434,0.05654450261780105,2.676439790575916,2.33717277486911,5.013612565445026,47.629319371727746,61.89738219895288,0.7539267015706806,7.482722513089005,11.252356020942408,5.710994764397905,2.4210526315789473,0.7632241813602015,0.7518796992481203
Anthony Davis,20,626,169,334,10,37,59,81,62,159,221,56,22,33,41,42,407,1,0.551,27.5,0.9,,,1.0,0.332,0.278,0.279,WAS,20,626,43,17,50,34.0,9.0,31.0,29.0,43.0,0.1497005988023952,0.8378378378378378,2.8753993610223643,1.782747603833866,33.0,54.0,115.0,48.0,3.0,1.0,4.0,75.0,25.0,2.0,133.0,61.0,194.0,742,781,5,87,133,63,7.5,8.5,3.1054313099041533,6.613418530351438,2.7603833865814695,0.17252396166134185,0.05750798722044728,0.23003194888178913,0.11501597444089456,7.6485623003194885,3.5079872204472844,11.156549520766774,42.670926517571885,44.91373801916933,0.28753993610223644,5.003194888178914,7.6485623003194885,3.623003194888179,2.1296296296296298,0.7241379310344828,7.277628032345014
Anthony Edwards,61,2137,602,1231,205,514,348,437,36,266,302,226,83,49,174,118,1757,1,0.617,31.5,-0.1,,,2.7,0.18,0.149,0.254,MIN,61,2137,204,69,147,46.9,66.0,138.0,47.8,69.4,0.1194151096669374,0.2684824902723735,2.476368741226018,2.324754328497894,24.0,7.0,19.0,133.0,24.0,15.0,39.0,61.5,38.5,0.0,148.0,103.0,251.0,2641,4123,71,403,570,312,8.6,11.8,0.11792232101076275,0.32007487131492746,2.2405240992044924,0.4043051006083294,0.2526906878802059,0.6569957884885353,0.0,2.4932147870846983,1.7351427234440804,4.228357510528778,44.49040711277492,69.45624707533926,1.196069255966308,6.788956481048198,9.602246139447825,5.255966307908283,2.7142857142857144,0.7741935483870968,0.2650511170011359
Anthony Gill,55,951,135,215,17,48,34,46,58,100,158,69,31,21,36,88,321,1,0.682,11.9,-1.3,,,0.1,0.423,0.312,0.042,WAS,55,951,50,17,46,37.0,16.0,44.0,36.4,54.3,0.213953488372093,0.9166666666666666,1.7413249211356467,1.665615141955836,33.0,79.0,180.0,74.0,5.0,5.0,10.0,50.0,50.0,1.0,123.0,98.0,221.0,870,772,7,124,171,79,7.9,9.1,2.9905362776025237,6.813880126182966,2.8012618296529967,0.1892744479495268,0.1892744479495268,0.3785488958990536,0.03785488958990536,4.65615141955836,3.7097791798107256,8.365930599369085,32.93375394321767,29.22397476340694,0.26498422712933756,4.694006309148265,6.473186119873817,2.9905362776025237,2.278481012658228,0.6370967741935484,9.080459770114942
Antonio Reeves,10,68,10,20,7,13,0,0,2,6,8,3,1,0,1,3,27,1,0.675,13.1,0.1,,,0.0,0.15,0.1,0.1,CHA,10,68,15,5,10,50.0,5.0,10.0,50.0,75.0,0.5,0.7692307692307693,5.294117647058823,5.294117647058823,25.0,0.0,0.0,1.0,0.0,0.0,0.0,0.0,0.0,0.0,4.0,5.0,9.0,44,44,1,7,8,4,6.8,9.1,0.0,0.0,0.5294117647058824,0.0,0.0,0.0,0.0,2.1176470588235294,2.6470588235294117,4.764705882352941,23.294117647058822,23.294117647058822,0.5294117647058824,3.7058823529411766,4.235294117647059,2.1176470588235294,,0.5714285714285714,0.0
Ariel Hukporti,54,498,45,80,1,4,26,33,56,103,159,29,9,26,32,67,117,1,0.619,10.9,1.4,,,0.8,0.55,0.35,0.05,NYK,54,498,5,2,10,20.0,1.0,4.0,25.0,25.0,0.125,1.0,0.7228915662650602,0.2891566265060241,24.0,59.0,134.0,17.0,7.0,5.0,12.0,58.3,41.7,0.0,123.0,52.0,175.0,396,335,5,56,76,38,7.3,9.6,4.265060240963855,9.686746987951807,1.2289156626506024,0.5060240963855421,0.3614457831325301,0.8674698795180723,0.0,8.891566265060241,3.7590361445783134,12.650602409638553,28.626506024096386,24.216867469879517,0.3614457831325301,4.048192771084337,5.493975903614458,2.746987951807229,2.2711864406779663,0.6785714285714286,14.8989898989899
Asa Newell,44,500,91,169,29,75,16,29,44,52,96,26,16,15,23,65,227,1,0.624,17.1,-0.5,,,0.6,0.402,0.154,0.0,ATL,44,500,87,29,75,38.7,29.0,74.0,39.2,58.0,0.4437869822485207,0.9866666666666668,5.4,5.328,20.0,23.0,50.0,15.0,5.0,5.0,10.0,50.0,50.0,0.0,79.0,49.0,128.0,458,403,6,46,66,35,5.7,7.6,1.656,3.6,1.08,0.36,0.36,0.72,0.0,5.688,3.528,9.216,32.976,29.016,0.432,3.312,4.752,2.52,2.1739130434782608,0.7608695652173914,5.021834061135372
Ausar Thompson,73,1896,303,577,6,24,109,191,150,268,418,228,146,69,110,198,721,1,0.545,16.9,3.6,,,4.1,0.426,0.414,0.118,DET,73,1896,17,6,30,20.0,5.0,22.0,22.7,28.3,0.0519930675909878,0.9166666666666666,0.569620253164557,0.4177215189873418,23.0,37.0,88.0,321.0,28.0,33.0,61.0,45.9,54.1,2.0,160.0,149.0,309.0,2101,2336,29,357,570,277,10.9,13.2,0.7025316455696202,1.6708860759493671,6.094936708860759,0.5316455696202531,0.6265822784810127,1.1582278481012658,0.0379746835443038,3.037974683544304,2.829113924050633,5.867088607594937,39.892405063291136,44.35443037974684,0.5506329113924051,6.7784810126582276,10.822784810126583,5.2594936708860756,2.3783783783783785,0.7759103641456583,1.761066158971918
Austin Reaves,51,1762,373,762,118,328,323,371,33,207,240,280,56,20,151,110,1187,1,0.641,26.7,-0.6,,,1.4,0.15,0.277,0.143,LAL,51,1762,180,60,149,40.3,60.0,148.0,40.5,60.4,0.1955380577427821,0.4512195121951219,3.044267877412032,3.0238365493757096,28.0,16.0,36.0,114.0,20.0,20.0,40.0,50.0,50.0,15.0,84.0,69.0,153.0,2476,3425,50,435,677,357,11.3,14.4,0.32690124858115777,0.735527809307605,2.329171396140749,0.4086265607264472,0.4086265607264472,0.8172531214528944,0.3064699205448354,1.7162315550510783,1.409761634506243,3.125993189557321,50.58796821793417,69.97729852440409,1.0215664018161181,8.887627695800226,13.832009080590238,7.2939841089670825,2.25,0.8206896551724138,0.6462035541195477
Ayo Dosunmu,138,3762,772,1494,246,560,254,290,94,380,474,498,116,36,192,260,2044,3,0.63,20.2,-0.3,,,2.7,0.367,0.194,0.064,MIN,69,1881,304,102,231,44.2,100.0,228.0,43.9,65.8,0.1546184738955823,0.4071428571428571,2.210526315789474,2.1818181818181817,26.0,10.0,26.0,83.0,20.0,18.0,38.0,52.6,47.4,4.0,147.0,102.0,249.0,2666,3266,46,429,646,315,9.3,11.8,0.09569377990430622,0.24880382775119617,0.7942583732057417,0.19138755980861244,0.1722488038277512,0.36363636363636365,0.03827751196172249,1.4066985645933014,0.9760765550239234,2.382775119617225,25.51196172248804,31.25358851674641,0.44019138755980863,4.105263157894737,6.181818181818182,3.014354066985646,2.6,0.7342657342657343,0.37509377344336087
Bam Adebayo,73,2365,506,1145,127,400,329,423,149,583,732,232,86,49,120,122,1468,1,0.551,25.0,0.4,,,3.6,0.205,0.252,0.193,MIA,73,2365,364,129,382,33.8,106.0,338.0,31.4,47.6,0.3336244541484716,0.845,5.814799154334038,5.145031712473573,28.0,85.0,189.0,175.0,22.0,16.0,38.0,57.9,42.1,2.0,300.0,199.0,499.0,2697,2809,52,600,601,296,8.6,11.0,1.2938689217758985,2.876955602536998,2.66384778012685,0.33488372093023255,0.24355179704016913,0.5784355179704017,0.03044397463002114,4.5665961945031714,3.0291754756871034,7.595771670190275,41.05369978858351,42.75856236786469,0.7915433403805496,9.133192389006343,9.148414376321353,4.505708245243129,2.223529411764706,0.49333333333333335,3.1516499814608823
Baylor Scheierman,77,1429,151,333,97,243,28,31,57,212,269,116,42,6,46,108,427,1,0.616,11.9,1.3,,,1.8,0.066,0.093,0.111,BOS,77,1429,228,77,189,40.7,74.0,186.0,39.8,60.3,0.5675675675675675,0.7654320987654321,4.761371588523443,4.685794261721483,25.0,19.0,47.0,99.0,18.0,8.0,26.0,69.2,30.8,5.0,92.0,75.0,167.0,1260,1023,18,720,322,148,9.2,11.7,0.47865640307907625,1.184044786564031,2.4940517844646606,0.4534639608117565,0.20153953813855843,0.655003498950315,0.12596221133659902,2.317704688593422,1.8894331700489853,4.207137858642407,31.74247725682295,25.77186843946816,0.4534639608117565,18.13855843247026,8.111966410076977,3.728481455563331,2.473684210526316,0.20555555555555555,1.507936507936508
Ben Saraf,44,916,120,303,19,90,73,88,20,72,92,145,38,8,99,81,332,1,0.486,21.0,-1.7,,,0.5,0.333,0.304,0.066,BKN,44,916,45,15,71,21.1,15.0,70.0,21.4,31.7,0.2343234323432343,0.7777777777777778,2.7903930131004366,2.7510917030567685,20.0,7.0,19.0,76.0,14.0,5.0,19.0,73.7,26.3,1.0,98.0,54.0,152.0,1600,2109,19,284,378,179,9.1,11.2,0.27510917030567683,0.7467248908296943,2.986899563318777,0.5502183406113537,0.1965065502183406,0.7467248908296943,0.039301310043668124,3.851528384279476,2.1222707423580784,5.973799126637554,62.88209606986899,82.88646288209607,0.7467248908296943,11.161572052401747,14.85589519650655,7.034934497816594,2.7142857142857144,0.6302816901408451,0.4375
Ben Sheppard,65,1390,168,387,84,232,39,51,43,152,195,114,39,6,41,114,459,1,0.561,13.8,-0.6,,,0.7,0.202,0.121,0.077,IND,65,1390,238,80,210,38.1,78.0,206.0,37.9,56.7,0.5426356589147286,0.8879310344827587,5.438848920863309,5.335251798561151,24.0,9.0,20.0,73.0,16.0,9.0,25.0,64.0,36.0,0.0,115.0,54.0,169.0,1721,1640,28,201,286,149,6.6,8.7,0.23309352517985613,0.5179856115107914,1.8906474820143886,0.4143884892086331,0.23309352517985613,0.6474820143884892,0.0,2.9784172661870505,1.3985611510791367,4.376978417266187,44.572661870503595,42.47482014388489,0.7251798561151079,5.205755395683453,7.407194244604317,3.8589928057553955,2.2222222222222223,0.7412935323383084,0.5229517722254503
Bennedict Mathurin,108,3240,582,1354,150,476,584,672,110,476,586,258,86,26,236,274,1898,3,0.575,25.2,-1.4,,,2.2,0.213,0.21,0.226,LAC,54,1620,136,49,124,39.5,38.0,106.0,35.8,54.8,0.0915805022156573,0.2226890756302521,1.3777777777777778,1.1777777777777778,24.0,11.0,24.0,68.0,11.0,8.0,19.0,57.9,42.1,1.0,83.0,60.0,143.0,1740,2223,33,244,332,172,7.4,9.9,0.12222222222222222,0.26666666666666666,0.7555555555555555,0.12222222222222222,0.08888888888888889,0.2111111111111111,0.011111111111111112,0.9222222222222223,0.6666666666666666,1.5888888888888888,19.333333333333332,24.7,0.36666666666666664,2.7111111111111112,3.688888888888889,1.9111111111111112,2.1818181818181817,0.7049180327868853,0.632183908045977
Bez Mbeng,15,492,50,100,6,31,16,25,18,39,57,62,34,5,22,46,122,1,0.55,11.1,0.1,,,0.2,0.32,0.34,0.03,UTA,15,492,12,4,21,19.0,4.0,21.0,19.0,28.6,0.21,0.6774193548387096,1.5365853658536586,1.5365853658536586,23.0,5.0,12.0,59.0,1.0,6.0,7.0,14.3,85.7,0.0,31.0,45.0,76.0,459,469,7,108,152,75,13.5,16.3,0.36585365853658536,0.8780487804878049,4.317073170731708,0.07317073170731707,0.43902439024390244,0.5121951219512195,0.0,2.268292682926829,3.292682926829268,5.560975609756097,33.58536585365854,34.31707317073171,0.5121951219512195,7.902439024390244,11.121951219512194,5.487804878048781,2.4,0.6944444444444444,1.0893246187363834
Bilal Coulibaly,56,1468,230,541,65,204,132,177,48,195,243,145,75,54,81,130,657,1,0.531,19.9,-0.4,,,0.8,0.287,0.242,0.094,WAS,56,1468,173,58,174,33.3,57.0,168.0,33.9,49.7,0.321626617375231,0.8235294117647058,4.267029972752043,4.119891008174387,21.0,19.0,46.0,172.0,7.0,9.0,16.0,43.8,56.3,2.0,126.0,63.0,189.0,1735,2056,19,231,365,173,8.4,10.0,0.4659400544959128,1.1280653950953679,4.217983651226158,0.17166212534059946,0.22070844686648503,0.3923705722070845,0.04904632152588556,3.0899182561307903,1.5449591280653951,4.6348773841961854,42.54768392370572,50.41961852861036,0.4659400544959128,5.664850136239782,8.950953678474114,4.2425068119891005,2.4210526315789473,0.7489177489177489,1.095100864553314
Bismack Biyombo,25,141,9,15,0,0,5,7,5,21,26,5,4,2,8,27,23,1,0.636,7.8,1.4,,,0.2,0.667,0.333,0.0,SAS,25,141,0,0,0,,0.0,0.0,,,0.0,,0.0,0.0,33.0,11.0,28.0,3.0,0.0,0.0,0.0,0.0,0.0,1.0,26.0,12.0,38.0,138,72,1,10,15,6,3.6,4.3,2.8085106382978724,7.148936170212766,0.7659574468085106,0.0,0.0,0.0,0.2553191489361702,6.638297872340425,3.0638297872340425,9.702127659574469,35.234042553191486,18.382978723404257,0.2553191489361702,2.5531914893617023,3.8297872340425534,1.5319148936170213,2.5454545454545454,0.6,7.971014492753623
Blake Hinson,14,285,59,115,37,79,12,16,11,22,33,16,5,2,5,24,167,1,0.684,18.3,-3.0,,,0.0,0.122,0.122,0.069,UTA,14,285,102,34,72,47.2,34.0,69.0,49.3,70.8,0.6260869565217392,0.8734177215189873,9.094736842105265,8.715789473684211,26.0,2.0,5.0,8.0,1.0,0.0,1.0,100.0,0.0,0.0,26.0,17.0,43.0,225,284,2,22,39,20,7.1,8.9,0.25263157894736843,0.631578947368421,1.0105263157894737,0.12631578947368421,0.0,0.12631578947368421,0.0,3.2842105263157895,2.1473684210526316,5.431578947368421,28.42105263157895,35.873684210526314,0.25263157894736843,2.778947368421053,4.926315789473684,2.526315789473684,2.5,0.9090909090909091,0.8888888888888888
Blake Wesley,31,361,56,124,10,36,26,47,8,31,39,62,16,5,31,34,148,1,0.511,19.8,0.1,,,0.4,0.395,0.145,0.169,POR,31,361,30,10,33,30.3,10.0,29.0,34.5,45.5,0.2661290322580645,0.8055555555555556,3.290858725761773,2.89196675900277,23.0,1.0,2.0,38.0,0.0,2.0,2.0,0.0,100.0,0.0,10.0,10.0,20.0,570,724,8,127,160,74,10.9,13.0,0.0997229916897507,0.1994459833795014,3.789473684210526,0.0,0.1994459833795014,0.1994459833795014,0.0,0.997229916897507,0.997229916897507,1.994459833795014,56.8421052631579,72.1994459833795,0.7977839335180056,12.664819944598339,15.955678670360111,7.379501385041551,2.0,0.5826771653543307,0.17543859649122806
Bobby Portis,67,1619,366,750,135,296,48,68,89,339,428,105,41,12,66,110,915,1,0.587,23.1,-1.6,,,1.2,0.115,0.18,0.311,MIL,67,1619,434,155,345,44.9,124.0,273.0,45.4,62.9,0.46,0.9222972972972971,7.6714021000617665,6.07041383570105,31.0,64.0,137.0,110.0,12.0,15.0,27.0,44.4,55.6,1.0,181.0,172.0,353.0,2239,1940,19,190,276,129,4.7,5.8,1.423100679431748,3.0463248919085855,2.4459542927733167,0.26683137739345275,0.33353922174181594,0.6003705991352687,0.022235948116121063,4.024706609017913,3.8245830759728228,7.849289684990735,49.78628783199506,43.13773934527486,0.4224830142063002,4.224830142063002,6.137121680049413,2.868437306979617,2.140625,0.6789473684210526,2.8584189370254576
Bobi Klintman,12,71,9,27,4,13,0,3,5,14,19,6,3,0,6,11,22,1,0.388,20.1,-1.0,,,0.1,0.111,0.37,0.037,DET,12,71,12,4,14,28.6,4.0,13.0,30.8,42.9,0.5185185185185185,1.0,7.098591549295775,6.591549295774648,23.0,2.0,4.0,6.0,1.0,0.0,1.0,100.0,0.0,1.0,5.0,7.0,12.0,71,57,0,8,13,6,8.5,8.5,1.0140845070422535,2.028169014084507,3.0422535211267605,0.5070422535211268,0.0,0.5070422535211268,0.5070422535211268,2.535211267605634,3.5492957746478875,6.084507042253521,36.0,28.901408450704224,0.0,4.056338028169014,6.591549295774648,3.0422535211267605,2.0,0.75,2.816901408450704
Bogdan Bogdanović,23,452,59,152,33,95,20,25,6,53,59,51,10,3,27,46,171,1,0.525,18.6,-0.8,,,0.3,0.112,0.105,0.158,LAC,23,452,48,16,50,32.0,16.0,50.0,32.0,48.0,0.3289473684210526,0.5263157894736842,3.982300884955752,3.982300884955752,33.0,6.0,17.0,25.0,3.0,3.0,6.0,50.0,50.0,0.0,43.0,34.0,77.0,563,657,11,98,141,69,9.1,12.3,0.4778761061946903,1.3539823008849559,1.991150442477876,0.23893805309734514,0.23893805309734514,0.4778761061946903,0.0,3.424778761061947,2.7079646017699117,6.132743362831858,44.84070796460177,52.32743362831859,0.8761061946902655,7.8053097345132745,11.230088495575222,5.495575221238938,2.8333333333333335,0.7040816326530612,1.0657193605683837
Bones Hyland,71,1177,212,468,116,299,64,82,23,104,127,188,44,17,70,120,604,1,0.599,20.6,0.5,,,1.3,0.19,0.088,0.084,MIN,71,1177,199,67,158,42.4,65.0,154.0,42.2,63.0,0.3376068376068376,0.5150501672240803,4.832625318606627,4.710280373831775,25.0,11.0,24.0,90.0,8.0,13.0,21.0,38.1,61.9,1.0,83.0,64.0,147.0,2079,2648,45,310,465,245,9.0,11.8,0.3364485981308411,0.7340696686491079,2.7527612574341545,0.24468988954970264,0.3976210705182668,0.6423109600679694,0.03058623619371283,2.538657604078165,1.957519116397621,4.496176720475786,63.58878504672897,80.99235344095158,1.3763806287170772,9.481733220050977,14.222599830076465,7.493627867459643,2.1818181818181817,0.7903225806451613,0.5291005291005291
Bradley Beal,6,121,18,48,7,19,6,8,2,3,5,10,3,0,9,14,49,1,0.476,22.2,-3.9,,,0.0,0.125,0.146,0.3329999999999999,LAC,6,121,18,6,14,42.9,6.0,13.0,46.2,64.3,0.2916666666666667,0.6842105263157895,4.1652892561983474,3.8677685950413214,33.0,1.0,2.0,13.0,2.0,1.0,3.0,66.7,33.3,0.0,2.0,12.0,14.0,115,163,1,20,25,12,8.7,10.4,0.2975206611570248,0.5950413223140496,3.8677685950413223,0.5950413223140496,0.2975206611570248,0.8925619834710744,0.0,0.5950413223140496,3.5702479338842976,4.1652892561983474,34.21487603305785,48.49586776859504,0.2975206611570248,5.950413223140496,7.43801652892562,3.5702479338842976,2.0,0.6,0.8695652173913043
Branden Carlson,42,488,98,186,31,86,15,26,29,95,124,29,8,27,16,36,242,1,0.613,18.9,0.3,,,1.0,0.349,0.167,0.022,OKC,42,488,90,30,86,34.9,30.0,83.0,36.1,52.3,0.4623655913978494,0.9651162790697676,6.344262295081967,6.122950819672131,27.0,33.0,75.0,17.0,1.0,1.0,2.0,50.0,50.0,0.0,139.0,54.0,193.0,510,384,2,39,72,31,5.7,6.1,2.4344262295081966,5.532786885245901,1.2540983606557377,0.07377049180327869,0.07377049180327869,0.14754098360655737,0.0,10.254098360655737,3.9836065573770494,14.237704918032787,37.622950819672134,28.327868852459016,0.14754098360655737,2.877049180327869,5.311475409836065,2.2868852459016393,2.272727272727273,0.7948717948717948,6.470588235294118
Brandin Podziemski,82,2333,394,866,153,412,192,241,72,347,419,304,88,15,131,136,1133,1,0.583,20.1,-0.1,,,2.3,0.15,0.174,0.199,GSW,82,2333,292,98,253,38.7,96.0,246.0,39.0,57.7,0.2921478060046189,0.5970873786407767,3.903986283754822,3.795970852978997,23.0,45.0,114.0,149.0,13.0,18.0,31.0,41.9,58.1,23.0,114.0,98.0,212.0,3659,4428,84,665,820,404,8.3,11.0,0.6943849121303043,1.7591084440634377,2.299185597942563,0.20060008572653237,0.2777539648521217,0.4783540505786541,0.3549078439777111,1.7591084440634377,1.5122160308615515,3.2713244749249895,56.4612087441063,68.32747535362195,1.2961851693099014,10.261465923703387,12.653236176596657,6.234033433347621,2.533333333333333,0.6075187969924812,1.2298442197321673
Brandon Clarke,2,20,3,9,0,0,2,4,4,2,6,1,2,0,0,5,8,1,0.372,22.4,-0.2,,,0.0,0.556,0.444,0.0,MEM,2,20,0,0,0,,0.0,0.0,,,0.0,,0.0,0.0,29.0,1.0,3.0,6.0,0.0,0.0,0.0,0.0,0.0,1.0,4.0,0.0,4.0,16,21,0,3,3,1,6.3,6.3,1.8,5.4,10.8,0.0,0.0,0.0,1.8,7.2,0.0,7.2,28.8,37.8,0.0,5.4,5.4,1.8,3.0,0.3333333333333333,6.25
Brandon Ingram,77,2604,614,1288,135,353,292,356,63,367,430,284,58,55,187,148,1655,1,0.573,26.9,-0.5,,,3.1,0.147,0.136,0.443,TOR,77,2604,371,131,319,41.1,109.0,269.0,40.5,58.2,0.2476708074534161,0.7620396600566572,4.410138248847926,3.71889400921659,28.0,18.0,42.0,132.0,16.0,15.0,31.0,51.6,48.4,0.0,217.0,168.0,385.0,2433,3385,66,576,729,362,11.7,14.9,0.2488479262672811,0.5806451612903226,1.8248847926267282,0.22119815668202766,0.2073732718894009,0.42857142857142855,0.0,3.0,2.3225806451612905,5.32258064516129,33.63594470046083,46.79723502304147,0.9124423963133641,7.9631336405529956,10.078341013824884,5.0046082949308754,2.3333333333333335,0.6284722222222222,0.7398273736128237
Brandon Miller,65,1968,454,1044,204,533,199,223,70,249,319,217,66,44,163,180,1311,1,0.574,28.1,-0.1,,,2.4,0.122,0.199,0.1689999999999999,CHA,65,1968,436,147,378,38.9,142.0,361.0,39.3,57.7,0.3620689655172414,0.6772983114446529,6.914634146341464,6.603658536585366,23.0,32.0,80.0,130.0,21.0,13.0,34.0,61.8,38.2,2.0,170.0,109.0,279.0,2381,3269,43,397,580,280,9.1,11.8,0.5853658536585366,1.4634146341463414,2.3780487804878048,0.38414634146341464,0.23780487804878048,0.6219512195121951,0.036585365853658534,3.1097560975609757,1.9939024390243902,5.103658536585366,43.55487804878049,59.798780487804876,0.7865853658536586,7.262195121951219,10.609756097560975,5.121951219512195,2.5,0.7052896725440806,1.3439731205375893
Brandon Williams,66,1463,291,617,36,155,241,304,30,161,191,256,62,20,125,103,859,1,0.572,25.1,0.3,,,1.3,0.305,0.285,0.159,DAL,66,1463,83,28,118,23.7,27.0,115.0,23.5,35.2,0.1912479740680713,0.7419354838709677,2.903622693096377,2.829801777170198,26.0,9.0,21.0,110.0,13.0,22.0,35.0,37.1,62.9,2.0,98.0,96.0,194.0,2173,3254,35,480,640,317,11.8,14.6,0.22146274777853725,0.5167464114832536,2.706766917293233,0.3198906356801094,0.5413533834586466,0.861244019138756,0.04921394395078606,2.411483253588517,2.3622693096377305,4.773752563226248,53.47095010252905,80.0710868079289,0.861244019138756,11.811346548188654,15.748462064251537,7.80041011619959,2.3333333333333335,0.6604166666666667,0.4141739530602853
Brice Sensabaugh,75,1762,394,857,162,442,166,201,56,175,231,143,54,12,124,143,1116,1,0.59,24.9,-3.0,,,0.1,0.111,0.196,0.178,UTA,75,1762,360,121,325,37.2,118.0,317.0,37.2,55.4,0.3792298716452742,0.7171945701357466,6.640181611804767,6.4767309875141885,22.0,26.0,59.0,107.0,19.0,6.0,25.0,76.0,24.0,9.0,95.0,103.0,198.0,1625,2130,26,265,367,191,8.8,11.8,0.5312145289443814,1.2054483541430192,2.1861520998864927,0.38819523269012485,0.12258796821793416,0.5107832009080591,0.18388195232690124,1.9409761634506242,2.104426787741203,4.045402951191828,33.20090805902384,43.51872871736663,0.5312145289443814,5.414301929625426,7.498297389330307,3.902383654937571,2.269230769230769,0.720754716981132,1.6
Bronny James,42,375,47,115,22,57,6,7,5,18,23,51,19,4,25,28,122,1,0.517,16.7,-0.9,,,0.3,0.104,0.13,0.27,LAL,42,375,38,13,30,43.3,12.0,29.0,41.4,63.3,0.2608695652173913,0.5087719298245614,2.88,2.784,21.0,3.0,7.0,40.0,1.0,2.0,3.0,33.3,66.7,0.0,14.0,28.0,42.0,560,727,10,85,122,65,9.1,11.6,0.288,0.672,3.84,0.096,0.192,0.288,0.0,1.344,2.688,4.032,53.76,69.792,0.96,8.16,11.712,6.24,2.3333333333333335,0.7647058823529411,0.5357142857142857
Brook Lopez,75,1635,232,542,114,317,56,74,47,226,273,97,45,87,61,154,634,1,0.552,17.2,0.4,,,1.8,0.127,0.177,0.111,LAC,75,1635,334,115,306,37.6,104.0,284.0,36.6,54.6,0.5645756457564576,0.8958990536277602,6.7376146788990825,6.253211009174312,38.0,116.0,264.0,127.0,3.0,11.0,14.0,21.4,78.6,0.0,509.0,112.0,621.0,1247,1351,13,162,256,117,7.8,9.4,2.5541284403669726,5.812844036697248,2.7963302752293577,0.06605504587155964,0.24220183486238533,0.30825688073394497,0.0,11.207339449541285,2.4660550458715598,13.673394495412843,27.456880733944953,29.74678899082569,0.28623853211009176,3.5669724770642204,5.636697247706422,2.5761467889908256,2.2758620689655173,0.7222222222222222,9.30232558139535
Brooks Barnhizer,40,348,27,71,7,24,7,10,19,59,78,22,11,5,10,27,68,1,0.451,10.6,1.0,,,0.6,0.282,0.183,0.197,OKC,40,348,22,8,22,36.4,6.0,20.0,30.0,50.0,0.3098591549295774,0.8333333333333334,2.2758620689655173,2.0689655172413794,24.0,8.0,18.0,25.0,2.0,1.0,3.0,66.7,33.3,0.0,32.0,22.0,54.0,304,254,5,49,60,28,7.2,9.2,0.8275862068965517,1.8620689655172413,2.586206896551724,0.20689655172413793,0.10344827586206896,0.3103448275862069,0.0,3.310344827586207,2.2758620689655173,5.586206896551724,31.448275862068964,26.275862068965516,0.5172413793103449,5.068965517241379,6.206896551724138,2.896551724137931,2.25,0.5714285714285714,2.6315789473684212
Bruce Brown,82,1998,248,522,57,148,96,126,85,233,318,174,85,20,91,195,649,1,0.562,14.5,0.1,,,1.8,0.318,0.289,0.109,DEN,82,1998,165,56,143,39.2,53.0,135.0,39.3,57.7,0.2739463601532567,0.9121621621621622,2.5765765765765765,2.4324324324324325,29.0,43.0,103.0,195.0,10.0,10.0,20.0,50.0,50.0,0.0,90.0,121.0,211.0,2235,2530,25,315,441,217,7.8,9.7,0.7747747747747747,1.8558558558558558,3.5135135135135136,0.18018018018018017,0.18018018018018017,0.36036036036036034,0.0,1.6216216216216217,2.18018018018018,3.8018018018018016,40.270270270270274,45.585585585585584,0.45045045045045046,5.675675675675675,7.945945945945946,3.90990990990991,2.395348837209302,0.6888888888888889,1.9239373601789709
Bryce McGowens,42,880,114,237,38,93,74,95,12,76,88,62,27,8,17,88,340,1,0.61,14.0,-0.9,,,0.3,0.266,0.257,0.0849999999999999,NOP,42,880,96,32,81,39.5,32.0,80.0,40.0,59.3,0.3417721518987341,0.8602150537634409,3.3136363636363635,3.272727272727273,23.0,7.0,16.0,64.0,1.0,8.0,9.0,11.1,88.9,8.0,64.0,72.0,136.0,822,804,6,89,160,75,7.5,9.1,0.2863636363636364,0.6545454545454545,2.618181818181818,0.04090909090909091,0.32727272727272727,0.36818181818181817,0.32727272727272727,2.618181818181818,2.9454545454545453,5.5636363636363635,33.627272727272725,32.89090909090909,0.24545454545454545,3.640909090909091,6.545454545454546,3.0681818181818183,2.2857142857142856,0.8426966292134831,0.851581508515815
Bub Carrington,82,2271,314,741,169,414,81,111,33,243,276,381,52,17,191,184,878,1,0.556,18.0,-2.5,,,-0.1,0.053,0.109,0.279,WAS,82,2271,233,78,190,41.1,77.0,184.0,41.8,61.3,0.2564102564102564,0.4444444444444444,3.011889035667107,2.916776750330251,20.0,25.0,55.0,119.0,23.0,16.0,39.0,59.0,41.0,0.0,126.0,111.0,237.0,3728,4755,40,699,935,458,10.2,12.3,0.3963011889035667,0.8718626155878467,1.8863936591809776,0.36459709379128136,0.2536327608982827,0.618229854689564,0.0,1.9973579920739761,1.7595772787318362,3.7569352708058124,59.09643328929987,75.37648612945839,0.6340819022457067,11.080581241743726,14.821664464993395,7.260237780713342,2.2,0.6552217453505007,0.6706008583690987
Buddy Boeheim,4,15,2,6,2,6,0,0,0,0,0,0,0,0,0,1,6,1,0.5,17.3,-4.5,,,0.0,0.0,0.0,0.0,OKC,4,15,6,2,4,50.0,2.0,4.0,50.0,75.0,0.6666666666666666,0.6666666666666666,9.6,9.6,26.0,1.0,2.0,1.0,0.0,0.0,0.0,0.0,0.0,0.0,5.0,0.0,5.0,6,10,0,0,0,0,0.0,0.0,2.4,4.8,2.4,0.0,0.0,0.0,0.0,12.0,0.0,12.0,14.4,24.0,0.0,0.0,0.0,0.0,2.0,,16.666666666666668
Buddy Hield,102,1638,286,654,148,424,60,74,54,178,232,142,78,18,96,114,780,3,0.568,20.3,-0.1,,,1.7000000000000002,0.159,0.11,0.0829999999999999,ATL,51,819,177,59,154,38.3,59.0,151.0,39.1,57.5,0.2354740061162079,0.3561320754716981,3.3846153846153846,3.318681318681319,33.0,5.0,11.0,78.0,11.0,11.0,22.0,50.0,50.0,0.0,80.0,54.0,134.0,1106,1125,21,125,200,105,6.4,9.5,0.10989010989010989,0.24175824175824176,1.7142857142857142,0.24175824175824176,0.24175824175824176,0.4835164835164835,0.0,1.7582417582417582,1.1868131868131868,2.9450549450549453,24.307692307692307,24.725274725274726,0.46153846153846156,2.7472527472527473,4.395604395604396,2.3076923076923075,2.2,0.84,0.45207956600361665
CJ Huntley,4,40,6,11,0,3,0,0,2,3,5,2,1,0,0,2,12,1,0.545,11.7,-0.5,,,0.0,0.545,0.091,0.091,PHX,4,40,2,1,4,25.0,0.0,3.0,0.0,25.0,0.3636363636363636,1.0,3.6,2.7,24.0,1.0,2.0,1.0,0.0,0.0,0.0,0.0,0.0,0.0,2.0,1.0,3.0,21,19,0,3,5,2,9.5,9.5,0.9,1.8,0.9,0.0,0.0,0.0,0.0,1.8,0.9,2.7,18.9,17.1,0.0,2.7,4.5,1.8,2.0,0.6666666666666666,4.761904761904762
CJ McCollum,152,4528,1050,2308,382,1020,366,474,124,380,504,586,128,70,270,288,2848,3,0.566,25.7,-1.7,,,2.1,0.135,0.185,0.238,ATL,76,2263,279,95,253,37.5,89.0,244.0,36.5,55.1,0.1096187175043327,0.2392156862745098,2.0114840989399294,1.939929328621908,34.0,26.0,63.0,113.0,20.0,21.0,41.0,48.8,51.2,0.0,161.0,165.0,326.0,2823,4346,56,579,769,369,10.4,13.1,0.2067137809187279,0.5008833922261484,0.8984098939929329,0.15901060070671377,0.16696113074204946,0.32597173144876324,0.0,1.280035335689046,1.3118374558303887,2.591872791519435,22.44434628975265,34.553003533568905,0.4452296819787986,4.603356890459364,6.113957597173145,2.9337455830388692,2.423076923076923,0.6373056994818653,0.9210060219624513
Cade Cunningham,64,2172,548,1189,125,366,310,382,56,299,355,634,92,54,236,196,1531,1,0.564,30.5,1.5,,,3.6,0.179,0.3,0.213,DET,64,2172,158,56,156,35.9,46.0,143.0,32.2,50.6,0.1312026913372582,0.3907103825136612,2.585635359116022,2.3701657458563536,24.0,20.0,44.0,154.0,24.0,32.0,56.0,42.9,57.1,0.0,177.0,132.0,309.0,3842,5526,85,1052,1584,792,16.5,20.6,0.3314917127071823,0.7292817679558011,2.552486187845304,0.39779005524861877,0.5303867403314917,0.9281767955801105,0.0,2.9337016574585637,2.1878453038674035,5.121546961325967,63.67955801104972,91.59116022099448,1.408839779005525,17.43646408839779,26.25414364640884,13.12707182320442,2.2,0.752851711026616,0.5205622071837585
Caleb Houstan,18,75,14,26,11,21,3,3,5,6,11,4,2,1,4,11,42,1,0.769,17.4,-1.2,,,0.1,0.077,0.115,0.0,ATL,18,75,35,12,20,60.0,11.0,19.0,57.9,87.5,0.7692307692307693,0.9047619047619048,9.6,9.12,23.0,1.0,2.0,5.0,0.0,1.0,1.0,0.0,100.0,0.0,3.0,2.0,5.0,60,65,1,14,10,6,6.7,10.0,0.48,0.96,2.4,0.0,0.48,0.48,0.0,1.44,0.96,2.4,28.8,31.2,0.48,6.72,4.8,2.88,2.0,0.42857142857142855,1.6666666666666667
Caleb Love,49,1013,190,490,93,292,36,49,25,89,114,123,27,4,62,48,509,1,0.497,23.0,-1.6,,,0.8,0.122,0.167,0.1139999999999999,POR,49,1013,204,68,198,34.3,68.0,195.0,34.9,51.5,0.4040816326530612,0.6678082191780822,7.036525172754195,6.929911154985192,24.0,5.0,11.0,59.0,5.0,4.0,9.0,55.6,44.4,0.0,37.0,47.0,84.0,1213,1770,22,200,313,153,10.1,12.6,0.17769002961500494,0.39091806515301086,2.0967423494570583,0.17769002961500494,0.14215202369200394,0.3198420533070089,0.0,1.3149062191510366,1.6702862783810464,2.9851924975320827,43.1076011846002,62.902270483711746,0.7818361303060217,7.107601184600197,11.123395853899309,5.437314906219151,2.2,0.765,0.41220115416323166
Caleb Martin,58,856,85,189,20,57,37,61,28,115,143,81,40,15,40,86,227,1,0.526,12.5,1.7,,,0.9,0.312,0.18,0.207,DAL,58,856,65,23,66,34.8,19.0,51.0,37.3,49.2,0.3492063492063492,0.8947368421052632,2.7757009345794392,2.1448598130841123,30.0,28.0,64.0,73.0,8.0,7.0,15.0,53.3,46.7,4.0,58.0,29.0,87.0,759,775,11,138,217,102,10.7,13.4,1.1775700934579438,2.691588785046729,3.0700934579439254,0.3364485981308411,0.29439252336448596,0.6308411214953271,0.16822429906542055,2.439252336448598,1.219626168224299,3.6588785046728973,31.92056074766355,32.59345794392523,0.46261682242990654,5.803738317757009,9.126168224299066,4.289719626168225,2.2857142857142856,0.7391304347826086,3.689064558629776
Cam Christie,55,480,53,139,12,49,38,50,19,59,78,31,16,3,22,19,156,1,0.484,16.9,-1.1,,,0.4,0.245,0.281,0.122,LAC,55,480,33,11,38,28.9,11.0,37.0,29.7,43.4,0.2733812949640288,0.7551020408163265,2.85,2.775,20.0,5.0,11.0,31.0,4.0,0.0,4.0,100.0,0.0,0.0,36.0,34.0,70.0,499,532,11,59,81,44,6.2,8.8,0.375,0.825,2.325,0.3,0.0,0.3,0.0,2.7,2.55,5.25,37.425,39.9,0.825,4.425,6.075,3.3,2.2,0.7457627118644068,1.002004008016032
Cam Spencer,72,1714,263,556,146,325,126,134,40,143,183,400,52,11,93,103,798,1,0.649,17.2,-0.8,,,0.6,0.067,0.108,0.241,MEM,72,1714,226,78,165,47.3,70.0,151.0,46.4,68.5,0.2967625899280575,0.4646153846153846,3.465577596266044,3.1715285880980164,26.0,13.0,29.0,113.0,15.0,15.0,30.0,50.0,50.0,2.0,53.0,89.0,142.0,2990,3831,53,708,1004,488,13.4,16.3,0.27304550758459745,0.6091015169194866,2.3733955659276544,0.31505250875145857,0.31505250875145857,0.6301050175029171,0.042007001166861145,1.1131855309218204,1.869311551925321,2.982497082847141,62.80046674445741,80.46441073512253,1.1131855309218204,14.870478413068845,21.087514585764293,10.249708284714119,2.230769230769231,0.6892655367231638,0.43478260869565216
Cam Thomas,84,1762,378,922,104,336,274,338,22,120,142,216,18,8,148,86,1134,3,0.53,30.3,-3.9,,,0.2,0.128,0.197,0.31,MIL,42,881,62,21,61,34.4,20.0,57.0,35.1,50.8,0.0661605206073752,0.1696428571428571,1.246311010215664,1.1645856980703746,24.0,3.0,7.0,31.0,4.0,1.0,5.0,80.0,20.0,1.0,50.0,41.0,91.0,1041,1656,22,206,276,135,10.4,13.0,0.06129398410896708,0.14301929625425652,0.6333711691259932,0.08172531214528944,0.02043132803632236,0.1021566401816118,0.02043132803632236,1.0215664018161181,0.8376844494892168,1.8592508513053347,21.26901248581158,33.83427922814983,0.44948921679909193,4.208853575482406,5.639046538024972,2.7582292849035186,2.3333333333333335,0.6553398058252428,0.2881844380403458
Cam Whitmore,21,354,77,169,16,56,23,31,19,39,58,15,15,8,18,25,193,1,0.528,23.7,-2.1,,,0.1,0.361,0.213,0.094,WAS,21,354,21,7,18,38.9,7.0,18.0,38.9,58.3,0.1065088757396449,0.3214285714285714,1.8305084745762712,1.8305084745762712,21.0,1.0,2.0,24.0,10.0,3.0,13.0,76.9,23.1,0.0,26.0,12.0,38.0,226,341,1,33,38,16,6.6,7.1,0.1016949152542373,0.2033898305084746,2.440677966101695,1.0169491525423728,0.3050847457627119,1.3220338983050848,0.0,2.6440677966101696,1.2203389830508475,3.864406779661017,22.983050847457626,34.67796610169491,0.1016949152542373,3.3559322033898304,3.864406779661017,1.6271186440677967,2.0,0.48484848484848486,0.4424778761061947
Cameron Johnson,54,1647,228,475,110,256,94,112,43,163,206,132,40,21,47,125,660,1,0.629,15.1,-0.9,,,1.0,0.202,0.131,0.128,DEN,54,1647,273,92,218,42.2,89.0,211.0,42.2,62.6,0.4589473684210526,0.82421875,4.765027322404372,4.612021857923497,30.0,36.0,82.0,102.0,16.0,11.0,27.0,59.3,40.7,5.0,117.0,106.0,223.0,1379,1513,24,244,325,165,9.6,12.0,0.7868852459016393,1.7923497267759563,2.2295081967213113,0.34972677595628415,0.24043715846994534,0.5901639344262295,0.1092896174863388,2.557377049180328,2.3169398907103824,4.8743169398907105,30.14207650273224,33.07103825136612,0.5245901639344263,5.333333333333333,7.103825136612022,3.6065573770491803,2.2777777777777777,0.6762295081967213,2.610587382160986
Cameron Payne,22,374,56,149,32,97,19,22,3,41,44,58,24,7,11,30,163,1,0.514,19.2,1.0,,,0.5,0.094,0.161,0.094,PHI,22,374,45,15,42,35.7,15.0,42.0,35.7,53.6,0.2818791946308724,0.4329896907216495,4.042780748663102,4.042780748663102,31.0,4.0,11.0,57.0,1.0,3.0,4.0,25.0,75.0,3.0,13.0,19.0,32.0,661,801,11,88,129,72,8.8,10.9,0.3850267379679144,1.0588235294117647,5.4866310160427805,0.0962566844919786,0.2887700534759358,0.3850267379679144,0.2887700534759358,1.2513368983957218,1.8288770053475936,3.0802139037433154,63.62566844919786,77.10160427807487,1.0588235294117647,8.470588235294118,12.417112299465241,6.93048128342246,2.75,0.8181818181818182,0.6051437216338881
Caris LeVert,60,1154,163,391,60,180,57,84,23,94,117,159,51,41,82,91,443,1,0.518,18.4,1.5,,,1.8,0.192,0.217,0.131,DET,60,1154,110,37,108,34.3,36.0,106.0,34.0,50.9,0.2762148337595907,0.5888888888888889,3.369150779896014,3.3067590987868285,31.0,7.0,16.0,102.0,10.0,16.0,26.0,38.5,61.5,0.0,104.0,81.0,185.0,1526,1769,17,304,397,192,10.4,12.6,0.21837088388214904,0.49913344887348354,3.1819757365684573,0.3119584055459272,0.49913344887348354,0.8110918544194108,0.0,3.244367417677643,2.5268630849220104,5.7712305025996535,47.60485268630849,55.18544194107452,0.5303292894280762,9.483535528596187,12.38474870017331,5.9896013864818025,2.2857142857142856,0.631578947368421,0.45871559633027525
Carter Bryant,71,818,108,265,52,155,30,42,38,140,178,47,16,23,33,94,298,1,0.526,16.3,0.2,,,1.2,0.279,0.079,0.057,SAS,71,818,150,50,143,35.0,50.0,143.0,35.0,52.4,0.539622641509434,0.9225806451612903,6.293398533007335,6.293398533007335,20.0,21.0,47.0,47.0,5.0,10.0,15.0,33.3,66.7,1.0,111.0,70.0,181.0,691,635,7,90,122,60,6.8,8.7,0.9242053789731052,2.0684596577017116,2.0684596577017116,0.2200488997555012,0.4400977995110024,0.6601466992665037,0.044009779951100246,4.885085574572127,3.0806845965770173,7.965770171149145,30.410757946210268,27.946210268948654,0.3080684596577017,3.960880195599022,5.36919315403423,2.640586797066015,2.238095238095238,0.6666666666666666,3.0390738060781475
Cason Wallace,77,2046,252,584,101,288,55,68,63,175,238,200,150,28,73,154,660,1,0.538,14.5,3.3,,,4.2,0.274,0.175,0.0579999999999999,OKC,77,2046,259,87,246,35.4,85.0,240.0,35.4,52.6,0.4212328767123288,0.8333333333333334,4.328445747800586,4.222873900293255,22.0,55.0,119.0,339.0,22.0,17.0,39.0,56.4,43.6,0.0,133.0,201.0,334.0,2048,2334,32,393,520,247,9.8,12.1,0.967741935483871,2.093841642228739,5.964809384164223,0.3870967741935484,0.2991202346041056,0.6862170087976539,0.0,2.340175953079179,3.536656891495601,5.87683284457478,36.03519061583578,41.06744868035191,0.5630498533724341,6.914956011730205,9.149560117302054,4.346041055718475,2.1636363636363636,0.628498727735369,2.685546875
Cedric Coward,62,1598,305,648,93,275,140,166,83,281,364,171,40,27,105,126,843,1,0.585,21.5,-0.6,,,1.1,0.238,0.207,0.132,MEM,62,1598,213,73,217,33.6,67.0,207.0,32.4,49.1,0.3348765432098765,0.7527272727272727,4.888610763454318,4.663329161451815,22.0,10.0,25.0,102.0,26.0,29.0,55.0,47.3,52.7,2.0,172.0,155.0,327.0,2454,2197,30,294,431,217,7.0,8.8,0.22528160200250313,0.5632040050062578,2.297872340425532,0.5857321652065082,0.6533166458072591,1.2390488110137672,0.04505632040050062,3.874843554443054,3.4918648310387983,7.366708385481853,55.284105131414265,49.49436795994994,0.6758448060075094,6.623279098873592,9.709637046307884,4.888610763454318,2.5,0.7380952380952381,0.40749796251018744
Chaney Johnson,17,348,51,94,9,30,28,35,33,46,79,36,15,9,20,51,139,1,0.635,16.2,0.4,,,0.3,0.436,0.181,0.064,BKN,17,348,21,7,25,28.0,7.0,25.0,28.0,42.0,0.2659574468085106,0.8333333333333334,2.586206896551724,2.586206896551724,24.0,31.0,67.0,38.0,5.0,4.0,9.0,55.6,44.4,0.0,37.0,18.0,55.0,370,309,2,55,90,38,9.7,10.3,3.206896551724138,6.931034482758621,3.9310344827586206,0.5172413793103449,0.41379310344827586,0.9310344827586207,0.0,3.8275862068965516,1.8620689655172413,5.689655172413793,38.275862068965516,31.96551724137931,0.20689655172413793,5.689655172413793,9.310344827586206,3.9310344827586206,2.161290322580645,0.6909090909090909,8.378378378378379
Charles Bassey,26,306,62,94,0,0,28,40,46,68,114,14,8,22,12,38,152,5,0.681,17.2,0.5,,,0.4,0.489,0.362,0.149,GSW,13,153,2,1,3,33.3,0.0,0.0,,33.3,0.0319148936170212,,0.3529411764705882,0.0,25.0,7.0,18.0,7.0,1.0,1.0,2.0,50.0,50.0,0.0,31.0,7.0,38.0,199,121,1,15,18,8,3.5,4.0,0.8235294117647058,2.1176470588235294,0.8235294117647058,0.11764705882352941,0.11764705882352941,0.23529411764705882,0.0,3.6470588235294117,0.8235294117647058,4.470588235294118,23.41176470588235,14.235294117647058,0.11764705882352941,1.7647058823529411,2.1176470588235294,0.9411764705882353,2.5714285714285716,0.5333333333333333,3.5175879396984926
Chaz Lanier,34,262,28,89,19,67,5,6,8,15,23,17,7,0,3,12,80,1,0.436,15.0,-1.3,,,0.3,0.022,0.022,0.202,DET,34,262,56,19,63,30.2,18.0,61.0,29.5,44.4,0.7078651685393258,0.9104477611940298,8.65648854961832,8.381679389312977,24.0,0.0,0.0,12.0,4.0,0.0,4.0,100.0,0.0,0.0,14.0,5.0,19.0,151,211,0,17,40,19,11.3,12.6,0.0,0.0,1.6488549618320612,0.549618320610687,0.0,0.549618320610687,0.0,1.9236641221374047,0.6870229007633588,2.6106870229007635,20.748091603053435,28.99236641221374,0.0,2.33587786259542,5.4961832061068705,2.6106870229007635,,1.1176470588235294,0.0
Chet Holmgren,69,1997,434,779,88,243,225,284,130,485,615,115,43,131,107,158,1181,1,0.653,21.9,1.9,,,4.7,0.344,0.208,0.136,OKC,69,1997,237,83,224,37.1,71.0,197.0,36.0,52.9,0.2875481386392811,0.8106995884773662,4.038057085628442,3.5513269904857285,24.0,94.0,218.0,87.0,17.0,11.0,28.0,60.7,39.3,1.0,513.0,174.0,687.0,2090,1654,12,173,285,134,5.5,6.4,1.6945418127190786,3.929894842263395,1.5683525287931899,0.30645968953430147,0.19829744616925388,0.5047571357035553,0.018027040560841263,9.247871807711567,3.1367050575863797,12.384576865297946,37.676514772158235,29.816725087631447,0.21632448673009513,3.1186780170255384,5.13770655983976,2.415623435152729,2.3191489361702127,0.7745664739884393,4.497607655502392
Chris Boucher,9,94,8,25,2,15,3,4,2,16,18,3,5,7,1,17,21,1,0.392,12.8,2.7,,,0.2,0.24,0.12,0.04,BOS,9,94,6,2,14,14.3,2.0,14.0,14.3,21.4,0.56,0.9333333333333332,5.361702127659575,5.361702127659575,33.0,10.0,25.0,7.0,1.0,2.0,3.0,33.3,66.7,0.0,21.0,6.0,27.0,82,68,1,9,8,4,3.7,4.9,3.8297872340425534,9.574468085106384,2.6808510638297873,0.3829787234042553,0.7659574468085106,1.148936170212766,0.0,8.042553191489361,2.297872340425532,10.340425531914894,31.404255319148938,26.04255319148936,0.3829787234042553,3.4468085106382977,3.0638297872340425,1.5319148936170213,2.5,0.4444444444444444,12.195121951219512
Chris Livingston,3,17,4,7,0,3,1,1,0,3,3,1,1,0,0,4,9,1,0.605,18.4,2.1,,,0.0,0.429,0.143,0.0,CLE,3,17,0,0,3,0.0,0.0,3.0,0.0,0.0,0.4285714285714285,1.0,6.352941176470588,6.352941176470588,22.0,0.0,0.0,1.0,2.0,0.0,2.0,100.0,0.0,0.0,0.0,2.0,2.0,15,17,0,1,2,1,6.7,6.7,0.0,0.0,2.1176470588235294,4.235294117647059,0.0,4.235294117647059,0.0,0.0,4.235294117647059,4.235294117647059,31.764705882352942,36.0,0.0,2.1176470588235294,4.235294117647059,2.1176470588235294,,1.0,0.0
Chris Mañon,9,46,2,6,0,3,3,4,2,8,10,3,5,2,1,6,7,1,0.451,8.3,4.7,,,0.1,0.333,0.167,0.0,LAL,9,46,0,0,3,0.0,0.0,3.0,0.0,0.0,0.5,1.0,2.347826086956522,2.347826086956522,24.0,1.0,2.0,14.0,1.0,2.0,3.0,33.3,66.7,1.0,6.0,0.0,6.0,42,23,0,4,7,4,7.1,9.5,0.782608695652174,1.565217391304348,10.956521739130435,0.782608695652174,1.565217391304348,2.347826086956522,0.782608695652174,4.695652173913044,0.0,4.695652173913044,32.869565217391305,18.0,0.0,3.130434782608696,5.478260869565218,3.130434782608696,2.0,1.0,2.380952380952381
Chris Paul,16,228,18,56,10,30,1,2,6,22,28,53,11,0,16,23,47,1,0.413,14.2,-0.2,,,0.2,0.018,0.125,0.321,LAC,16,228,9,3,10,30.0,3.0,10.0,30.0,45.0,0.1785714285714285,0.3333333333333333,1.5789473684210529,1.5789473684210529,41.0,1.0,2.0,27.0,0.0,1.0,1.0,0.0,100.0,0.0,4.0,7.0,11.0,415,519,5,107,139,62,12.8,14.9,0.15789473684210525,0.3157894736842105,4.2631578947368425,0.0,0.15789473684210525,0.15789473684210525,0.0,0.631578947368421,1.105263157894737,1.736842105263158,65.52631578947368,81.94736842105263,0.7894736842105263,16.894736842105264,21.94736842105263,9.789473684210526,2.0,0.5794392523364486,0.24096385542168675
Chris Youngblood,68,370,44,126,36,108,18,20,14,42,56,24,8,6,4,44,142,3,0.527,16.2,-0.1,,,0.6,0.032,0.063,0.048,POR,34,185,51,17,50,34.0,17.0,50.0,34.0,51.0,0.3968253968253968,0.4629629629629629,4.864864864864865,4.864864864864865,24.0,1.0,2.0,7.0,1.0,3.0,4.0,25.0,75.0,0.0,23.0,7.0,30.0,112,124,4,13,31,16,10.7,14.3,0.0972972972972973,0.1945945945945946,0.6810810810810811,0.0972972972972973,0.2918918918918919,0.3891891891891892,0.0,2.2378378378378376,0.6810810810810811,2.918918918918919,10.897297297297298,12.064864864864864,0.3891891891891892,1.2648648648648648,3.016216216216216,1.5567567567567568,2.0,1.2307692307692308,0.8928571428571429
Christian Braun,44,1399,202,389,43,143,79,101,61,150,211,120,30,12,43,103,526,1,0.607,14.8,-0.9,,,0.8,0.373,0.206,0.054,DEN,44,1399,124,43,126,34.1,38.0,118.0,32.2,49.2,0.3239074550128534,0.8251748251748252,3.242315939957112,3.0364546104360257,25.0,41.0,101.0,93.0,9.0,8.0,17.0,52.9,47.1,0.0,97.0,89.0,186.0,1580,1626,22,203,315,157,7.6,9.9,1.0550393137955683,2.598999285203717,2.3931379556826307,0.2315939957112223,0.2058613295210865,0.4374553252323088,0.0,2.496068620443174,2.2902072909220874,4.786275911365261,40.65761258041458,41.84131522516083,0.5661186561829878,5.22373123659757,8.10578984989278,4.040028591851322,2.4634146341463414,0.7733990147783252,2.5949367088607596
Christian Koloko,54,714,62,148,2,18,20,30,62,100,162,36,28,46,32,96,146,4,0.453,11.3,1.2,,,0.8,0.446,0.297,0.135,ATL,27,357,5,2,15,13.3,1.0,9.0,11.1,16.7,0.1013513513513513,0.5,0.7563025210084033,0.453781512605042,26.0,40.0,91.0,20.0,6.0,3.0,9.0,66.7,33.3,0.0,122.0,34.0,156.0,304,208,3,27,48,23,5.9,7.6,2.0168067226890756,4.588235294117647,1.0084033613445378,0.3025210084033613,0.15126050420168066,0.453781512605042,0.0,6.151260504201681,1.7142857142857142,7.8655462184873945,15.327731092436975,10.487394957983193,0.15126050420168066,1.361344537815126,2.4201680672268906,1.1596638655462186,2.275,0.8518518518518519,13.157894736842104
Chucky Hepburn,2,13,0,6,0,5,0,0,0,1,1,2,1,0,1,2,0,1,0.0,23.1,-3.1,,,0.0,0.0,0.0,0.167,TOR,2,13,0,0,4,0.0,0.0,4.0,0.0,0.0,0.6666666666666666,0.8,11.076923076923077,11.076923076923077,23.0,0.0,0.0,3.0,0.0,1.0,1.0,0.0,100.0,0.0,2.0,1.0,3.0,23,33,0,6,5,2,8.7,8.7,0.0,0.0,8.307692307692308,0.0,2.769230769230769,2.769230769230769,0.0,5.538461538461538,2.769230769230769,8.307692307692308,63.69230769230769,91.38461538461539,0.0,16.615384615384617,13.846153846153847,5.538461538461538,,0.3333333333333333,0.0
Clint Capela,75,926,118,227,1,2,45,78,160,185,345,50,36,63,41,74,282,1,0.54,13.7,0.9,,,1.7,0.63,0.344,0.017,HOU,75,926,3,1,2,50.0,1.0,2.0,50.0,75.0,0.0088105726872246,1.0,0.0777537796976241,0.0777537796976241,32.0,87.0,191.0,49.0,18.0,10.0,28.0,64.3,35.7,1.0,260.0,76.0,336.0,869,558,9,79,127,61,5.8,7.0,3.3822894168466524,7.42548596112311,1.9049676025917928,0.6997840172786177,0.38876889848812096,1.0885529157667386,0.038876889848812095,10.107991360691145,2.9546436285097193,13.062634989200864,33.78401727861771,21.69330453563715,0.34989200863930886,3.0712742980561556,4.9373650107991365,2.3714902807775378,2.1954022988505746,0.7721518987341772,10.01150747986191
Coby White,100,2498,556,1246,230,636,394,482,34,306,340,400,50,10,256,222,1736,3,0.595,28.8,-1.9,,,1.4,0.238,0.141,0.111,CHA,50,1250,228,77,183,42.1,74.0,180.0,41.1,62.3,0.1468699839486356,0.2830188679245283,2.637309847878303,2.5940752602081667,26.0,14.0,35.0,44.0,11.0,10.0,21.0,52.4,47.6,7.0,94.0,71.0,165.0,1685,2533,39,356,523,250,11.9,14.8,0.20176140912730184,0.5044035228182546,0.6341072858286629,0.15852682145716573,0.14411529223378702,0.3026421136909528,0.10088070456365092,1.354683746997598,1.0232185748598879,2.377902321857486,24.283426741393114,36.50440352281826,0.5620496397117695,5.130504403522818,7.537229783827062,3.602882305844676,2.5,0.702247191011236,0.8308605341246291
Cody Martin,4,55,2,10,0,5,3,6,1,13,14,2,4,2,4,5,7,1,0.277,12.8,2.1,,,0.1,0.1,0.3,0.1,IND,4,55,0,0,4,0.0,0.0,4.0,0.0,0.0,0.4,0.8,2.618181818181818,2.618181818181818,30.0,1.0,2.0,9.0,0.0,1.0,1.0,0.0,100.0,0.0,4.0,3.0,7.0,56,48,0,7,7,3,3.6,5.4,0.6545454545454545,1.309090909090909,5.890909090909091,0.0,0.6545454545454545,0.6545454545454545,0.0,2.618181818181818,1.9636363636363636,4.581818181818182,36.654545454545456,31.418181818181818,0.0,4.581818181818182,4.581818181818182,1.9636363636363636,2.0,0.42857142857142855,1.7857142857142858
Cody Williams,67,1631,238,509,28,131,84,119,61,137,198,137,51,26,73,122,588,1,0.524,16.0,-1.9,,,0.1,0.253,0.322,0.167,UTA,67,1631,88,30,125,24.0,28.0,119.0,23.5,35.2,0.2455795677799607,0.9083969465648856,2.7590435315757205,2.6266094420600856,21.0,62.0,151.0,130.0,11.0,18.0,29.0,37.9,62.1,0.0,174.0,74.0,248.0,1522,1680,18,232,337,159,9.0,10.4,1.3684855916615573,3.3329245861434704,2.8694052728387494,0.2427958307786634,0.39730226854690376,0.6400980993255672,0.0,3.840588595953403,1.6333537706928265,5.473942366646229,33.594114040465975,37.081545064377686,0.39730226854690376,5.120784794604537,7.438381361128142,3.5095033721643163,2.435483870967742,0.6853448275862069,4.073587385019711
Colby Jones,1,7,1,3,0,2,0,0,0,4,4,2,0,0,0,1,2,1,0.333,17.8,5.7,,,0.0,0.0,0.333,0.0,DET,1,7,0,0,2,0.0,0.0,2.0,0.0,0.0,0.6666666666666666,1.0,10.285714285714286,10.285714285714286,24.0,0.0,0.0,0.0,0.0,0.0,0.0,0.0,0.0,0.0,0.0,0.0,0.0,8,6,0,3,4,2,25.0,25.0,0.0,0.0,0.0,0.0,0.0,0.0,0.0,0.0,0.0,0.0,41.142857142857146,30.857142857142858,0.0,15.428571428571429,20.571428571428573,10.285714285714286,,0.6666666666666666,0.0
Cole Anthony,35,527,98,231,22,72,16,26,16,71,87,121,20,11,65,73,234,1,0.483,25.8,-0.9,,,0.4,0.143,0.268,0.277,MIL,35,527,44,15,46,32.6,14.0,45.0,31.1,47.8,0.1991341991341991,0.625,3.1423149905123338,3.074003795066414,26.0,2.0,4.0,37.0,6.0,7.0,13.0,46.2,53.8,1.0,24.0,33.0,57.0,915,1336,17,222,312,149,13.2,16.3,0.1366223908918406,0.2732447817836812,2.527514231499051,0.4098671726755218,0.4781783681214421,0.888045540796964,0.0683111954459203,1.6394686907020872,2.25426944971537,3.893738140417457,62.50474383301708,91.26375711574953,1.1612903225806452,15.165085388994308,21.313092979127134,10.178368121442125,2.0,0.6711711711711712,0.2185792349726776
Colin Castleton,4,21,2,5,0,0,1,1,2,6,8,1,1,0,2,2,5,1,0.46,15.0,-1.5,,,0.0,0.2,0.8,0.0,ORL,4,21,0,0,0,,0.0,0.0,,,0.0,,0.0,0.0,26.0,4.0,9.0,2.0,0.0,0.0,0.0,0.0,0.0,0.0,2.0,2.0,4.0,22,14,0,2,2,1,4.5,4.5,6.857142857142857,15.428571428571429,3.4285714285714284,0.0,0.0,0.0,0.0,3.4285714285714284,3.4285714285714284,6.857142857142857,37.714285714285715,24.0,0.0,3.4285714285714284,3.4285714285714284,1.7142857142857142,2.25,0.5,18.181818181818183
Collin Gillespie,80,2282,352,842,232,578,76,87,89,238,327,371,99,16,125,130,1012,1,0.575,18.7,0.6,,,2.5,0.056,0.082,0.176,PHX,80,2282,406,137,297,46.1,132.0,288.0,45.8,68.4,0.3527315914489311,0.4982698961937716,4.685363716038562,4.543382997370728,27.0,29.0,65.0,202.0,39.0,31.0,70.0,55.7,44.3,12.0,93.0,117.0,210.0,3641,4418,97,643,933,489,10.2,13.4,0.4574934268185802,1.0254163014899211,3.186678352322524,0.6152497808939527,0.4890446976336547,1.1042944785276074,0.18930762489044697,1.467134092900964,1.845749342681858,3.312883435582822,57.43908851884312,69.69675723049956,1.5302366345311131,10.14373356704645,14.718667835232253,7.714285714285714,2.2413793103448274,0.76049766718507,0.7964844822850865
Collin Murray-Boyles,57,1246,198,342,17,50,71,108,133,152,285,106,52,53,59,147,484,1,0.621,15.5,1.5,,,1.9,0.617,0.178,0.0579999999999999,TOR,57,1246,58,21,65,32.3,16.0,49.0,32.7,44.6,0.1900584795321637,0.98,1.87800963081862,1.4157303370786516,21.0,87.0,192.0,156.0,15.0,8.0,23.0,65.2,34.8,1.0,181.0,110.0,291.0,1416,1101,18,182,275,132,7.5,9.3,2.5136436597110756,5.547351524879614,4.507223113964687,0.4333868378812199,0.23113964686998395,0.6645264847512039,0.028892455858747994,5.229534510433387,3.178170144462279,8.407704654895666,40.91171749598716,31.810593900481543,0.5200642054574639,5.258426966292135,7.945425361155698,3.813804173354735,2.206896551724138,0.7252747252747253,6.1440677966101696
Collin Sexton,136,3228,720,1484,224,558,436,510,82,228,310,446,152,20,282,288,2100,3,0.615,25.9,-0.5,,,2.8,0.275,0.22,0.13,CHI,68,1613,242,82,185,44.3,78.0,175.0,44.6,65.4,0.1246630727762803,0.3136200716845878,2.063197026022305,1.951672862453532,27.0,23.0,53.0,138.0,12.0,17.0,29.0,41.4,58.6,1.0,91.0,70.0,161.0,2099,3335,38,410,555,281,10.6,13.4,0.25650557620817843,0.5910780669144982,1.5390334572490707,0.13382899628252787,0.1895910780669145,0.32342007434944237,0.011152416356877323,1.0148698884758365,0.7806691449814126,1.795539033457249,23.4089219330855,37.193308550185876,0.42379182156133827,4.5724907063197024,6.189591078066915,3.133828996282528,2.3043478260869565,0.6853658536585366,1.095759885659838
Cooper Flagg,70,2344,559,1194,72,244,283,342,86,380,466,316,84,64,161,142,1473,1,0.548,26.9,0.4,,,2.5,0.218,0.311,0.267,DAL,70,2344,106,38,121,31.4,30.0,105.0,28.6,43.8,0.1013400335008375,0.430327868852459,1.8583617747440275,1.6126279863481228,19.0,30.0,69.0,152.0,24.0,31.0,55.0,43.6,56.4,0.0,250.0,226.0,476.0,3107,3611,50,597,789,382,10.2,12.3,0.46075085324232085,1.0597269624573378,2.3344709897610922,0.36860068259385664,0.4761092150170648,0.8447098976109215,0.0,3.839590443686007,3.47098976109215,7.310580204778157,47.718430034129696,55.45904436860068,0.7679180887372014,9.168941979522184,12.117747440273037,5.8668941979522184,2.3,0.6398659966499163,0.965561635017702
Corey Kispert,116,2160,368,788,174,474,154,194,54,210,264,184,32,18,90,120,1064,3,0.609,18.6,-2.0,,,1.0,0.234,0.137,0.028,ATL,58,1080,222,74,201,36.8,74.0,199.0,37.2,55.2,0.2550761421319797,0.4198312236286919,3.35,3.316666666666667,27.0,15.0,34.0,39.0,11.0,8.0,19.0,57.9,42.1,1.0,121.0,69.0,190.0,955,1031,17,154,233,114,9.6,11.9,0.25,0.5666666666666667,0.65,0.18333333333333332,0.13333333333333333,0.31666666666666665,0.016666666666666666,2.0166666666666666,1.15,3.1666666666666665,15.916666666666666,17.183333333333334,0.2833333333333333,2.566666666666667,3.8833333333333333,1.9,2.2666666666666666,0.7402597402597403,1.5706806282722514
Cormac Ryan,11,271,53,102,27,59,24,26,8,20,28,19,11,3,17,27,157,1,0.692,21.3,-1.8,,,0.1,0.186,0.147,0.089,MIL,11,271,66,22,49,44.9,22.0,48.0,45.8,67.3,0.4803921568627451,0.8135593220338984,6.509225092250922,6.376383763837638,27.0,2.0,4.0,19.0,1.0,0.0,1.0,100.0,0.0,0.0,20.0,19.0,39.0,245,359,6,45,50,27,7.8,11.0,0.2656826568265683,0.5313653136531366,2.5239852398523985,0.13284132841328414,0.0,0.13284132841328414,0.0,2.6568265682656826,2.5239852398523985,5.180811808118081,32.54612546125461,47.690036900369,0.7970479704797048,5.977859778597786,6.642066420664206,3.5867158671586714,2.0,0.6,0.8163265306122449
Craig Porter Jr.,64,1148,116,258,33,93,24,40,85,135,220,205,57,38,59,70,289,1,0.524,12.3,1.9,,,1.5,0.264,0.205,0.1709999999999999,CLE,64,1148,50,17,49,34.7,16.0,48.0,33.3,51.0,0.189922480620155,0.5161290322580645,1.5365853658536586,1.505226480836237,26.0,13.0,29.0,139.0,18.0,7.0,25.0,72.0,28.0,0.0,107.0,63.0,170.0,1801,1908,32,383,517,252,11.4,14.0,0.4076655052264808,0.9094076655052264,4.358885017421603,0.5644599303135889,0.21951219512195122,0.7839721254355401,0.0,3.3554006968641117,1.975609756097561,5.331010452961673,56.47735191637631,59.832752613240416,1.0034843205574913,12.010452961672474,16.21254355400697,7.902439024390244,2.230769230769231,0.6579634464751958,0.7218212104386452
Curtis Jones,10,88,11,27,6,18,1,2,2,9,11,10,4,0,2,6,29,1,0.52,14.7,-0.5,,,0.1,0.037,0.222,0.074,DEN,10,88,11,4,11,36.4,3.0,10.0,30.0,50.0,0.4074074074074074,0.5555555555555556,4.5,4.090909090909091,24.0,0.0,0.0,6.0,0.0,3.0,3.0,0.0,100.0,1.0,4.0,10.0,14.0,97,105,0,10,31,13,10.3,13.4,0.0,0.0,2.4545454545454546,0.0,1.2272727272727273,1.2272727272727273,0.4090909090909091,1.6363636363636365,4.090909090909091,5.7272727272727275,39.68181818181818,42.95454545454545,0.0,4.090909090909091,12.681818181818182,5.318181818181818,,1.3,0.0
D'Angelo Russell,26,495,94,232,33,112,43,60,8,53,61,104,12,2,49,30,264,1,0.511,26.0,-1.6,,,0.3,0.086,0.194,0.237,WAS,26,495,56,19,58,32.8,18.0,57.0,31.6,48.3,0.25,0.5089285714285714,4.218181818181818,4.1454545454545455,30.0,5.0,12.0,27.0,2.0,6.0,8.0,25.0,75.0,1.0,23.0,24.0,47.0,851,1048,16,172,273,137,12.2,16.1,0.36363636363636365,0.8727272727272727,1.9636363636363636,0.14545454545454545,0.43636363636363634,0.5818181818181818,0.07272727272727272,1.6727272727272726,1.7454545454545454,3.418181818181818,61.89090909090909,76.21818181818182,1.1636363636363636,12.50909090909091,19.854545454545455,9.963636363636363,2.4,0.7965116279069767,0.5875440658049353
DaQuan Jeffries,3,60,11,19,4,9,5,5,3,2,5,1,2,0,0,9,31,1,0.731,15.0,-1.1,,,0.0,0.421,0.105,0.0,SAC,3,60,9,3,6,50.0,3.0,6.0,50.0,75.0,0.3157894736842105,0.6666666666666666,3.6,3.6,28.0,1.0,2.0,4.0,0.0,1.0,1.0,0.0,100.0,0.0,4.0,7.0,11.0,29,42,0,4,3,1,3.4,3.4,0.6,1.2,2.4,0.0,0.6,0.6,0.0,2.4,4.2,6.6,17.4,25.2,0.0,2.4,1.8,0.6,2.0,0.25,3.4482758620689653
DaRon Holmes,25,210,31,61,20,45,11,14,8,27,35,16,1,6,12,19,93,1,0.692,16.4,-1.2,,,0.1,0.164,0.066,0.033,DEN,25,210,61,21,46,45.7,19.0,44.0,43.2,66.3,0.7540983606557377,0.9777777777777776,7.885714285714286,7.542857142857143,23.0,18.0,42.0,8.0,2.0,2.0,4.0,50.0,50.0,0.0,62.0,23.0,85.0,190,185,1,33,45,20,8.4,10.5,3.085714285714286,7.2,1.3714285714285714,0.34285714285714286,0.34285714285714286,0.6857142857142857,0.0,10.628571428571428,3.942857142857143,14.571428571428571,32.57142857142857,31.714285714285715,0.17142857142857143,5.6571428571428575,7.714285714285714,3.4285714285714284,2.3333333333333335,0.6060606060606061,9.473684210526315
Daeqwon Plowden,32,844,120,279,62,186,42,49,33,64,97,41,23,7,26,78,344,1,0.572,16.4,-2.3,,,0.1,0.136,0.172,0.025,SAC,32,844,165,55,167,32.9,55.0,167.0,32.9,49.4,0.5985663082437276,0.8978494623655914,7.123222748815166,7.123222748815166,27.0,7.0,16.0,53.0,7.0,3.0,10.0,70.0,30.0,1.0,58.0,58.0,116.0,690,758,10,75,105,54,5.9,7.8,0.2985781990521327,0.6824644549763034,2.2606635071090047,0.2985781990521327,0.12796208530805686,0.4265402843601896,0.04265402843601896,2.4739336492890995,2.4739336492890995,4.947867298578199,29.43127962085308,32.33175355450237,0.4265402843601896,3.199052132701422,4.478672985781991,2.3033175355450237,2.2857142857142856,0.72,1.0144927536231885
Dalano Banton,12,124,8,24,0,2,8,8,4,6,10,22,4,10,16,6,24,3,0.436,15.3,1.3,,,0.2,0.25,0.5,0.167,BOS,6,62,0,0,1,0.0,0.0,1.0,0.0,0.0,0.0416666666666666,0.5,0.2903225806451613,0.2903225806451613,26.0,0.0,0.0,4.0,0.0,1.0,1.0,0.0,100.0,0.0,4.0,5.0,9.0,102,140,0,17,37,14,10.8,13.7,0.0,0.0,1.1612903225806452,0.0,0.2903225806451613,0.2903225806451613,0.0,1.1612903225806452,1.4516129032258065,2.6129032258064515,29.612903225806452,40.645161290322584,0.0,4.935483870967742,10.741935483870968,4.064516129032258,,0.8235294117647058,0.0
Dalen Terry,96,1102,136,310,48,132,32,60,52,120,172,132,58,30,52,98,352,3,0.523,14.8,0.8,,,1.2,0.335,0.187,0.052,PHI,48,551,60,20,55,36.4,20.0,55.0,36.4,54.5,0.1774193548387097,0.4166666666666667,1.796733212341198,1.796733212341198,23.0,8.0,22.0,48.0,5.0,7.0,12.0,41.7,58.3,1.0,69.0,39.0,108.0,724,754,12,133,167,80,9.1,11.0,0.2613430127041742,0.7186932849364791,1.5680580762250453,0.16333938294010888,0.22867513611615245,0.39201451905626133,0.032667876588021776,2.2540834845735027,1.2740471869328494,3.5281306715063523,23.65154264972777,24.63157894736842,0.39201451905626133,4.344827586206897,5.455535390199637,2.613430127041742,2.75,0.6015037593984962,1.1049723756906078
Dalton Knecht,54,553,87,191,38,111,16,22,14,61,75,21,11,11,23,45,228,1,0.568,17.7,-1.6,,,0.4,0.157,0.12,0.141,LAL,54,553,102,35,93,37.6,32.0,90.0,35.6,54.8,0.4869109947643979,0.8108108108108109,6.054249547920434,5.858951175406872,25.0,8.0,19.0,16.0,3.0,3.0,6.0,50.0,50.0,2.0,50.0,33.0,83.0,470,497,1,43,52,22,4.5,4.7,0.5207956600361664,1.2368896925858952,1.0415913200723328,0.19529837251356238,0.19529837251356238,0.39059674502712477,0.1301989150090416,3.2549728752260396,2.148282097649186,5.403254972875226,30.596745027124776,32.35443037974684,0.0650994575045208,2.7992766726943943,3.3851717902350815,1.4321880650994574,2.375,0.5116279069767442,1.702127659574468
Daniel Gafford,55,1195,207,316,0,0,110,161,138,240,378,58,42,69,63,144,524,1,0.677,15.8,1.2,,,1.7,0.661,0.313,0.025,DAL,55,1194,2,1,3,33.3,0.0,0.0,,33.3,0.0094936708860759,,0.0903765690376569,0.0,27.0,156.0,355.0,102.0,15.0,13.0,28.0,53.6,46.4,3.0,310.0,78.0,388.0,1094,776,6,101,143,67,5.3,6.1,4.699581589958159,10.694560669456067,3.0728033472803347,0.45188284518828453,0.3916317991631799,0.8435146443514644,0.09037656903765691,9.338912133891213,2.3497907949790795,11.688702928870294,32.957322175732216,23.377405857740587,0.18075313807531382,3.0426778242677823,4.307949790794979,2.0184100418410043,2.2756410256410255,0.6633663366336634,14.259597806215723
Daniss Jenkins,72,1455,232,568,73,195,134,161,51,115,166,278,64,15,115,107,671,1,0.525,21.5,0.1,,,2.0,0.164,0.287,0.206,DET,72,1455,169,58,119,48.7,53.0,111.0,47.7,71.0,0.2095070422535211,0.5692307692307692,2.9443298969072167,2.74639175257732,24.0,9.0,21.0,119.0,20.0,18.0,38.0,52.6,47.4,0.0,106.0,72.0,178.0,2340,3296,37,491,701,347,11.9,14.8,0.22268041237113403,0.5195876288659794,2.9443298969072167,0.4948453608247423,0.44536082474226807,0.9402061855670103,0.0,2.622680412371134,1.7814432989690723,4.4041237113402065,57.896907216494846,81.55051546391752,0.9154639175257732,12.148453608247422,17.344329896907215,8.585567010309278,2.3333333333333335,0.7067209775967414,0.38461538461538464
Danny Wolf,57,1187,178,440,68,211,84,109,57,224,281,127,30,32,73,126,508,1,0.521,20.6,-0.3,,,1.0,0.259,0.227,0.034,BKN,57,1187,174,58,177,32.8,58.0,177.0,32.8,49.2,0.4022727272727273,0.8388625592417062,5.368155012636899,5.368155012636899,22.0,11.0,26.0,67.0,7.0,7.0,14.0,50.0,50.0,0.0,215.0,88.0,303.0,1425,1384,13,217,322,153,8.9,10.7,0.33361415332771693,0.7885425442291492,2.03201347935973,0.21229991575400167,0.21229991575400167,0.42459983150800334,0.0,6.520640269587195,2.6689132266217355,9.18955349620893,43.21819713563606,41.97472620050548,0.3942712721145746,6.581297388374052,9.765796124684078,4.6402695871946085,2.3636363636363638,0.7050691244239631,0.7719298245614035
Dario Šarić,5,41,1,6,1,3,2,2,1,5,6,2,0,0,2,3,5,1,0.363,9.2,-2.3,,,0.0,0.333,0.0,0.167,SAC,5,41,3,1,3,33.3,1.0,3.0,33.3,50.0,0.5,1.0,2.6341463414634148,2.6341463414634148,32.0,1.0,3.0,7.0,0.0,0.0,0.0,0.0,0.0,0.0,8.0,4.0,12.0,32,24,1,2,5,3,6.3,9.4,0.8780487804878049,2.6341463414634148,6.146341463414634,0.0,0.0,0.0,0.0,7.024390243902439,3.5121951219512195,10.536585365853659,28.097560975609756,21.073170731707318,0.8780487804878049,1.7560975609756098,4.390243902439025,2.6341463414634148,3.0,1.5,3.125
Dariq Whitehead,6,183,37,93,19,60,5,7,2,22,24,9,4,0,10,13,98,1,0.51,24.1,-4.4,,,0.1,0.14,0.151,0.064,MEM,6,183,41,14,42,33.3,13.0,41.0,31.7,48.8,0.4516129032258064,0.6833333333333333,8.262295081967213,8.065573770491802,21.0,3.0,6.0,10.0,0.0,0.0,0.0,0.0,0.0,0.0,11.0,12.0,23.0,165,226,1,18,24,11,5.5,6.7,0.5901639344262295,1.180327868852459,1.9672131147540983,0.0,0.0,0.0,0.0,2.1639344262295084,2.360655737704918,4.524590163934426,32.459016393442624,44.459016393442624,0.19672131147540983,3.540983606557377,4.721311475409836,2.1639344262295084,2.0,0.6111111111111112,1.8181818181818181
Darius Brown II,1,3,0,1,0,0,0,0,0,1,1,0,0,0,0,0,0,1,0.0,14.0,-2.4,,,0.0,0.0,0.0,1.0,CLE,1,3,0,0,0,,0.0,0.0,,,0.0,,0.0,0.0,,,,,,,,,,,,,,4,6,0,1,2,1,0.0,25.0,,,,,,,,,,,48.0,72.0,0.0,12.0,24.0,12.0,,1.0,
Darius Garland,90,2688,618,1344,244,616,210,244,36,178,214,602,86,16,260,168,1690,3,0.582,27.4,-2.4,,,1.8,0.15,0.228,0.164,LAC,45,1344,158,53,129,41.1,52.0,128.0,40.6,61.2,0.0959821428571428,0.2077922077922078,1.7276785714285714,1.7142857142857142,26.0,8.0,17.0,85.0,10.0,9.0,19.0,52.6,47.4,2.0,72.0,86.0,158.0,1975,3073,44,531,751,369,15.2,18.7,0.10714285714285714,0.22767857142857142,1.1383928571428572,0.13392857142857142,0.12053571428571429,0.2544642857142857,0.026785714285714284,0.9642857142857143,1.1517857142857142,2.1160714285714284,26.450892857142858,41.15625,0.5892857142857143,7.111607142857143,10.058035714285714,4.941964285714286,2.125,0.6949152542372882,0.4050632911392405
David Jones García,11,68,13,25,3,5,3,6,4,9,13,18,6,1,5,6,32,1,0.579,20.2,3.8,,,0.1,0.52,0.28,0.0,SAS,11,68,3,1,3,33.3,1.0,2.0,50.0,50.0,0.12,0.4,1.588235294117647,1.0588235294117647,24.0,0.0,0.0,11.0,2.0,0.0,2.0,100.0,0.0,0.0,3.0,4.0,7.0,91,132,3,21,42,21,19.8,23.1,0.0,0.0,5.823529411764706,1.0588235294117647,0.0,1.0588235294117647,0.0,1.588235294117647,2.1176470588235294,3.7058823529411766,48.1764705882353,69.88235294117646,1.588235294117647,11.117647058823529,22.235294117647058,11.117647058823529,,1.0,0.0
David Roddy,5,73,15,30,3,11,7,7,8,12,20,4,4,1,2,7,40,1,0.605,20.9,-0.7,,,0.1,0.5,0.133,0.0,DEN,5,73,3,1,5,20.0,1.0,5.0,20.0,30.0,0.1666666666666666,0.4545454545454545,2.4657534246575343,2.4657534246575343,25.0,0.0,0.0,5.0,1.0,1.0,2.0,50.0,50.0,0.0,8.0,6.0,14.0,76,65,0,8,13,6,5.3,7.9,0.0,0.0,2.4657534246575343,0.4931506849315068,0.4931506849315068,0.9863013698630136,0.0,3.9452054794520546,2.958904109589041,6.904109589041096,37.47945205479452,32.054794520547944,0.0,3.9452054794520546,6.410958904109589,2.958904109589041,,0.75,0.0
Davion Mitchell,70,2000,261,533,90,228,42,65,32,154,186,453,68,11,108,181,654,1,0.582,13.6,0.4,,,1.7,0.205,0.268,0.1,MIA,70,2000,205,69,176,39.2,67.0,174.0,38.5,58.2,0.3302063789868668,0.7631578947368421,3.168,3.132,27.0,14.0,34.0,129.0,11.0,22.0,33.0,33.3,66.7,8.0,60.0,144.0,204.0,3872,4659,79,831,1211,575,11.7,14.9,0.252,0.612,2.322,0.198,0.396,0.594,0.144,1.08,2.592,3.672,69.696,83.862,1.422,14.958,21.798,10.35,2.4285714285714284,0.6919374247894103,0.3615702479338843
Day'Ron Sharpe,62,1160,214,356,9,39,103,152,171,242,413,145,67,26,106,147,540,1,0.638,19.9,1.0,,,1.5,0.587,0.292,0.011,BKN,62,1160,24,8,36,22.2,8.0,34.0,23.5,33.3,0.1011235955056179,0.8717948717948718,1.1172413793103448,1.0551724137931036,24.0,110.0,258.0,152.0,19.0,9.0,28.0,67.9,32.1,0.0,163.0,87.0,250.0,1583,1372,12,232,379,169,9.2,10.7,3.413793103448276,8.006896551724138,4.7172413793103445,0.5896551724137931,0.2793103448275862,0.8689655172413793,0.0,5.058620689655172,2.7,7.758620689655173,49.12758620689655,42.57931034482758,0.3724137931034483,7.2,11.76206896551724,5.244827586206896,2.3454545454545452,0.728448275862069,6.948831332912192
De'Aaron Fox,72,2231,509,1047,131,395,187,246,42,228,270,445,89,19,164,162,1336,1,0.578,24.9,0.6,,,3.0,0.201,0.204,0.218,SAS,72,2231,245,85,212,40.1,75.0,194.0,38.7,57.8,0.2024832855778414,0.4911392405063291,3.4208874943971312,3.130434782608696,28.0,15.0,35.0,201.0,20.0,19.0,39.0,51.3,48.7,2.0,113.0,138.0,251.0,3245,4744,81,809,1175,567,13.7,17.5,0.24204392649036308,0.5647691618108471,3.2433886149708653,0.3227252353204841,0.3065889735544599,0.6293142088749439,0.03227252353204841,1.8233975795607351,2.2268041237113403,4.050201703272076,52.362169430748544,76.55042581801882,1.3070372030479604,13.054235768713582,18.96010757507844,9.149260421335724,2.3333333333333335,0.7008652657601978,0.4622496147919877
De'Andre Hunter,90,2352,416,1002,150,492,248,286,60,310,370,180,60,12,150,224,1230,3,0.545,22.9,-1.5,,,2.0,0.134,0.176,0.2,SAC,45,1175,182,62,190,32.6,58.0,181.0,32.0,47.9,0.1896207584830339,0.3678861788617886,2.9081632653061225,2.770408163265306,28.0,14.0,31.0,77.0,5.0,9.0,14.0,35.7,64.3,0.0,72.0,63.0,135.0,1116,1288,22,182,231,120,8.1,10.8,0.21428571428571427,0.4744897959183674,1.1785714285714286,0.07653061224489796,0.1377551020408163,0.21428571428571427,0.0,1.1020408163265305,0.9642857142857143,2.066326530612245,17.081632653061224,19.714285714285715,0.336734693877551,2.7857142857142856,3.5357142857142856,1.836734693877551,2.2142857142857144,0.6593406593406593,1.2544802867383513
De'Anthony Melton,49,1125,215,528,72,245,100,121,39,119,158,125,77,20,91,91,602,1,0.518,25.4,0.1,,,1.5,0.159,0.288,0.089,GSW,49,1125,184,62,175,35.4,60.0,171.0,35.1,52.6,0.3314393939393939,0.6979591836734694,5.6,5.472,28.0,12.0,29.0,142.0,15.0,21.0,36.0,41.7,58.3,0.0,67.0,54.0,121.0,1718,2165,43,254,332,182,7.3,10.6,0.384,0.928,4.544,0.48,0.672,1.152,0.0,2.144,1.728,3.872,54.976,69.28,1.376,8.128,10.624,5.824,2.4166666666666665,0.7165354330708661,0.6984866123399301
DeAndre Jordan,12,199,21,32,0,0,11,17,26,50,76,11,4,10,9,16,53,1,0.671,10.1,0.2,,,0.2,0.781,0.188,0.031,NOP,12,199,0,0,1,0.0,0.0,0.0,,0.0,0.03125,,0.1809045226130653,0.0,37.0,18.0,40.0,8.0,2.0,0.0,2.0,100.0,0.0,0.0,31.0,11.0,42.0,200,130,1,20,32,15,5.5,7.5,3.2562814070351758,7.236180904522613,1.4472361809045227,0.36180904522613067,0.0,0.36180904522613067,0.0,5.608040201005025,1.9899497487437185,7.597989949748744,36.18090452261306,23.517587939698494,0.18090452261306533,3.6180904522613067,5.788944723618091,2.71356783919598,2.2222222222222223,0.75,9.0
DeJon Jarreau,11,231,33,83,4,30,18,23,12,39,51,36,10,8,26,28,88,1,0.473,21.4,-0.3,,,0.2,0.301,0.157,0.181,MEM,11,231,14,5,27,18.5,4.0,25.0,16.0,25.9,0.3253012048192771,0.8333333333333334,4.207792207792208,3.896103896103896,28.0,4.0,10.0,17.0,2.0,2.0,4.0,50.0,50.0,0.0,12.0,16.0,28.0,386,410,2,69,97,40,9.3,10.4,0.6233766233766234,1.5584415584415585,2.6493506493506493,0.3116883116883117,0.3116883116883117,0.6233766233766234,0.0,1.87012987012987,2.4935064935064934,4.363636363636363,60.15584415584416,63.896103896103895,0.3116883116883117,10.753246753246753,15.116883116883116,6.233766233766234,2.5,0.5797101449275363,1.0362694300518134
DeMar DeRozan,77,2406,499,1005,47,147,374,431,35,191,226,316,80,23,96,149,1419,1,0.594,22.8,-1.0,,,0.4,0.091,0.184,0.579,SAC,77,2406,191,77,184,41.8,37.0,105.0,35.2,51.9,0.1830845771144278,0.7142857142857143,2.753117206982544,1.571072319201995,36.0,7.0,17.0,125.0,16.0,23.0,39.0,41.0,59.0,4.0,123.0,93.0,216.0,1938,3094,53,622,813,387,16.3,20.0,0.10473815461346633,0.2543640897755611,1.8703241895261846,0.23940149625935161,0.34413965087281795,0.5835411471321695,0.059850374064837904,1.8403990024937655,1.3915211970074812,3.2319201995012468,28.997506234413965,46.29426433915212,0.7930174563591023,9.306733167082294,12.164588528678305,5.7905236907730675,2.4285714285714284,0.6221864951768489,0.36119711042311664
Dean Wade,59,1318,122,278,71,196,27,38,53,194,247,88,44,23,16,90,342,1,0.58,9.9,1.0,,,1.4,0.223,0.036,0.036,CLE,59,1318,206,69,184,37.5,68.0,183.0,37.2,56.0,0.6618705035971223,0.9336734693877552,5.0257966616084975,4.998482549317147,29.0,48.0,115.0,115.0,8.0,11.0,19.0,42.1,57.9,0.0,205.0,81.0,286.0,1344,976,15,148,228,107,6.5,8.0,1.3110773899848256,3.141122913505311,3.141122913505311,0.21851289833080426,0.30045523520485584,0.5189681335356601,0.0,5.599393019726858,2.2124430955993932,7.811836115326252,36.710166919575116,26.658573596358117,0.40971168437025796,4.042488619119879,6.227617602427921,2.9226100151745067,2.3958333333333335,0.722972972972973,3.5714285714285716
Deandre Ayton,72,1958,403,601,0,0,91,141,185,390,575,59,41,70,83,157,897,1,0.676,16.7,-0.9,,,2.2,0.421,0.406,0.173,LAL,72,1958,74,37,77,48.1,0.0,0.0,,48.1,0.1281198003327787,,1.4157303370786516,0.0,27.0,268.0,616.0,79.0,19.0,15.0,34.0,55.9,44.1,0.0,423.0,147.0,570.0,1945,1285,15,127,152,79,3.0,4.1,4.927477017364658,11.325842696629213,1.452502553626149,0.34933605720122574,0.27579162410623087,0.6251276813074566,0.0,7.77732379979571,2.702757916241062,10.480081716036771,35.760980592441264,23.62614913176711,0.27579162410623087,2.335035750766088,2.794688457609806,1.452502553626149,2.298507462686567,0.6220472440944882,13.77892030848329
Dejounte Murray,14,389,88,182,19,62,39,45,4,71,75,89,23,3,47,33,234,1,0.58,26.6,0.5,,,0.4,0.214,0.231,0.214,NOP,14,389,36,12,34,35.3,12.0,34.0,35.3,52.9,0.1868131868131868,0.5483870967741935,3.146529562982005,3.146529562982005,29.0,2.0,5.0,33.0,3.0,6.0,9.0,33.3,66.7,0.0,22.0,16.0,38.0,663,881,16,153,229,117,13.4,17.6,0.18508997429305912,0.46272493573264784,3.0539845758354756,0.2776349614395887,0.5552699228791774,0.8329048843187661,0.0,2.0359897172236505,1.480719794344473,3.5167095115681235,61.3573264781491,81.53213367609254,1.480719794344473,14.159383033419022,21.19280205655527,10.827763496143959,2.5,0.7647058823529411,0.30165912518853694
Deni Avdija,66,2199,492,1064,125,393,489,610,74,380,454,442,51,41,253,168,1598,1,0.6,29.3,0.6,,,2.4,0.29,0.243,0.096,POR,66,2199,271,92,248,37.1,87.0,240.0,36.3,54.6,0.2330827067669172,0.6106870229007634,4.060027285129604,3.929058663028649,25.0,9.0,19.0,106.0,25.0,15.0,40.0,62.5,37.5,0.0,183.0,98.0,281.0,3799,4908,73,877,1166,543,11.6,14.3,0.14733969986357434,0.31105047748976805,1.7353342428376535,0.4092769440654843,0.24556616643929058,0.654843110504775,0.0,2.9959072305593453,1.6043656207366985,4.600272851296044,62.193724420190996,80.34924965893588,1.195088676671214,14.357435197817189,19.088676671214188,8.88949522510232,2.111111111111111,0.6191562143671607,0.23690444853908924
Dennis Schröder,140,3394,510,1258,150,456,342,410,66,314,380,682,110,22,248,218,1512,3,0.526,21.0,-1.3,,,1.4,0.151,0.245,0.242,CLE,70,1696,175,59,167,35.3,57.0,159.0,35.8,52.4,0.1327503974562798,0.3486842105263157,1.7713612256923983,1.686505598114319,32.0,20.0,45.0,107.0,13.0,14.0,27.0,48.1,51.9,7.0,77.0,77.0,154.0,2988,3982,36,570,851,403,11.4,13.5,0.2121390689451974,0.47731290512669416,1.134944018856806,0.13789039481437831,0.14849734826163818,0.2863877430760165,0.07424867413081909,0.8167354154390101,0.8167354154390101,1.6334708308780201,31.69357690041249,42.2368886269888,0.38185032410135533,6.045963464938126,9.026517383618149,4.274602239245728,2.25,0.7070175438596491,0.6693440428380187
Dereck Lively II,7,115,11,18,0,0,8,10,14,23,37,13,4,11,10,21,30,1,0.67,11.8,3.6,,,0.2,0.778,0.222,0.0,DAL,7,115,0,0,0,,0.0,0.0,,,0.0,,0.0,0.0,22.0,11.0,23.0,4.0,2.0,3.0,5.0,40.0,60.0,0.0,46.0,11.0,57.0,140,93,2,16,32,18,9.3,12.9,3.4434782608695653,7.2,1.2521739130434784,0.6260869565217392,0.9391304347826087,1.565217391304348,0.0,14.4,3.4434782608695653,17.843478260869563,43.82608695652174,29.11304347826087,0.6260869565217392,5.008695652173913,10.017391304347827,5.6347826086956525,2.090909090909091,1.125,7.857142857142857
Derik Queen,81,2023,354,748,23,88,217,273,136,436,572,298,84,74,190,215,948,1,0.546,21.8,0.7,,,2.3,0.405,0.302,0.175,NOP,81,2023,77,29,100,29.0,19.0,75.0,25.3,38.5,0.1336898395721925,0.8522727272727273,1.7795353435491843,1.3346515076618883,21.0,125.0,295.0,187.0,21.0,9.0,30.0,70.0,30.0,4.0,358.0,192.0,550.0,2869,2523,31,440,742,362,10.4,12.6,2.2244191794364805,5.249629263470094,3.327731092436975,0.3737024221453287,0.1601581809194266,0.5338606030647554,0.07118141374196738,6.37073652990608,3.416707859614434,9.787444389520514,51.0548690064261,44.897676717745924,0.5516559565002471,7.8299555116164115,13.204152249134948,6.441917943648048,2.36,0.8227272727272728,4.35691878703381
Derrick Jones Jr.,50,1350,189,379,55,153,71,93,61,112,173,69,45,50,40,104,504,1,0.6,15.1,-0.1,,,1.1,0.311,0.243,0.042,LAC,50,1350,164,55,146,37.7,54.0,143.0,37.8,56.2,0.3852242744063324,0.934640522875817,3.8933333333333335,3.8133333333333335,29.0,36.0,83.0,107.0,15.0,6.0,21.0,71.4,28.6,0.0,123.0,73.0,196.0,1183,1244,8,111,175,81,5.8,6.8,0.96,2.2133333333333334,2.8533333333333335,0.4,0.16,0.56,0.0,3.28,1.9466666666666668,5.226666666666667,31.546666666666667,33.17333333333333,0.21333333333333335,2.96,4.666666666666667,2.16,2.3055555555555554,0.7297297297297297,3.043110735418428
Derrick White,77,2625,437,1108,209,640,184,204,86,253,339,414,88,98,134,119,1267,1,0.529,22.0,1.0,,,3.5,0.073,0.159,0.19,BOS,77,2625,332,111,337,32.9,110.0,332.0,33.1,49.3,0.3041516245487364,0.51875,4.621714285714286,4.553142857142857,31.0,29.0,70.0,196.0,20.0,29.0,49.0,40.8,59.2,8.0,324.0,231.0,555.0,4434,5373,64,732,1057,509,9.3,11.5,0.3977142857142857,0.96,2.688,0.2742857142857143,0.3977142857142857,0.672,0.10971428571428571,4.443428571428571,3.168,7.611428571428571,60.80914285714286,73.68685714285715,0.8777142857142857,10.038857142857143,14.496,6.980571428571428,2.413793103448276,0.6953551912568307,0.6540369869192603
Desmond Bane,82,2756,583,1205,167,427,314,346,98,240,338,338,86,37,164,252,1647,1,0.607,23.3,-0.2,,,2.6,0.226,0.251,0.1699999999999999,ORL,82,2756,312,106,244,43.4,100.0,228.0,43.9,63.9,0.2024896265560166,0.5339578454332553,3.1872278664731497,2.978229317851959,28.0,31.0,66.0,151.0,28.0,33.0,61.0,45.9,54.1,2.0,192.0,197.0,389.0,3233,4386,64,595,862,431,10.5,13.3,0.40493468795355586,0.8621190130624092,1.9724238026124818,0.36574746008708275,0.4310595065312046,0.7968069666182874,0.026124818577648767,2.5079825834542815,2.5732946298984034,5.081277213352685,42.23076923076923,57.29172714078374,0.8359941944847605,7.772133526850508,11.259796806966618,5.629898403483309,2.129032258064516,0.7243697478991596,0.9588617383235385
Devin Booker,64,2146,546,1198,122,370,454,520,48,200,248,386,51,18,201,168,1668,1,0.585,32.2,-1.0,,,1.8,0.138,0.169,0.384,PHX,64,2146,150,52,139,37.4,46.0,121.0,38.0,54.0,0.1160267111853088,0.327027027027027,2.331780055917987,2.0298229263746506,29.0,33.0,76.0,89.0,24.0,23.0,47.0,51.1,48.9,2.0,95.0,77.0,172.0,2294,4062,87,763,1036,505,16.8,22.0,0.5535880708294502,1.2749301025163093,1.4930102516309414,0.4026095060577819,0.385834109972041,0.7884436160298229,0.033550792171481825,1.5936626281453867,1.2917054986020504,2.885368126747437,38.48275862068966,68.1416589002796,1.4594594594594594,12.799627213420317,17.379310344827587,8.471575023299161,2.303030303030303,0.6618610747051114,1.4385353095030515
Devin Carter,38,700,121,292,30,114,67,94,36,89,125,101,34,9,54,50,339,1,0.508,23.5,-1.2,,,0.4,0.205,0.329,0.076,SAC,38,700,42,14,67,20.9,14.0,67.0,20.9,31.3,0.2294520547945205,0.5877192982456141,3.4457142857142857,3.4457142857142857,24.0,5.0,13.0,62.0,6.0,8.0,14.0,42.9,57.1,0.0,36.0,53.0,89.0,1001,1302,9,185,241,118,10.1,11.8,0.2571428571428571,0.6685714285714286,3.1885714285714286,0.30857142857142855,0.4114285714285714,0.72,0.0,1.8514285714285714,2.7257142857142855,4.577142857142857,51.48,66.96,0.46285714285714286,9.514285714285714,12.394285714285715,6.0685714285714285,2.6,0.6378378378378379,0.4995004995004995
Devin Vassell,67,2044,330,755,166,432,106,130,39,230,269,167,57,25,60,106,932,1,0.574,18.0,0.3,,,2.6,0.089,0.061,0.278,SAS,67,2044,461,160,397,40.3,141.0,363.0,38.8,58.1,0.5258278145695364,0.8402777777777778,6.992172211350294,6.39334637964775,25.0,32.0,68.0,115.0,12.0,15.0,27.0,44.4,55.6,0.0,138.0,75.0,213.0,1897,2247,36,292,427,220,8.8,11.6,0.5636007827788649,1.197651663405088,2.025440313111546,0.21135029354207435,0.26418786692759294,0.4755381604696673,0.0,2.4305283757338554,1.3209393346379648,3.75146771037182,33.41095890410959,39.57534246575342,0.6340508806262231,5.142857142857143,7.52054794520548,3.8747553816046967,2.125,0.7534246575342466,1.686874011597259
Dillon Brooks,56,1702,417,959,127,369,170,202,43,160,203,99,57,9,98,183,1131,1,0.54,28.6,-1.3,,,1.6,0.093,0.182,0.34,PHX,56,1702,246,83,233,35.6,80.0,221.0,36.2,52.8,0.2429614181438999,0.5989159891598916,4.928319623971798,4.674500587544066,30.0,26.0,63.0,113.0,14.0,14.0,28.0,50.0,50.0,1.0,81.0,99.0,180.0,1128,2091,18,166,254,129,8.8,11.4,0.5499412455934195,1.3325499412455935,2.390129259694477,0.29612220916568743,0.29612220916568743,0.5922444183313749,0.021151586368977675,1.7132784958871916,2.0940070505287895,3.807285546415981,23.858989424206815,44.227967097532314,0.3807285546415981,3.5111633372502937,5.372502937720329,2.72855464159812,2.423076923076923,0.7771084337349398,2.3049645390070923
Dillon Jones,7,39,2,9,1,5,4,4,2,5,7,4,3,0,0,6,9,1,0.418,11.8,2.8,,,0.1,0.222,0.0,0.222,NYK,7,39,3,1,3,33.3,1.0,3.0,33.3,50.0,0.3333333333333333,0.6,2.769230769230769,2.769230769230769,24.0,0.0,0.0,5.0,0.0,0.0,0.0,0.0,0.0,0.0,2.0,2.0,4.0,42,39,0,5,9,4,9.5,9.5,0.0,0.0,4.615384615384615,0.0,0.0,0.0,0.0,1.8461538461538463,1.8461538461538463,3.6923076923076925,38.76923076923077,36.0,0.0,4.615384615384615,8.307692307692308,3.6923076923076925,,0.8,0.0
Domantas Sabonis,19,564,120,221,5,27,56,77,64,152,216,78,18,4,51,66,301,1,0.59,23.0,-0.2,,,0.4,0.421,0.376,0.082,SAC,19,564,33,14,40,35.0,5.0,27.0,18.5,41.3,0.1809954751131221,1.0,2.5531914893617023,1.7234042553191489,30.0,78.0,173.0,29.0,10.0,6.0,16.0,62.5,37.5,0.0,73.0,31.0,104.0,904,715,12,133,187,97,8.6,10.7,4.9787234042553195,11.042553191489361,1.851063829787234,0.6382978723404256,0.3829787234042553,1.0212765957446808,0.0,4.659574468085107,1.9787234042553192,6.638297872340425,57.702127659574465,45.638297872340424,0.7659574468085106,8.48936170212766,11.936170212765957,6.191489361702128,2.217948717948718,0.7293233082706767,8.628318584070797
Dominick Barlow,71,1689,215,399,21,82,94,131,133,207,340,87,63,53,56,150,545,1,0.597,12.8,0.4,,,1.8,0.489,0.248,0.0579999999999999,PHI,71,1689,73,26,97,26.8,21.0,82.0,25.6,37.6,0.2431077694235588,1.0,2.0674955595026643,1.7477797513321491,23.0,60.0,145.0,121.0,21.0,24.0,45.0,46.7,53.3,0.0,352.0,140.0,492.0,1433,1198,23,138,229,115,6.1,8.0,1.2788632326820604,3.0905861456483126,2.5790408525754884,0.44760213143872113,0.5115452930728241,0.9591474245115453,0.0,7.502664298401421,2.984014209591474,10.486678507992895,30.543516873889875,25.534635879218474,0.49023090586145646,2.9413854351687387,4.880994671403197,2.4511545293072823,2.4166666666666665,0.8333333333333334,4.1870202372644805
Donovan Clingan,77,2094,356,684,84,246,138,203,347,545,892,162,44,130,95,182,934,1,0.604,16.9,0.6,,,3.5,0.471,0.155,0.015,POR,77,2094,231,78,220,35.5,75.0,215.0,34.9,52.5,0.3216374269005848,0.8739837398373984,3.782234957020057,3.696275071633238,22.0,177.0,410.0,82.0,19.0,12.0,31.0,61.3,38.7,1.0,758.0,280.0,1038.0,2347,1688,21,238,396,194,6.9,8.3,3.04297994269341,7.048710601719198,1.4097421203438396,0.32664756446991405,0.20630372492836677,0.5329512893982808,0.017191977077363897,13.031518624641834,4.813753581661891,17.845272206303726,40.34957020057307,29.020057306590257,0.36103151862464183,4.091690544412607,6.808022922636103,3.335243553008596,2.3163841807909606,0.8151260504201681,7.541542394546229
Donovan Mitchell,70,2342,678,1403,224,616,372,430,50,266,316,398,104,20,198,163,1952,1,0.613,32.2,-0.2,,,2.4,0.189,0.192,0.18,CLE,70,2342,294,100,242,41.3,94.0,231.0,40.7,60.7,0.172487526728439,0.375,3.719897523484201,3.550811272416738,29.0,16.0,38.0,201.0,21.0,24.0,45.0,46.7,53.3,0.0,95.0,118.0,213.0,2862,4699,81,739,1030,522,13.9,18.2,0.24594363791631085,0.5841161400512382,3.089666951323655,0.322801024765158,0.36891545687446625,0.6917164816396243,0.0,1.4602903501280957,1.8138343296327926,3.274124679760888,43.993168232280105,72.23057216054654,1.2450896669513236,11.359521776259607,15.83262169086251,8.02391118701964,2.375,0.706359945872801,0.5590496156533893
Donte DiVincenzo,82,2494,339,835,244,644,78,105,67,269,336,313,104,34,118,197,1000,1,0.567,16.9,0.7,,,2.9,0.103,0.089,0.038,MIN,82,2494,575,192,499,38.5,191.0,498.0,38.4,57.6,0.5976047904191617,0.7732919254658385,7.2028869286287085,7.188452285485164,29.0,29.0,73.0,241.0,26.0,36.0,62.0,41.9,58.1,0.0,139.0,125.0,264.0,3323,3527,58,493,771,407,9.4,12.2,0.4186046511627907,1.053728949478749,3.4787489975942263,0.37530072173215717,0.5196471531676022,0.8949478748997595,0.0,2.0064153969526863,1.8043303929430634,3.81074578989575,47.9663191659984,50.910986367281474,0.8372093023255814,7.116279069767442,11.129109863672815,5.874899759422615,2.5172413793103448,0.8255578093306288,0.8727053866987662
Dorian Finney-Smith,37,620,44,132,27,100,8,9,35,58,93,36,16,6,22,61,123,1,0.452,10.7,-0.1,,,0.6,0.182,0.053,0.008,HOU,37,620,78,26,94,27.7,26.0,94.0,27.7,41.5,0.7121212121212122,0.94,5.458064516129032,5.458064516129032,33.0,11.0,25.0,35.0,3.0,3.0,6.0,50.0,50.0,0.0,42.0,31.0,73.0,559,454,4,57,88,41,6.4,7.3,0.6387096774193548,1.4516129032258065,2.032258064516129,0.17419354838709677,0.17419354838709677,0.34838709677419355,0.0,2.4387096774193546,1.8,4.2387096774193544,32.458064516129035,26.361290322580643,0.23225806451612904,3.3096774193548386,5.109677419354838,2.3806451612903228,2.272727272727273,0.7192982456140351,1.9677996422182469
Doug McDermott,29,439,54,139,48,123,8,9,7,30,37,22,6,4,13,28,164,1,0.574,15.1,-3.0,,,-0.1,0.029,0.043,0.043,SAC,29,439,132,44,112,39.3,44.0,112.0,39.3,58.9,0.8057553956834532,0.9105691056910568,9.184510250569476,9.184510250569476,34.0,2.0,4.0,8.0,1.0,2.0,3.0,33.3,66.7,0.0,33.0,22.0,55.0,403,418,5,46,58,30,5.5,7.4,0.16400911161731208,0.32801822323462415,0.6560364464692483,0.08200455580865604,0.16400911161731208,0.2460136674259681,0.0,2.706150341685649,1.8041002277904328,4.510250569476082,33.04783599088838,34.277904328018224,0.41002277904328016,3.7722095671981775,4.75626423690205,2.4601366742596813,2.0,0.6521739130434783,0.49627791563275436
Drake Powell,63,1320,144,358,51,182,69,77,21,90,111,91,36,14,60,89,408,1,0.521,14.9,-1.3,,,0.5,0.17,0.148,0.173,BKN,63,1320,122,41,146,28.1,40.0,143.0,28.0,41.8,0.4078212290502793,0.7857142857142857,3.981818181818182,3.9,20.0,10.0,24.0,79.0,9.0,10.0,19.0,47.4,52.6,0.0,92.0,77.0,169.0,1377,1503,18,214,246,115,6.6,8.4,0.2727272727272727,0.6545454545454545,2.1545454545454548,0.24545454545454545,0.2727272727272727,0.5181818181818182,0.0,2.5090909090909093,2.1,4.609090909090909,37.554545454545455,40.99090909090909,0.4909090909090909,5.836363636363636,6.709090909090909,3.1363636363636362,2.4,0.5373831775700935,0.7262164124909223
Draymond Green,68,1869,205,491,101,310,59,84,55,320,375,376,61,42,181,197,570,1,0.54,16.1,1.0,,,2.1,0.208,0.112,0.049,GSW,68,1869,304,103,315,32.7,98.0,302.0,32.5,48.3,0.6415478615071283,0.9741935483870968,6.067415730337078,5.81701444622793,36.0,174.0,449.0,146.0,13.0,13.0,26.0,50.0,50.0,5.0,325.0,183.0,508.0,3860,3601,48,682,967,457,9.7,11.8,3.351524879614767,8.648475120385232,2.812199036918138,0.2504012841091493,0.2504012841091493,0.5008025682182986,0.09630818619582665,6.260032102728732,3.524879614767255,9.784911717495987,74.34991974317818,69.36115569823436,0.9245585874799358,13.136436597110755,18.626003210272874,8.802568218298555,2.5804597701149423,0.6700879765395894,4.507772020725389
Drew Eubanks,42,552,93,156,1,7,32,57,39,88,127,19,15,26,30,57,219,1,0.605,16.3,-0.7,,,0.3,0.314,0.494,0.148,SAC,42,552,17,8,23,34.8,1.0,6.0,16.7,37.0,0.1474358974358974,0.8571428571428571,1.5,0.391304347826087,29.0,72.0,162.0,37.0,4.0,2.0,6.0,66.7,33.3,1.0,114.0,30.0,144.0,455,401,2,41,45,22,4.2,4.8,4.695652173913044,10.565217391304348,2.4130434782608696,0.2608695652173913,0.13043478260869565,0.391304347826087,0.06521739130434782,7.434782608695652,1.9565217391304348,9.391304347826088,29.67391304347826,26.152173913043477,0.13043478260869565,2.6739130434782608,2.9347826086956523,1.434782608695652,2.25,0.5365853658536586,15.824175824175825
Drew Peterson,6,64,2,16,0,12,1,2,3,6,9,2,3,1,0,3,5,1,0.148,11.2,-1.5,,,0.1,0.188,0.063,0.0,CHA,6,64,0,0,11,0.0,0.0,11.0,0.0,0.0,0.6875,0.9166666666666666,6.1875,6.1875,26.0,1.0,2.0,11.0,1.0,0.0,1.0,100.0,0.0,0.0,3.0,2.0,5.0,58,45,0,6,5,2,3.4,3.4,0.5625,1.125,6.1875,0.5625,0.0,0.5625,0.0,1.6875,1.125,2.8125,32.625,25.3125,0.0,3.375,2.8125,1.125,2.0,0.3333333333333333,1.7241379310344827
Drew Timme,27,235,38,66,11,25,5,9,10,23,33,23,6,0,13,20,92,1,0.658,15.4,-1.4,,,0.1,0.182,0.197,0.242,LAL,27,235,39,15,31,48.4,9.0,22.0,40.9,62.9,0.4696969696969697,0.88,4.748936170212766,3.370212765957447,25.0,15.0,39.0,10.0,0.0,3.0,3.0,0.0,100.0,1.0,35.0,20.0,55.0,268,282,0,43,52,24,8.6,9.0,2.297872340425532,5.974468085106383,1.5319148936170213,0.0,0.4595744680851064,0.4595744680851064,0.15319148936170213,5.361702127659575,3.0638297872340425,8.425531914893616,41.05531914893617,43.2,0.0,6.587234042553192,7.965957446808511,3.676595744680851,2.6,0.5581395348837209,5.597014925373134
Dru Smith,70,1141,135,325,38,129,87,105,62,111,173,180,100,21,55,109,395,1,0.532,15.2,3.6,,,1.9,0.258,0.292,0.052,MIA,70,1141,99,33,110,30.0,33.0,108.0,30.6,45.0,0.3384615384615385,0.8372093023255814,3.470639789658194,3.4075372480280457,28.0,5.0,11.0,196.0,11.0,13.0,24.0,45.8,54.2,12.0,82.0,91.0,173.0,1805,2047,33,310,458,230,10.0,12.7,0.15775635407537247,0.3470639789658195,6.184049079754601,0.3470639789658195,0.4101665205959685,0.7572304995617879,0.37861524978089395,2.5872042068361085,2.871165644171779,5.4583698510078875,56.95004382120946,64.58545135845749,1.0411919368974583,9.780893952673093,14.45048203330412,7.2567922874671345,2.2,0.7419354838709677,0.2770083102493075
Duncan Robinson,77,2113,318,698,220,536,83,110,29,176,205,159,44,22,54,168,939,1,0.629,15.8,-0.1,,,2.3,0.083,0.119,0.03,DET,77,2113,498,167,401,41.6,164.0,396.0,41.4,62.1,0.5744985673352435,0.7388059701492538,6.831992427827733,6.746805489824894,32.0,43.0,90.0,141.0,10.0,12.0,22.0,45.5,54.5,6.0,142.0,115.0,257.0,1700,1967,25,265,387,203,9.4,11.9,0.7326076668244202,1.5333648840511123,2.4022716516800755,0.17037387600567913,0.20444865120681496,0.3748225272124941,0.10222432560340748,2.419309039280644,1.95929957406531,4.378608613345953,28.96355892096545,33.512541410317084,0.4259346900141978,4.514907714150497,6.593469001419782,3.4585896829152865,2.0930232558139537,0.7660377358490567,2.5294117647058822
Duop Reath,32,258,33,74,23,55,5,6,10,28,38,10,5,8,7,28,94,1,0.613,13.2,0.0,,,0.2,0.176,0.081,0.0,POR,32,258,63,21,52,40.4,21.0,52.0,40.4,60.6,0.7027027027027027,0.9454545454545454,7.255813953488372,7.255813953488372,30.0,12.0,28.0,8.0,3.0,2.0,5.0,60.0,40.0,1.0,50.0,29.0,79.0,212,197,4,20,25,14,4.7,6.6,1.6744186046511629,3.9069767441860463,1.1162790697674418,0.4186046511627907,0.27906976744186046,0.6976744186046512,0.13953488372093023,6.976744186046512,4.046511627906977,11.023255813953488,29.58139534883721,27.488372093023255,0.5581395348837209,2.7906976744186047,3.488372093023256,1.9534883720930232,2.3333333333333335,0.7,5.660377358490566
Dwight Powell,63,904,65,101,2,7,78,112,96,161,257,68,34,21,41,133,210,1,0.699,8.9,1.5,,,1.0,0.683,0.238,0.01,DAL,63,904,8,3,8,37.5,2.0,7.0,28.6,50.0,0.0792079207920792,1.0,0.3185840707964602,0.2787610619469026,34.0,140.0,316.0,87.0,8.0,17.0,25.0,32.0,68.0,5.0,193.0,50.0,243.0,923,618,8,122,167,79,7.4,8.6,5.575221238938053,12.584070796460177,3.4646017699115044,0.3185840707964602,0.6769911504424779,0.995575221238938,0.19911504424778761,7.685840707964601,1.991150442477876,9.676991150442477,36.756637168141594,24.61061946902655,0.3185840707964602,4.8584070796460175,6.650442477876106,3.146017699115044,2.257142857142857,0.6475409836065574,15.167930660888407
Dylan Cardwell,44,907,105,179,2,4,26,51,147,185,332,62,30,67,39,161,238,1,0.591,11.3,0.6,,,0.9,0.441,0.453,0.089,SAC,44,907,7,3,8,37.5,1.0,3.0,33.3,43.8,0.0446927374301676,0.75,0.3175303197353914,0.1190738699007717,24.0,85.0,195.0,59.0,14.0,7.0,21.0,66.7,33.3,0.0,245.0,46.0,291.0,775,520,9,118,154,72,8.0,9.3,3.3737596471885336,7.739801543550166,2.3417861080485114,0.5556780595369349,0.27783902976846747,0.8335170893054025,0.0,9.724366041896362,1.8257993384785005,11.550165380374862,30.760749724366043,20.63947078280044,0.3572216097023153,4.683572216097023,6.112458654906284,2.8577728776185225,2.2941176470588234,0.6101694915254238,10.96774193548387
Dylan Harper,69,1558,331,656,61,178,90,119,54,180,234,266,54,24,99,139,813,1,0.574,21.8,1.1,,,2.2,0.405,0.181,0.141,SAS,69,1558,167,56,146,38.4,55.0,142.0,38.7,57.2,0.2225609756097561,0.797752808988764,3.3735558408215662,3.281129653401797,20.0,12.0,25.0,94.0,23.0,20.0,43.0,53.5,46.5,0.0,134.0,65.0,199.0,2365,3136,60,507,699,346,11.2,14.6,0.2772785622593068,0.5776636713735558,2.17201540436457,0.5314505776636713,0.4621309370988447,0.993581514762516,0.0,3.096277278562259,1.5019255455712452,4.598202824133504,54.646983311938385,72.46213093709885,1.386392811296534,11.715019255455713,16.15147625160462,7.994865211810013,2.0833333333333335,0.6824457593688363,0.507399577167019
Dyson Daniels,76,2520,402,777,22,117,75,122,184,336,520,449,149,31,135,166,901,1,0.542,16.0,1.8,,,3.6,0.409,0.382,0.058,ATL,76,2520,71,25,113,22.1,21.0,104.0,20.2,31.4,0.1454311454311454,0.8888888888888888,1.6142857142857143,1.4857142857142858,23.0,145.0,356.0,316.0,39.0,38.0,77.0,50.6,49.4,3.0,226.0,191.0,417.0,3765,4292,82,744,1144,560,11.9,14.9,2.0714285714285716,5.085714285714285,4.514285714285714,0.5571428571428572,0.5428571428571428,1.1,0.04285714285714286,3.2285714285714286,2.7285714285714286,5.957142857142857,53.785714285714285,61.31428571428572,1.1714285714285715,10.628571428571428,16.34285714285714,8.0,2.4551724137931035,0.7526881720430108,3.851261620185923
E.J. Liddell,26,349,54,111,18,52,21,26,14,55,69,24,6,10,15,45,147,1,0.6,17.2,-1.2,,,0.2,0.189,0.27,0.072,BKN,26,349,53,18,53,34.0,17.0,51.0,33.3,50.0,0.4774774774774775,0.9807692307692308,5.467048710601719,5.260744985673353,25.0,9.0,22.0,11.0,4.0,0.0,4.0,100.0,0.0,1.0,45.0,30.0,75.0,343,331,4,39,66,30,7.0,8.7,0.9283667621776505,2.2693409742120343,1.1346704871060171,0.41260744985673353,0.0,0.41260744985673353,0.10315186246418338,4.641833810888252,3.0945558739255015,7.736389684813753,35.3810888252149,34.1432664756447,0.41260744985673353,4.022922636103152,6.808022922636103,3.0945558739255015,2.4444444444444446,0.7692307692307693,2.623906705539359
Egor Dëmin,52,1308,179,449,124,322,54,65,21,144,165,173,42,17,86,93,536,1,0.561,18.8,-0.7,,,0.7,0.109,0.096,0.078,BKN,52,1308,253,85,208,40.9,83.0,205.0,40.5,60.8,0.4632516703786191,0.6366459627329193,5.724770642201835,5.6422018348623855,20.0,14.0,34.0,88.0,11.0,9.0,20.0,55.0,45.0,3.0,132.0,84.0,216.0,2158,2542,33,353,471,220,8.0,10.2,0.3853211009174312,0.9357798165137615,2.4220183486238533,0.30275229357798167,0.24770642201834864,0.5504587155963303,0.08256880733944955,3.63302752293578,2.311926605504587,5.944954128440367,59.39449541284404,69.96330275229357,0.908256880733945,9.715596330275229,12.963302752293577,6.055045871559633,2.4285714285714284,0.623229461756374,0.6487488415199258
Elijah Harkless,26,545,54,161,21,88,49,64,10,43,53,75,31,6,26,52,178,1,0.471,16.2,-0.7,,,0.2,0.186,0.168,0.099,UTA,26,545,54,18,74,24.3,18.0,74.0,24.3,36.5,0.4596273291925465,0.8409090909090909,4.888073394495413,4.888073394495413,26.0,10.0,24.0,65.0,3.0,1.0,4.0,75.0,25.0,2.0,36.0,34.0,70.0,646,805,8,127,181,84,11.6,13.0,0.6605504587155964,1.5853211009174313,4.293577981651376,0.1981651376146789,0.06605504587155964,0.26422018348623855,0.13211009174311927,2.377981651376147,2.2458715596330276,4.623853211009174,42.67155963302752,53.174311926605505,0.5284403669724771,8.388990825688074,11.955963302752293,5.5486238532110095,2.4,0.6614173228346457,1.5479876160990713
Emanuel Miller,5,33,6,13,2,6,1,2,1,2,3,4,2,0,0,2,15,1,0.54,17.5,0.9,,,0.0,0.231,0.231,0.077,SAS,5,33,8,3,7,42.9,2.0,6.0,33.3,57.1,0.5384615384615384,1.0,7.636363636363637,6.545454545454546,26.0,0.0,0.0,2.0,1.0,2.0,3.0,33.3,66.7,0.0,3.0,0.0,3.0,30,31,0,2,8,4,13.3,13.3,0.0,0.0,2.1818181818181817,1.0909090909090908,2.1818181818181817,3.272727272727273,0.0,3.272727272727273,0.0,3.272727272727273,32.72727272727273,33.81818181818182,0.0,2.1818181818181817,8.727272727272727,4.363636363636363,,2.0,0.0
Enrique Freeman,4,37,4,8,2,4,3,4,2,8,10,2,2,3,2,5,13,1,0.666,13.4,1.5,,,0.1,0.25,0.0,0.25,MIN,4,37,8,3,5,60.0,2.0,4.0,50.0,80.0,0.625,1.0,4.864864864864865,3.891891891891892,25.0,0.0,0.0,2.0,0.0,0.0,0.0,0.0,0.0,0.0,7.0,3.0,10.0,26,20,0,2,4,2,7.7,7.7,0.0,0.0,1.945945945945946,0.0,0.0,0.0,0.0,6.8108108108108105,2.918918918918919,9.72972972972973,25.2972972972973,19.45945945945946,0.0,1.945945945945946,3.891891891891892,1.945945945945946,,1.0,0.0
Eric Gordon,6,74,12,21,8,14,1,2,1,1,2,3,4,1,3,3,33,1,0.754,14.2,0.3,,,0.1,0.238,0.095,0.0,PHI,6,74,21,7,12,58.3,7.0,12.0,58.3,87.5,0.5714285714285714,0.8571428571428571,5.837837837837838,5.837837837837838,37.0,0.0,0.0,2.0,0.0,0.0,0.0,0.0,0.0,0.0,1.0,5.0,6.0,73,90,0,5,6,3,4.1,4.1,0.0,0.0,0.972972972972973,0.0,0.0,0.0,0.0,0.4864864864864865,2.4324324324324325,2.918918918918919,35.513513513513516,43.78378378378378,0.0,2.4324324324324325,2.918918918918919,1.4594594594594594,,0.6,0.0
Ethan Thompson,32,653,74,196,38,116,37,47,17,52,69,57,20,9,25,69,223,1,0.515,15.7,-0.8,,,0.3,0.133,0.143,0.133,IND,32,653,90,30,101,29.7,30.0,99.0,30.3,44.6,0.5153061224489796,0.853448275862069,5.568147013782542,5.457886676875957,27.0,13.0,31.0,42.0,2.0,3.0,5.0,40.0,60.0,3.0,74.0,51.0,125.0,710,766,13,94,145,77,8.0,10.8,0.7166921898928025,1.7090352220520675,2.315467075038285,0.11026033690658499,0.16539050535987748,0.27565084226646247,0.16539050535987748,4.079632465543645,2.811638591117917,6.891271056661562,39.14241960183767,42.22970903522205,0.7166921898928025,5.182235834609495,7.993874425727412,4.2450229709035225,2.3846153846153846,0.8191489361702128,1.8309859154929577
Evan Mobley,65,2074,469,859,62,209,180,297,156,430,586,234,48,113,122,159,1180,1,0.596,22.6,1.2,,,2.9,0.406,0.254,0.096,CLE,65,2074,164,56,179,31.3,52.0,164.0,31.7,45.8,0.2083818393480791,0.784688995215311,3.107039537126326,2.846673095467695,25.0,124.0,287.0,118.0,20.0,13.0,33.0,60.6,39.4,0.0,465.0,205.0,670.0,3018,2600,33,435,605,288,7.8,9.5,2.1523625843780136,4.981677917068467,2.048216007714561,0.3471552555448409,0.2256509161041466,0.5728061716489875,0.0,8.07135969141755,3.5583413693346193,11.62970106075217,52.38572806171649,45.130183220829316,0.5728061716489875,7.550626808100289,10.501446480231436,4.999035679845709,2.314516129032258,0.6620689655172414,4.108681245858184
Franz Wagner,34,1019,244,507,48,139,163,198,43,134,177,113,32,11,58,72,699,1,0.588,27.0,-0.2,,,1.1,0.258,0.345,0.122,ORL,34,1019,86,29,79,36.7,28.0,74.0,37.8,54.4,0.155818540433925,0.5323741007194245,2.7909715407262023,2.61432777232581,24.0,8.0,19.0,70.0,9.0,10.0,19.0,47.4,52.6,1.0,84.0,63.0,147.0,1132,1438,14,206,297,143,10.0,12.6,0.2826300294406281,0.6712463199214916,2.4730127576054954,0.3179587831207066,0.35328753680078506,0.6712463199214916,0.03532875368007851,2.967615309126595,2.225711481844946,5.193326790971541,39.99214916584887,50.802747791952896,0.4946025515210991,7.277723258096173,10.492639842983317,5.052011776251227,2.375,0.6941747572815534,0.7067137809187279
GG Jackson II,55,1178,255,514,64,193,112,151,49,186,235,81,31,44,85,75,686,1,0.591,23.5,-1.2,,,0.9,0.329,0.232,0.065,MEM,55,1178,134,45,132,34.1,44.0,130.0,33.8,50.8,0.2568093385214007,0.6735751295336787,4.033955857385399,3.972835314091681,21.0,15.0,37.0,65.0,8.0,10.0,18.0,44.4,55.6,0.0,166.0,95.0,261.0,1403,1416,17,145,205,101,5.8,7.2,0.45840407470288624,1.130730050933786,1.9864176570458405,0.24448217317487267,0.30560271646859083,0.5500848896434635,0.0,5.073005093378608,2.903225806451613,7.976230899830221,42.87606112054329,43.27334465195246,0.5195246179966044,4.431239388794567,6.264855687606112,3.0865874363327674,2.466666666666667,0.696551724137931,1.0691375623663577
Gabe Vincent,106,1758,152,432,118,346,40,46,34,74,108,152,54,6,54,158,462,3,0.511,12.3,-0.5,,,1.0,0.051,0.065,0.0829999999999999,ATL,53,879,122,41,121,33.9,40.0,118.0,33.9,50.4,0.2800925925925926,0.3410404624277456,2.477815699658703,2.416382252559727,30.0,20.0,46.0,68.0,12.0,7.0,19.0,63.2,36.8,4.0,54.0,67.0,121.0,913,1086,14,142,185,94,8.3,10.3,0.40955631399317405,0.9419795221843004,1.3924914675767919,0.24573378839590443,0.14334470989761092,0.3890784982935154,0.08191126279863481,1.10580204778157,1.372013651877133,2.477815699658703,18.696245733788395,22.238907849829353,0.28668941979522183,2.907849829351536,3.78839590443686,1.924914675767918,2.3,0.6619718309859155,2.190580503833516
Garrett Temple,22,73,4,15,3,12,6,9,1,8,9,9,4,2,7,6,17,1,0.448,15.3,1.0,,,0.1,0.0,0.133,0.067,TOR,22,73,9,3,9,33.3,3.0,9.0,33.3,50.0,0.6,0.75,4.438356164383562,4.438356164383562,40.0,2.0,4.0,6.0,1.0,0.0,1.0,100.0,0.0,0.0,4.0,7.0,11.0,116,130,0,10,22,10,7.8,8.6,0.9863013698630136,1.9726027397260273,2.958904109589041,0.4931506849315068,0.0,0.4931506849315068,0.0,1.9726027397260273,3.452054794520548,5.424657534246576,57.205479452054796,64.10958904109589,0.0,4.931506849315069,10.849315068493151,4.931506849315069,2.0,1.0,1.7241379310344827
Garrison Mathews,15,196,21,52,17,46,19,23,2,15,17,10,6,3,3,19,78,1,0.628,14.1,0.0,,,0.1,0.058,0.038,0.019,IND,15,196,51,17,41,41.5,17.0,41.0,41.5,62.2,0.7884615384615384,0.8913043478260869,7.530612244897959,7.530612244897959,29.0,1.0,2.0,11.0,0.0,0.0,0.0,0.0,0.0,4.0,11.0,9.0,20.0,184,173,0,20,24,11,5.4,6.0,0.1836734693877551,0.3673469387755102,2.020408163265306,0.0,0.0,0.0,0.7346938775510204,2.020408163265306,1.653061224489796,3.673469387755102,33.795918367346935,31.775510204081634,0.0,3.673469387755102,4.408163265306122,2.020408163265306,2.0,0.55,0.5434782608695652
Gary Harris,48,661,46,104,28,68,8,9,16,45,61,51,27,9,19,53,128,1,0.593,8.5,0.7,,,0.3,0.106,0.144,0.096,MIL,48,661,81,27,60,45.0,27.0,59.0,45.8,67.5,0.5769230769230769,0.8676470588235294,3.2677760968229954,3.2133131618759454,31.0,8.0,16.0,65.0,4.0,6.0,10.0,40.0,60.0,0.0,25.0,44.0,69.0,585,462,8,79,132,64,8.7,10.9,0.4357034795763994,0.8714069591527988,3.540090771558245,0.2178517397881997,0.3267776096822995,0.5446293494704992,0.0,1.361573373676248,2.3963691376701965,3.7579425113464446,31.860816944024204,25.161875945537066,0.4357034795763994,4.302571860816944,7.18910741301059,3.485627836611195,2.0,0.810126582278481,1.3675213675213675
Gary Payton II,73,1142,242,415,37,127,26,40,101,164,265,123,67,21,62,132,547,1,0.632,18.4,1.3,,,1.5,0.448,0.236,0.01,GSW,73,1142,87,29,117,24.8,29.0,114.0,25.4,37.2,0.2819277108433735,0.8976377952755905,3.688266199649737,3.59369527145359,33.0,53.0,138.0,149.0,21.0,14.0,35.0,60.0,40.0,0.0,77.0,59.0,136.0,1565,1362,24,217,307,152,7.9,9.7,1.6707530647985989,4.350262697022767,4.697022767075307,0.6619964973730298,0.4413309982486865,1.1033274956217163,0.0,2.4273204903677756,1.8598949211908933,4.287215411558669,49.334500875656744,42.93520140105079,0.7565674255691769,6.840630472854641,9.677758318739054,4.7915936952714535,2.6037735849056602,0.7004608294930875,3.3865814696485623
Gary Trent Jr.,65,1377,183,473,123,342,40,52,8,59,67,79,34,3,41,85,529,1,0.533,17.2,-2.2,,,0.2,0.038,0.085,0.155,MIL,65,1377,288,96,249,38.6,96.0,248.0,38.7,57.8,0.5264270613107822,0.7251461988304093,6.509803921568627,6.483660130718954,27.0,0.0,0.0,95.0,8.0,7.0,15.0,53.3,46.7,0.0,23.0,30.0,53.0,756,1161,13,125,188,93,10.4,12.3,0.0,0.0,2.4836601307189543,0.20915032679738563,0.1830065359477124,0.39215686274509803,0.0,0.6013071895424836,0.7843137254901961,1.3856209150326797,19.764705882352942,30.352941176470587,0.33986928104575165,3.2679738562091503,4.915032679738562,2.4313725490196076,,0.744,0.0
Giannis Antetokounmpo,36,1039,373,598,15,45,232,357,98,254,352,196,34,24,115,86,993,1,0.658,37.0,1.8,,,1.1,0.61,0.161,0.154,MIL,36,1039,27,9,25,36.0,9.0,20.0,45.0,54.0,0.0418060200668896,0.4444444444444444,0.8662175168431184,0.6929740134744947,31.0,54.0,124.0,67.0,18.0,3.0,21.0,85.7,14.3,0.0,85.0,62.0,147.0,1583,2038,45,384,540,248,12.4,15.7,1.8710298363811357,4.296438883541867,2.321462945139557,0.6236766121270453,0.1039461020211742,0.7276227141482194,0.0,2.9451395572666024,2.1482194417709337,5.0933589990375365,54.84889316650626,70.614051973051,1.5591915303176132,13.305101058710298,18.710298363811358,8.592877767083735,2.2962962962962963,0.6458333333333334,3.4112444725205306
Goga Bitadze,64,972,152,225,2,11,69,97,137,183,320,84,37,61,43,136,375,1,0.7,13.5,2.0,,,1.6,0.729,0.191,0.031,ORL,64,972,10,4,16,25.0,2.0,11.0,18.2,31.3,0.0711111111111111,1.0,0.5925925925925926,0.4074074074074074,26.0,109.0,252.0,85.0,8.0,9.0,17.0,47.1,52.9,1.0,205.0,89.0,294.0,1079,832,3,116,201,90,7.8,8.3,4.037037037037037,9.333333333333334,3.1481481481481484,0.2962962962962963,0.3333333333333333,0.6296296296296297,0.037037037037037035,7.592592592592593,3.2962962962962963,10.88888888888889,39.96296296296296,30.814814814814813,0.1111111111111111,4.296296296296297,7.444444444444445,3.3333333333333335,2.311926605504587,0.7758620689655172,10.10194624652456
Gradey Dick,76,1067,161,384,56,186,77,88,42,105,147,51,45,7,43,101,455,1,0.538,18.7,-0.4,,,1.3,0.24,0.13,0.146,TOR,76,1067,149,51,167,30.5,47.0,159.0,29.6,44.6,0.4348958333333333,0.8548387096774194,5.634489222118088,5.364573570759138,22.0,5.0,11.0,117.0,13.0,12.0,25.0,52.0,48.0,3.0,32.0,31.0,63.0,724,917,13,99,128,70,7.0,9.7,0.16869728209934395,0.3711340206185567,3.9475164011246484,0.4386129334582943,0.40487347703842547,0.8434864104967198,0.10121836925960637,1.0796626054358014,1.0459231490159324,2.125585754451734,24.427366447985005,30.939081537019682,0.4386129334582943,3.3402061855670104,4.318650421743206,2.3617619493908153,2.2,0.7070707070707071,0.6906077348066298
Grant Nelson,4,35,5,9,0,0,7,10,1,5,6,5,1,5,4,6,17,1,0.634,21.7,4.8,,,0.1,0.556,0.333,0.111,BKN,4,35,0,0,1,0.0,0.0,0.0,,0.0,0.1111111111111111,,1.0285714285714285,0.0,24.0,4.0,9.0,1.0,0.0,1.0,1.0,0.0,100.0,0.0,12.0,2.0,14.0,38,43,1,9,12,6,13.2,15.8,4.114285714285714,9.257142857142858,1.0285714285714285,0.0,1.0285714285714285,1.0285714285714285,0.0,12.342857142857143,2.057142857142857,14.4,39.08571428571429,44.22857142857143,1.0285714285714285,9.257142857142858,12.342857142857143,6.171428571428572,2.25,0.6666666666666666,10.526315789473685
Grant Williams,36,711,78,183,52,134,44,54,46,96,142,56,17,18,31,56,252,1,0.609,14.1,1.0,,,0.8,0.06,0.115,0.093,CHA,36,711,145,50,121,41.3,45.0,116.0,38.8,59.9,0.6612021857923497,0.8656716417910447,6.1265822784810124,5.873417721518988,27.0,34.0,86.0,27.0,9.0,5.0,14.0,64.3,35.7,5.0,97.0,67.0,164.0,721,642,13,106,150,72,7.8,10.0,1.7215189873417722,4.3544303797468356,1.3670886075949367,0.45569620253164556,0.25316455696202533,0.7088607594936709,0.25316455696202533,4.9113924050632916,3.392405063291139,8.30379746835443,36.50632911392405,32.50632911392405,0.6582278481012658,5.367088607594937,7.594936708860759,3.6455696202531644,2.5294117647058822,0.6792452830188679,4.715672676837725
Grayson Allen,51,1467,269,667,159,455,144,168,37,118,155,195,69,13,83,117,841,1,0.568,23.8,0.2,,,1.6,0.097,0.177,0.043,PHX,51,1467,299,100,256,39.1,99.0,253.0,39.1,58.4,0.383808095952024,0.5560439560439561,6.282208588957055,6.208588957055214,30.0,11.0,28.0,119.0,10.0,16.0,26.0,38.5,61.5,0.0,80.0,75.0,155.0,1808,2325,25,337,511,243,10.8,13.4,0.26993865030674846,0.6871165644171779,2.920245398773006,0.24539877300613497,0.39263803680981596,0.6380368098159509,0.0,1.9631901840490797,1.8404907975460123,3.803680981595092,44.3680981595092,57.05521472392638,0.6134969325153374,8.269938650306749,12.539877300613497,5.96319018404908,2.5454545454545454,0.7210682492581603,0.6084070796460177
Guerschon Yabusele,134,2014,250,624,138,392,108,144,112,356,468,126,52,32,82,162,746,3,0.543,16.1,-0.5,,,1.9,0.189,0.138,0.045,CHI,67,1007,203,68,196,34.7,67.0,190.0,35.3,51.8,0.3141025641025641,0.4846938775510204,3.503475670307845,3.39622641509434,30.0,37.0,88.0,56.0,10.0,10.0,20.0,50.0,50.0,2.0,106.0,46.0,152.0,1000,995,12,104,162,77,6.3,7.7,0.6613704071499503,1.5729890764647467,1.0009930486593843,0.17874875868917578,0.17874875868917578,0.35749751737835156,0.03574975173783516,1.894736842105263,0.8222442899702085,2.7169811320754715,17.874875868917577,17.78550148957299,0.21449851042701093,1.858987090367428,2.8957298907646476,1.3763654419066533,2.3783783783783785,0.7403846153846154,3.7
Gui Santos,68,1395,230,460,78,222,87,120,75,191,266,159,61,22,102,142,625,1,0.609,18.7,0.3,,,1.5,0.274,0.235,0.009,GSW,68,1395,224,75,204,36.8,74.0,202.0,36.6,54.9,0.4434782608695652,0.90990990990991,5.264516129032258,5.212903225806452,24.0,14.0,37.0,105.0,10.0,10.0,20.0,50.0,50.0,4.0,184.0,117.0,301.0,1918,1918,41,301,418,212,8.3,11.1,0.36129032258064514,0.9548387096774194,2.7096774193548385,0.25806451612903225,0.25806451612903225,0.5161290322580645,0.1032258064516129,4.748387096774193,3.0193548387096776,7.767741935483871,49.49677419354839,49.49677419354839,1.0580645161290323,7.767741935483871,10.787096774193548,5.470967741935484,2.642857142857143,0.7043189368770764,0.7299270072992701
Harrison Barnes,77,1986,262,575,139,358,102,123,62,151,213,148,50,12,61,85,765,1,0.608,14.6,0.1,,,2.1,0.158,0.157,0.063,SAS,77,1986,375,125,317,39.4,125.0,314.0,39.8,59.1,0.551304347826087,0.8770949720670391,5.746223564954683,5.691842900302115,34.0,53.0,119.0,98.0,17.0,14.0,31.0,54.8,45.2,3.0,142.0,119.0,261.0,1691,1597,16,272,372,179,8.8,10.6,0.9607250755287009,2.1570996978851964,1.7764350453172206,0.3081570996978852,0.2537764350453172,0.5619335347432024,0.054380664652567974,2.5740181268882174,2.1570996978851964,4.731117824773414,30.652567975830816,28.948640483383684,0.29003021148036257,4.930513595166163,6.743202416918429,3.2447129909365557,2.2452830188679247,0.6580882352941176,3.1342400946185687
Harrison Ingram,7,26,5,6,1,1,0,0,3,0,3,1,0,0,1,2,11,1,0.917,11.3,-1.4,,,0.0,0.5,0.333,0.0,SAS,7,26,3,1,1,100.0,1.0,1.0,100.0,150.0,0.1666666666666666,1.0,1.3846153846153846,1.3846153846153846,23.0,1.0,2.0,1.0,0.0,0.0,0.0,0.0,0.0,0.0,2.0,0.0,2.0,23,20,1,3,2,2,4.3,8.7,1.3846153846153846,2.769230769230769,1.3846153846153846,0.0,0.0,0.0,0.0,2.769230769230769,0.0,2.769230769230769,31.846153846153847,27.692307692307693,1.3846153846153846,4.153846153846154,2.769230769230769,2.769230769230769,2.0,0.6666666666666666,4.3478260869565215
Hayden Gray,1,25,2,3,0,1,2,2,0,0,0,1,1,1,1,0,6,1,0.773,8.0,-1.6,,,0.0,0.0,0.333,0.333,UTA,1,25,0,0,0,,0.0,0.0,,,0.0,0.0,0.0,0.0,23.0,0.0,0.0,3.0,1.0,0.0,1.0,100.0,0.0,0.0,3.0,4.0,7.0,21,32,0,2,3,2,4.8,9.5,0.0,0.0,4.32,1.44,0.0,1.44,0.0,4.32,5.76,10.08,30.24,46.08,0.0,2.88,4.32,2.88,,1.0,0.0
Haywood Highsmith,7,91,12,23,8,14,6,7,6,7,13,7,4,0,0,9,38,1,0.729,12.2,1.2,,,0.1,0.13,0.217,0.043,PHX,7,91,21,7,13,53.8,7.0,13.0,53.8,80.8,0.5652173913043478,0.9285714285714286,5.142857142857143,5.142857142857143,29.0,3.0,8.0,12.0,0.0,0.0,0.0,0.0,0.0,0.0,8.0,6.0,14.0,75,51,1,11,22,9,9.3,12.0,1.1868131868131868,3.1648351648351647,4.747252747252747,0.0,0.0,0.0,0.0,3.1648351648351647,2.3736263736263736,5.538461538461538,29.67032967032967,20.175824175824175,0.3956043956043956,4.351648351648351,8.703296703296703,3.5604395604395602,2.6666666666666665,0.8181818181818182,4.0
Herbert Jones,56,1588,183,478,80,259,50,62,47,143,190,155,88,27,73,177,496,1,0.491,15.2,0.6,,,1.1,0.224,0.157,0.077,NOP,56,1588,203,68,217,31.3,67.0,209.0,32.1,46.8,0.4539748953974895,0.806949806949807,4.919395465994962,4.738035264483627,27.0,21.0,48.0,196.0,14.0,16.0,30.0,46.7,53.3,2.0,104.0,105.0,209.0,1827,1739,20,250,389,191,8.5,10.5,0.4760705289672544,1.0881612090680102,4.4433249370277075,0.31738035264483627,0.36272040302267,0.6801007556675063,0.04534005037783375,2.3576826196473553,2.380352644836272,4.738035264483627,41.41813602015113,39.423173803526446,0.4534005037783375,5.667506297229219,8.818639798488665,4.329974811083123,2.2857142857142856,0.764,1.1494252873563218
Hugo González,74,1084,117,246,42,116,13,26,62,184,246,40,42,21,38,124,289,1,0.561,11.8,1.6,,,1.7,0.26,0.228,0.04,BOS,74,1084,125,42,109,38.5,41.0,105.0,39.0,57.3,0.4430894308943089,0.9051724137931034,3.6199261992619927,3.487084870848709,20.0,23.0,54.0,68.0,9.0,11.0,20.0,45.0,55.0,2.0,110.0,73.0,183.0,959,656,15,84,105,56,4.2,5.8,0.7638376383763837,1.7933579335793357,2.2583025830258303,0.2988929889298893,0.36531365313653136,0.6642066420664207,0.06642066420664207,3.6531365313653135,2.4243542435424352,6.077490774907749,31.84870848708487,21.785977859778598,0.4981549815498155,2.7896678966789668,3.4870848708487086,1.8597785977859778,2.347826086956522,0.6666666666666666,2.3983315954118876
Hunter Dickinson,5,42,5,14,0,4,2,2,2,3,5,2,1,2,3,6,12,1,0.403,17.7,-2.9,,,0.0,0.0,0.571,0.143,NOP,5,42,2,1,6,16.7,0.0,3.0,0.0,16.7,0.4285714285714285,0.75,5.142857142857143,2.571428571428572,25.0,6.0,12.0,1.0,0.0,0.0,0.0,0.0,0.0,0.0,12.0,3.0,15.0,40,32,0,7,7,3,5.0,7.5,5.142857142857143,10.285714285714286,0.8571428571428571,0.0,0.0,0.0,0.0,10.285714285714286,2.5714285714285716,12.857142857142858,34.285714285714285,27.428571428571427,0.0,6.0,6.0,2.5714285714285716,2.0,0.42857142857142855,15.0
Hunter Sallis,7,26,3,5,0,0,1,2,0,1,1,4,0,1,5,2,7,1,0.595,17.7,-2.9,,,0.0,0.4,0.4,0.2,PHI,7,26,0,0,0,,0.0,0.0,,,0.0,,0.0,0.0,23.0,0.0,0.0,0.0,0.0,0.0,0.0,0.0,0.0,0.0,3.0,2.0,5.0,49,67,3,7,12,7,8.2,14.3,0.0,0.0,0.0,0.0,0.0,0.0,0.0,4.153846153846154,2.769230769230769,6.923076923076923,67.84615384615384,92.76923076923077,4.153846153846154,9.692307692307692,16.615384615384617,9.692307692307692,,1.0,0.0
Hunter Tyson,21,162,14,52,7,33,11,13,4,32,36,17,2,1,5,13,46,1,0.398,16.8,-1.6,,,0.1,0.135,0.173,0.0569999999999999,DEN,21,162,20,7,33,21.2,6.0,29.0,20.7,30.3,0.6346153846153846,0.8787878787878788,7.333333333333333,6.444444444444445,26.0,2.0,4.0,9.0,1.0,2.0,3.0,33.3,66.7,0.0,12.0,16.0,28.0,148,132,2,20,45,19,11.5,12.8,0.4444444444444444,0.8888888888888888,2.0,0.2222222222222222,0.4444444444444444,0.6666666666666666,0.0,2.6666666666666665,3.5555555555555554,6.222222222222222,32.888888888888886,29.333333333333332,0.4444444444444444,4.444444444444445,10.0,4.222222222222222,2.0,0.95,1.3513513513513513
Immanuel Quickley,70,2231,401,905,178,476,170,207,38,244,282,415,92,5,102,141,1150,1,0.577,21.1,0.6,,,2.6,0.105,0.178,0.191,TOR,70,2231,418,142,343,41.4,134.0,325.0,41.2,60.9,0.3790055248618784,0.6827731092436975,5.534737785746303,5.244285073957866,27.0,36.0,75.0,162.0,13.0,20.0,33.0,39.4,60.6,0.0,126.0,115.0,241.0,3788,5194,74,701,1016,516,11.0,13.6,0.5809054235768714,1.2102196324518153,2.614074406095921,0.20977140295831465,0.3227252353204841,0.5324966382787988,0.0,2.0331689825190495,1.8556701030927836,3.888839085611833,61.124159569699685,83.81174361272971,1.1940833706857912,11.311519497982967,16.39444195428059,8.32631107126849,2.0833333333333335,0.7360912981455064,0.9503695881731784
Isaac Jones,14,72,6,14,0,4,6,8,4,6,10,2,0,2,2,8,18,3,0.514,11.3,-2.2,,,0.0,0.571,0.143,0.0,DET,7,36,0,0,2,0.0,0.0,2.0,0.0,0.0,0.1428571428571428,0.5,1.0,1.0,25.0,0.0,0.0,1.0,0.0,0.0,0.0,0.0,0.0,0.0,5.0,1.0,6.0,16,13,2,0,2,3,6.3,18.8,0.0,0.0,0.5,0.0,0.0,0.0,0.0,2.5,0.5,3.0,8.0,6.5,1.0,0.0,1.0,1.5,,,0.0
Isaac Okoro,63,1695,211,459,73,221,89,112,69,104,173,100,46,29,46,162,584,1,0.574,13.6,-0.8,,,0.7,0.401,0.115,0.002,CHI,63,1695,198,66,195,33.8,66.0,195.0,33.8,50.8,0.4248366013071895,0.8823529411764706,4.141592920353983,4.141592920353983,25.0,31.0,67.0,95.0,18.0,11.0,29.0,62.1,37.9,14.0,225.0,118.0,343.0,1236,1318,16,197,275,130,8.1,10.5,0.6584070796460177,1.4230088495575222,2.017699115044248,0.3823008849557522,0.2336283185840708,0.6159292035398231,0.2973451327433628,4.778761061946903,2.506194690265487,7.284955752212389,26.25132743362832,27.9929203539823,0.3398230088495575,4.184070796460177,5.84070796460177,2.7610619469026547,2.161290322580645,0.6598984771573604,2.5080906148867315
Isaiah Collier,59,1517,255,515,27,100,151,209,21,129,150,423,66,20,148,138,688,1,0.567,20.4,-1.8,,,0.3,0.21,0.445,0.152,UTA,59,1517,45,15,66,22.7,15.0,66.0,22.7,34.1,0.1281553398058252,0.66,1.5662491760052737,1.5662491760052737,21.0,10.0,24.0,101.0,11.0,7.0,18.0,61.1,38.9,1.0,47.0,104.0,151.0,3114,4177,38,788,1097,500,13.6,16.1,0.23731048121292023,0.5695451549110085,2.396835860250494,0.26104152933421226,0.16611733684904417,0.42715886618325644,0.023731048121292023,1.115359261700725,2.4680290046143702,3.5833882663150955,73.89848384970337,99.12458800263678,0.9017798286090969,18.700065919578115,26.03295978905735,11.865524060646012,2.4,0.6345177664974619,0.32113037893384716
Isaiah Crawford,14,92,10,24,3,13,5,6,3,13,16,5,2,3,4,4,28,1,0.526,14.0,0.1,,,0.1,0.292,0.042,0.125,HOU,14,92,9,3,12,25.0,3.0,12.0,25.0,37.5,0.5,0.9230769230769232,4.695652173913044,4.695652173913044,24.0,1.0,3.0,10.0,1.0,0.0,1.0,100.0,0.0,0.0,4.0,5.0,9.0,50,45,0,9,11,5,10.0,10.0,0.391304347826087,1.173913043478261,3.9130434782608696,0.391304347826087,0.0,0.391304347826087,0.0,1.565217391304348,1.9565217391304348,3.5217391304347827,19.565217391304348,17.608695652173914,0.0,3.5217391304347827,4.304347826086956,1.9565217391304348,3.0,0.5555555555555556,2.0
Isaiah Hartenstein,47,1137,184,296,0,7,64,105,149,294,443,166,48,36,82,118,432,1,0.631,16.1,3.2,,,2.8,0.524,0.314,0.139,OKC,47,1137,28,14,36,38.9,0.0,7.0,0.0,38.9,0.1216216216216216,1.0,1.1398416886543536,0.2216358839050131,28.0,149.0,349.0,94.0,20.0,12.0,32.0,62.5,37.5,1.0,227.0,91.0,318.0,1690,1164,10,236,412,190,9.8,11.2,4.717678100263853,11.050131926121372,2.9762532981530345,0.633245382585752,0.37994722955145116,1.0131926121372032,0.0316622691292876,7.187335092348285,2.8812664907651717,10.068601583113457,53.50923482849604,36.854881266490764,0.316622691292876,7.472295514511873,13.04485488126649,6.015831134564643,2.3422818791946307,0.8050847457627118,8.816568047337277
Isaiah Jackson,110,1816,302,474,0,6,136,210,226,354,580,104,72,98,116,294,740,3,0.653,16.2,0.8,,,2.4,0.629,0.321,0.038,LAC,55,908,0,0,4,0.0,0.0,2.0,0.0,0.0,0.0084388185654008,0.3333333333333333,0.079295154185022,0.039647577092511,24.0,93.0,211.0,100.0,13.0,6.0,19.0,68.4,31.6,0.0,193.0,87.0,280.0,840,609,9,88,126,67,6.2,8.0,1.8436123348017621,4.182819383259912,1.9823788546255507,0.2577092511013216,0.11894273127753303,0.3766519823788546,0.0,3.8259911894273126,1.724669603524229,5.5506607929515415,16.651982378854626,12.072687224669604,0.17841409691629956,1.7444933920704846,2.497797356828194,1.328193832599119,2.2688172043010755,0.7613636363636364,11.071428571428571
Isaiah Joe,71,1507,247,543,181,428,110,123,33,148,181,94,50,11,45,121,785,1,0.657,18.4,0.5,,,2.4,0.087,0.039,0.087,OKC,71,1507,476,160,365,43.8,156.0,356.0,43.8,65.2,0.6721915285451197,0.8317757009345794,8.719309887193099,8.504313205043132,26.0,25.0,56.0,115.0,11.0,13.0,24.0,45.8,54.2,8.0,64.0,101.0,165.0,1249,1546,31,194,247,133,7.5,10.6,0.59721300597213,1.3377571333775713,2.7471798274717982,0.26277372262773724,0.3105507631055076,0.5733244857332449,0.19110816191108163,1.528865295288653,2.4127405441274052,3.9416058394160585,29.836761778367617,36.931652289316524,0.7405441274054413,4.63437292634373,5.900464499004645,3.177173191771732,2.24,0.6855670103092784,2.00160128102482
Isaiah Livers,36,347,22,64,12,40,9,12,19,42,61,21,13,8,12,28,65,1,0.469,9.9,1.2,,,0.4,0.172,0.141,0.062,PHX,36,347,33,11,32,34.4,11.0,31.0,35.5,51.6,0.5,0.775,3.319884726224784,3.2161383285302594,27.0,9.0,23.0,27.0,4.0,2.0,6.0,66.7,33.3,0.0,44.0,24.0,68.0,274,209,1,37,58,23,7.7,8.4,0.9337175792507204,2.3861671469740635,2.8011527377521612,0.414985590778098,0.207492795389049,0.622478386167147,0.0,4.564841498559078,2.489913544668588,7.054755043227666,28.42651296829971,21.68299711815562,0.1037463976945245,3.838616714697406,6.017291066282421,2.3861671469740635,2.5555555555555554,0.6216216216216216,3.2846715328467155
Isaiah Stevens,3,43,3,7,0,1,4,4,2,1,3,10,5,0,2,2,10,1,0.571,10.6,3.4,,,0.0,0.429,0.286,0.143,SAC,3,43,0,0,2,0.0,0.0,1.0,0.0,0.0,0.2857142857142857,1.0,1.6744186046511629,0.8372093023255814,25.0,1.0,2.0,5.0,0.0,0.0,0.0,0.0,0.0,0.0,0.0,3.0,3.0,88,88,0,18,25,10,11.4,11.4,0.8372093023255814,1.6744186046511629,4.186046511627907,0.0,0.0,0.0,0.0,0.0,2.511627906976744,2.511627906976744,73.67441860465117,73.67441860465117,0.0,15.069767441860465,20.930232558139537,8.372093023255815,2.0,0.5555555555555556,1.1363636363636365
Isaiah Stewart,58,1317,221,402,40,120,99,131,96,194,290,66,16,93,67,166,581,1,0.632,16.6,1.1,,,2.1,0.358,0.333,0.009,DET,58,1317,121,41,119,34.5,39.0,115.0,33.9,50.8,0.2960199004975124,0.9583333333333334,3.252847380410022,3.143507972665148,25.0,86.0,203.0,31.0,10.0,8.0,18.0,55.6,44.4,0.0,384.0,140.0,524.0,950,1015,12,125,171,87,6.9,9.2,2.3507972665148062,5.548974943052392,0.8473804100227791,0.2733485193621868,0.21867881548974943,0.4920273348519362,0.0,10.496583143507973,3.826879271070615,14.323462414578588,25.968109339407746,27.744874715261957,0.32801822323462415,3.416856492027335,4.674259681093394,2.378132118451025,2.36046511627907,0.696,9.052631578947368
Ivica Zubac,96,2892,576,964,0,0,202,284,324,694,1018,210,36,80,172,224,1354,3,0.622,19.2,-0.9,,,3.2,0.461,0.459,0.081,IND,48,1447,20,10,21,47.6,0.0,0.0,,47.6,0.0217842323651452,,0.2614107883817427,0.0,29.0,139.0,335.0,47.0,12.0,8.0,20.0,60.0,40.0,0.0,340.0,99.0,439.0,1626,1414,24,216,263,136,6.5,8.4,1.7302904564315353,4.170124481327801,0.5850622406639004,0.14937759336099585,0.0995850622406639,0.24896265560165975,0.0,4.232365145228216,1.2323651452282158,5.464730290456432,20.240663900414937,17.601659751037346,0.2987551867219917,2.6887966804979255,3.2738589211618256,1.6929460580912863,2.4100719424460433,0.6296296296296297,8.548585485854858
JD Davison,28,218,24,64,8,32,13,19,3,31,34,35,6,6,7,17,69,1,0.477,15.3,1.3,,,0.3,0.078,0.25,0.172,HOU,28,218,18,6,23,26.1,6.0,23.0,26.1,39.1,0.359375,0.71875,3.798165137614679,3.798165137614679,23.0,2.0,4.0,12.0,0.0,3.0,3.0,0.0,100.0,1.0,18.0,17.0,35.0,323,369,3,61,80,39,10.8,12.1,0.3302752293577982,0.6605504587155964,1.981651376146789,0.0,0.4954128440366973,0.4954128440366973,0.1651376146788991,2.9724770642201834,2.8073394495412844,5.779816513761468,53.3394495412844,60.93577981651376,0.4954128440366973,10.073394495412844,13.211009174311927,6.440366972477064,2.0,0.639344262295082,0.6191950464396285
Ja Morant,20,569,132,322,20,85,105,117,8,57,65,161,20,6,71,40,389,1,0.521,32.5,-2.0,,,0.3,0.227,0.258,0.252,MEM,20,569,35,12,36,33.3,11.0,34.0,32.4,48.6,0.1118012422360248,0.4,2.2776801405975395,2.151142355008788,26.0,1.0,2.0,48.0,7.0,4.0,11.0,63.6,36.4,2.0,16.0,18.0,34.0,924,1489,21,295,410,198,17.4,21.4,0.0632688927943761,0.1265377855887522,3.0369068541300526,0.4428822495606327,0.2530755711775044,0.6959578207381371,0.1265377855887522,1.0123022847100176,1.1388400702987698,2.1511423550087874,58.46045694200352,94.20738137082601,1.328646748681898,18.66432337434095,25.9402460456942,12.527240773286467,2.0,0.6711864406779661,0.10822510822510822
Ja'Kobe Walter,72,1474,180,404,110,269,71,90,56,129,185,86,73,14,37,162,541,1,0.61,14.0,1.0,,,1.9,0.205,0.092,0.037,TOR,72,1474,323,108,255,42.4,107.0,252.0,42.5,63.3,0.6311881188118812,0.9368029739776952,6.227951153324288,6.154681139755767,21.0,14.0,30.0,167.0,12.0,17.0,29.0,41.4,58.6,5.0,89.0,97.0,186.0,1256,1184,16,150,212,105,6.8,8.4,0.3419267299864315,0.7327001356852103,4.078697421981004,0.2930800542740841,0.4151967435549525,0.7082767978290366,0.12211668928086838,2.1736770691994574,2.3690637720488468,4.542740841248304,30.67571234735414,28.917232021709633,0.39077340569877883,3.6635006784260518,5.17774762550882,2.564450474898236,2.142857142857143,0.7,1.1146496815286624
Jabari Smith Jr.,77,2705,438,974,177,488,162,209,108,421,529,143,56,71,105,192,1215,1,0.57,18.2,-0.2,,,3.3,0.137,0.147,0.216,HOU,77,2705,488,166,451,36.8,156.0,421.0,37.1,54.1,0.4630390143737166,0.8627049180327869,6.002218114602588,5.602957486136784,23.0,33.0,81.0,117.0,15.0,21.0,36.0,41.7,58.3,0.0,314.0,159.0,473.0,2721,2436,32,256,364,184,5.3,6.8,0.43918669131238447,1.078003696857671,1.5571164510166358,0.19963031423290203,0.27948243992606286,0.47911275415896487,0.0,4.178927911275416,2.1160813308687616,6.295009242144177,36.212939001848426,32.41996303142329,0.4258780036968577,3.4070240295748615,4.844362292051756,2.4487985212569314,2.4545454545454546,0.71875,1.2127894156560088
Jabari Walker,64,762,97,213,32,95,50,68,72,120,192,34,23,13,27,103,276,1,0.568,15.0,-0.6,,,0.8,0.39,0.131,0.033,PHI,64,762,96,32,93,34.4,32.0,91.0,35.2,51.6,0.4366197183098591,0.9578947368421052,4.393700787401575,4.299212598425197,23.0,22.0,49.0,52.0,5.0,6.0,11.0,45.5,54.5,4.0,59.0,40.0,99.0,624,504,9,59,89,47,5.4,7.5,1.0393700787401574,2.3149606299212597,2.456692913385827,0.23622047244094488,0.28346456692913385,0.5196850393700787,0.1889763779527559,2.7874015748031495,1.889763779527559,4.677165354330708,29.480314960629922,23.811023622047244,0.4251968503937008,2.7874015748031495,4.2047244094488185,2.220472440944882,2.227272727272727,0.7966101694915254,3.5256410256410255
Jacob Toppin,5,17,4,6,0,0,0,0,0,1,1,1,0,1,0,1,8,1,0.667,14.7,0.6,,,0.0,0.5,0.167,0.333,ATL,5,17,0,0,0,,0.0,0.0,,,0.0,,0.0,0.0,26.0,1.0,3.0,0.0,0.0,0.0,0.0,0.0,0.0,0.0,1.0,1.0,2.0,29,21,0,3,3,1,3.4,3.4,2.1176470588235294,6.352941176470588,0.0,0.0,0.0,0.0,0.0,2.1176470588235294,2.1176470588235294,4.235294117647059,61.411764705882355,44.470588235294116,0.0,6.352941176470588,6.352941176470588,2.1176470588235294,3.0,0.3333333333333333,3.4482758620689653
Jaden Hardy,114,1796,364,858,208,524,110,150,30,142,172,116,32,12,124,178,1046,3,0.566,24.4,-3.3,,,0.2,0.107,0.145,0.137,WAS,57,898,239,80,198,40.4,79.0,197.0,40.1,60.4,0.2307692307692307,0.3759541984732824,3.968819599109132,3.9487750556792873,23.0,2.0,5.0,36.0,6.0,5.0,11.0,54.5,45.5,3.0,39.0,33.0,72.0,749,1227,10,99,138,71,7.7,9.5,0.0400890868596882,0.10022271714922049,0.7216035634743875,0.12026726057906459,0.10022271714922049,0.22048997772828507,0.060133630289532294,0.7817371937639198,0.6614699331848553,1.443207126948775,15.01336302895323,24.59465478841871,0.20044543429844097,1.9844097995545658,2.7661469933184857,1.423162583518931,2.5,0.7171717171717171,0.26702269692923897
Jaden Ivey,74,1340,228,512,100,268,76,94,48,134,182,136,46,28,82,106,632,3,0.571,19.7,0.2,,,1.7,0.145,0.191,0.141,CHI,37,670,119,40,104,38.5,39.0,101.0,38.6,57.2,0.203125,0.376865671641791,2.7940298507462686,2.713432835820896,24.0,11.0,24.0,38.0,6.0,10.0,16.0,37.5,62.5,0.0,42.0,31.0,73.0,751,952,13,126,163,83,9.1,11.1,0.2955223880597015,0.6447761194029851,1.0208955223880598,0.16119402985074627,0.26865671641791045,0.4298507462686567,0.0,1.128358208955224,0.8328358208955224,1.9611940298507462,20.176119402985076,25.576119402985075,0.3492537313432836,3.3850746268656717,4.37910447761194,2.2298507462686565,2.1818181818181817,0.6587301587301587,1.4647137150466045
Jaden McDaniels,73,2316,417,809,103,250,147,176,76,234,310,199,81,73,131,244,1084,1,0.611,18.5,0.6,,,2.7,0.224,0.278,0.189,MIN,73,2316,214,72,163,44.2,70.0,155.0,45.2,65.6,0.2014833127317676,0.62,2.533678756476684,2.4093264248704664,25.0,19.0,45.0,156.0,20.0,28.0,48.0,41.7,58.3,1.0,275.0,172.0,447.0,2329,2549,48,330,522,273,8.5,11.7,0.29533678756476683,0.6994818652849741,2.4248704663212437,0.31088082901554404,0.43523316062176165,0.7461139896373057,0.015544041450777202,4.274611398963731,2.673575129533679,6.948186528497409,36.2020725388601,39.62176165803109,0.7461139896373057,5.129533678756476,8.1139896373057,4.243523316062176,2.3684210526315788,0.8272727272727273,0.8158007728638901
Jae'Sean Tate,46,405,56,109,10,32,7,11,33,40,73,25,10,3,16,48,129,1,0.567,13.5,-0.7,,,0.4,0.312,0.303,0.092,HOU,46,405,27,9,29,31.0,9.0,29.0,31.0,46.6,0.2660550458715596,0.90625,2.577777777777778,2.577777777777778,30.0,10.0,23.0,23.0,9.0,4.0,13.0,69.2,30.8,2.0,40.0,28.0,68.0,375,361,3,53,66,29,6.7,7.7,0.8888888888888888,2.0444444444444443,2.0444444444444443,0.8,0.35555555555555557,1.1555555555555554,0.17777777777777778,3.5555555555555554,2.488888888888889,6.044444444444444,33.333333333333336,32.08888888888889,0.26666666666666666,4.711111111111111,5.866666666666666,2.577777777777778,2.3,0.5471698113207547,2.6666666666666665
Jahmai Mashack,31,673,77,195,19,75,19,35,23,58,81,69,37,14,49,67,192,1,0.456,16.0,-0.9,,,0.5,0.287,0.272,0.056,MEM,31,673,51,17,65,26.2,17.0,61.0,27.9,39.2,0.3333333333333333,0.8133333333333334,3.4769687964338782,3.263001485884101,23.0,29.0,66.0,87.0,5.0,7.0,12.0,41.7,58.3,1.0,72.0,45.0,117.0,824,947,16,164,178,91,8.4,11.0,1.5512630014858841,3.5304606240713223,4.653789004457653,0.2674591381872214,0.37444279346210996,0.6419019316493314,0.05349182763744428,3.851411589895988,2.4071322436849925,6.258543833580981,44.077265973254086,50.65676077265973,0.8558692421991084,8.772659732540863,9.521545319465082,4.867756315007429,2.2758620689655173,0.5548780487804879,3.5194174757281553
Jahmir Young,14,58,10,25,3,9,2,2,2,2,4,9,1,0,3,7,25,1,0.483,20.3,-1.9,,,0.0,0.24,0.2,0.2,MIA,14,58,9,3,9,33.3,3.0,8.0,37.5,50.0,0.36,0.8888888888888888,5.586206896551724,4.965517241379311,25.0,0.0,0.0,4.0,1.0,0.0,1.0,100.0,0.0,0.0,4.0,6.0,10.0,99,141,6,18,24,16,9.1,16.2,0.0,0.0,2.4827586206896552,0.6206896551724138,0.0,0.6206896551724138,0.0,2.4827586206896552,3.7241379310344827,6.206896551724138,61.44827586206897,87.51724137931035,3.7241379310344827,11.172413793103448,14.89655172413793,9.931034482758621,,0.8888888888888888,0.0
Jahmyl Telfort,8,32,0,4,0,4,1,4,0,3,3,1,1,0,1,5,1,1,0.087,9.4,-1.7,,,0.0,0.0,0.0,0.0,LAC,8,32,0,0,3,0.0,0.0,3.0,0.0,0.0,0.75,0.75,3.375,3.375,25.0,0.0,0.0,1.0,0.0,0.0,0.0,0.0,0.0,0.0,1.0,0.0,1.0,21,21,0,3,3,1,4.8,4.8,0.0,0.0,1.125,0.0,0.0,0.0,0.0,1.125,0.0,1.125,23.625,23.625,0.0,3.375,3.375,1.125,,0.3333333333333333,0.0
Jaime Jaquez Jr.,75,2121,464,915,58,183,166,216,96,279,375,352,51,21,152,137,1152,1,0.57,22.3,-0.1,,,2.0,0.271,0.407,0.122,MIA,75,2121,169,58,171,33.9,53.0,164.0,32.3,49.4,0.1868852459016393,0.8961748633879781,2.9024045261669023,2.783592644978784,25.0,17.0,41.0,108.0,21.0,17.0,38.0,55.3,44.7,0.0,228.0,155.0,383.0,3688,4211,57,683,935,449,9.5,12.2,0.28854314002828857,0.695898161244696,1.833097595473833,0.3564356435643564,0.28854314002828857,0.6449787835926449,0.0,3.86987270155587,2.6308345120226306,6.500707213578501,62.596888260254595,71.47383309759547,0.9674681753889675,11.592644978783593,15.86987270155587,7.620933521923621,2.411764705882353,0.657393850658858,0.4609544468546638
Jake LaRavia,82,2061,240,523,78,243,116,152,116,210,326,145,104,38,87,196,674,1,0.571,14.4,0.5,,,2.1,0.247,0.235,0.054,LAL,82,2061,203,68,209,32.5,67.0,207.0,32.4,48.6,0.3996175908221797,0.8518518518518519,3.650655021834061,3.6157205240174672,24.0,24.0,55.0,257.0,18.0,26.0,44.0,40.9,59.1,2.0,186.0,134.0,320.0,2214,1865,28,229,374,190,6.5,8.6,0.4192139737991266,0.9606986899563319,4.489082969432315,0.314410480349345,0.45414847161572053,0.7685589519650655,0.034934497816593885,3.2489082969432315,2.3406113537117905,5.5895196506550215,38.672489082969435,32.5764192139738,0.4890829694323144,4.0,6.532751091703057,3.3187772925764194,2.2916666666666665,0.8296943231441049,1.084010840108401
Jakob Poeltl,46,1149,217,310,0,0,59,98,114,209,323,93,40,32,57,145,493,1,0.698,15.3,1.4,,,1.8,0.59,0.297,0.113,TOR,46,1149,34,17,33,51.5,0.0,0.0,,51.5,0.1064516129032258,,1.0339425587467364,0.0,30.0,147.0,327.0,115.0,9.0,12.0,21.0,42.9,57.1,2.0,221.0,82.0,303.0,1285,964,19,125,222,117,7.2,9.1,4.605744125326371,10.245430809399478,3.6031331592689293,0.2819843342036554,0.37597911227154046,0.6579634464751958,0.06266318537859007,6.924281984334204,2.569190600522193,9.493472584856397,40.26109660574413,30.203655352480418,0.5953002610966057,3.91644908616188,6.955613577023499,3.6657963446475197,2.2244897959183674,0.936,11.439688715953308
Jalen Brunson,74,2590,689,1475,195,528,354,421,31,216,247,503,57,8,175,170,1927,1,0.58,30.4,-0.9,,,2.2,0.116,0.222,0.304,NYK,74,2590,270,92,232,39.7,86.0,216.0,39.8,58.2,0.1572881355932203,0.4090909090909091,3.224710424710425,3.0023166023166024,29.0,30.0,72.0,108.0,17.0,23.0,40.0,42.5,57.5,29.0,82.0,142.0,224.0,4666,6589,111,883,1277,653,10.8,14.0,0.416988416988417,1.0007722007722009,1.5011583011583012,0.2362934362934363,0.3196911196911197,0.555984555984556,0.40308880308880307,1.1397683397683398,1.9737451737451737,3.1135135135135137,64.85559845559845,91.58455598455599,1.542857142857143,12.273359073359073,17.74980694980695,9.076447876447876,2.4,0.739524348810872,0.6429489927132448
Jalen Duren,70,1976,522,803,0,0,321,430,265,472,737,138,57,59,130,195,1365,1,0.688,23.6,0.5,,,3.8,0.522,0.426,0.052,DET,70,1976,4,2,11,18.2,0.0,0.0,,18.2,0.0136986301369863,,0.2004048582995951,0.0,22.0,186.0,431.0,108.0,35.0,23.0,58.0,60.3,39.7,0.0,415.0,188.0,603.0,2331,1806,21,252,340,175,5.9,7.5,3.388663967611336,7.852226720647773,1.9676113360323886,0.6376518218623481,0.4190283400809717,1.05668016194332,0.0,7.560728744939271,3.425101214574899,10.98582995951417,42.46761133603239,32.902834008097166,0.3825910931174089,4.5910931174089065,6.194331983805668,3.188259109311741,2.317204301075269,0.6944444444444444,7.97940797940798
Jalen Green,32,828,216,512,71,227,65,87,16,100,116,91,34,8,72,42,568,1,0.516,31.9,-0.9,,,1.0,0.223,0.131,0.203,PHX,32,828,108,36,112,32.1,36.0,109.0,33.0,48.2,0.21875,0.4801762114537445,4.869565217391305,4.739130434782608,24.0,3.0,8.0,43.0,5.0,3.0,8.0,62.5,37.5,0.0,46.0,47.0,93.0,842,1471,21,177,244,118,10.8,14.0,0.13043478260869565,0.34782608695652173,1.8695652173913044,0.21739130434782608,0.13043478260869565,0.34782608695652173,0.0,2.0,2.0434782608695654,4.043478260869565,36.608695652173914,63.95652173913044,0.9130434782608695,7.695652173913044,10.608695652173912,5.130434782608695,2.6666666666666665,0.6666666666666666,0.35629453681710216
Jalen Johnson,72,2532,600,1228,120,341,301,382,101,639,740,566,89,31,244,151,1621,1,0.581,27.0,1.4,,,3.9,0.252,0.273,0.1969999999999999,ATL,72,2532,276,97,246,39.4,82.0,216.0,38.0,56.1,0.2003257328990228,0.6334310850439883,3.4976303317535544,3.071090047393365,24.0,46.0,109.0,173.0,19.0,13.0,32.0,59.4,40.6,2.0,202.0,141.0,343.0,4581,4465,53,978,1442,663,12.4,14.5,0.6540284360189573,1.5497630331753554,2.4597156398104265,0.27014218009478674,0.1848341232227488,0.4549763033175355,0.02843601895734597,2.8720379146919433,2.004739336492891,4.876777251184834,65.13270142180095,63.48341232227488,0.7535545023696683,13.90521327014218,20.502369668246445,9.42654028436019,2.369565217391304,0.6779141104294478,1.0041475660336172
Jalen Pickett,50,807,98,232,49,127,15,19,18,96,114,115,13,5,34,42,260,1,0.541,14.8,-1.1,,,0.4,0.103,0.155,0.194,DEN,50,806,114,40,95,42.1,34.0,81.0,42.0,60.0,0.4094827586206896,0.6377952755905512,4.237918215613383,3.613382899628253,26.0,17.0,39.0,25.0,6.0,3.0,9.0,66.7,33.3,0.0,43.0,44.0,87.0,1142,1285,8,222,290,131,10.1,11.5,0.758364312267658,1.7397769516728625,1.1152416356877324,0.26765799256505574,0.13382899628252787,0.40148698884758366,0.0,1.9182156133828996,1.962825278810409,3.8810408921933086,50.94423791821561,57.32342007434944,0.35687732342007433,9.903345724907064,12.936802973977695,5.843866171003717,2.2941176470588234,0.5900900900900901,1.4886164623467601
Jalen Slawson,13,311,34,77,15,40,12,17,7,50,57,36,20,14,17,27,95,1,0.562,13.9,1.8,,,0.4,0.26,0.143,0.078,IND,13,311,42,14,41,34.1,14.0,38.0,36.8,51.2,0.5324675324675324,0.95,4.745980707395498,4.398713826366559,26.0,7.0,16.0,33.0,2.0,0.0,2.0,100.0,0.0,1.0,54.0,25.0,79.0,444,378,2,71,94,41,8.1,9.2,0.8102893890675241,1.8520900321543408,3.819935691318328,0.2315112540192926,0.0,0.2315112540192926,0.1157556270096463,6.2508038585209,2.8938906752411575,9.144694533762058,51.39549839228296,43.755627009646304,0.2315112540192926,8.218649517684888,10.881028938906752,4.745980707395498,2.2857142857142856,0.5774647887323944,1.5765765765765767
Jalen Smith,53,1095,195,404,82,220,69,93,98,257,355,65,24,42,53,111,541,1,0.608,19.0,-0.9,,,1.1,0.329,0.097,0.03,CHI,53,1095,243,82,216,38.0,79.0,205.0,38.5,56.3,0.5346534653465347,0.9318181818181818,7.101369863013699,6.739726027397261,26.0,68.0,156.0,37.0,7.0,11.0,18.0,38.9,61.1,4.0,222.0,94.0,316.0,1270,1179,18,104,168,87,5.1,6.9,2.2356164383561645,5.1287671232876715,1.2164383561643837,0.23013698630136986,0.36164383561643837,0.5917808219178082,0.13150684931506848,7.298630136986302,3.0904109589041098,10.389041095890411,41.75342465753425,38.76164383561644,0.5917808219178082,3.419178082191781,5.523287671232877,2.8602739726027395,2.2941176470588234,0.8365384615384616,5.354330708661418
Jalen Suggs,57,1574,282,649,122,360,100,117,36,184,220,312,105,40,152,145,786,1,0.561,22.9,1.8,,,2.4,0.156,0.128,0.161,ORL,57,1574,254,85,218,39.0,84.0,214.0,39.3,58.3,0.3359013867488444,0.5944444444444444,4.986022871664549,4.894536213468869,25.0,13.0,26.0,192.0,24.0,20.0,44.0,54.5,45.5,6.0,99.0,81.0,180.0,2701,3293,48,486,770,395,11.6,14.6,0.29733163913595934,0.5946632782719187,4.391359593392631,0.5489199491740788,0.45743329097839897,1.0063532401524777,0.1372299872935197,2.264294790343075,1.8526048284625158,4.116899618805591,61.77636594663278,75.3163913595934,1.0978398983481577,11.115628970775095,17.61118170266836,9.03430749682338,2.0,0.8127572016460906,0.48130322102924844
Jalen Williams,33,936,216,446,23,77,108,129,27,125,152,181,39,9,63,65,563,1,0.56,26.2,1.0,,,1.7,0.294,0.26,0.274,OKC,33,936,53,18,55,32.7,17.0,50.0,34.0,48.2,0.1233183856502242,0.6493506493506493,2.1153846153846154,1.9230769230769231,25.0,10.0,25.0,104.0,7.0,10.0,17.0,41.2,58.8,0.0,65.0,40.0,105.0,1200,1674,13,298,463,204,15.1,17.0,0.38461538461538464,0.9615384615384616,4.0,0.2692307692307692,0.38461538461538464,0.6538461538461539,0.0,2.5,1.5384615384615385,4.038461538461538,46.15384615384615,64.38461538461539,0.5,11.461538461538462,17.807692307692307,7.846153846153846,2.5,0.6845637583892618,0.8333333333333334
Jalen Wilson,54,859,110,278,54,152,69,96,17,97,114,50,22,2,38,85,343,1,0.536,18.2,-2.1,,,0.4,0.162,0.237,0.054,BKN,54,859,149,50,143,35.0,49.0,142.0,34.5,52.1,0.5143884892086331,0.9342105263157896,5.993015133876601,5.951105937136205,25.0,14.0,35.0,49.0,7.0,5.0,12.0,58.3,41.7,0.0,52.0,48.0,100.0,825,915,4,106,145,64,6.1,7.8,0.5867287543655413,1.4668218859138533,2.053550640279395,0.29336437718277064,0.20954598370197905,0.5029103608847497,0.0,2.1792782305005822,2.011641443538999,4.190919674039581,34.57508731082654,38.346915017462166,0.16763678696158324,4.4423748544819555,6.076833527357392,2.682188591385332,2.5,0.6037735849056604,1.696969696969697
Jamal Cain,40,486,74,152,28,73,39,46,28,50,78,29,11,4,19,53,215,1,0.624,16.6,-1.0,,,0.4,0.224,0.184,0.112,ORL,40,486,70,24,65,36.9,22.0,62.0,35.5,53.8,0.4276315789473684,0.8493150684931506,4.814814814814815,4.592592592592593,27.0,9.0,20.0,34.0,1.0,1.0,2.0,50.0,50.0,0.0,55.0,40.0,95.0,372,407,3,45,77,34,7.8,9.1,0.6666666666666666,1.4814814814814814,2.5185185185185186,0.07407407407407407,0.07407407407407407,0.14814814814814814,0.0,4.074074074074074,2.962962962962963,7.037037037037037,27.555555555555557,30.14814814814815,0.2222222222222222,3.3333333333333335,5.703703703703703,2.5185185185185186,2.2222222222222223,0.7555555555555555,2.4193548387096775
Jamal Murray,75,2652,657,1360,245,563,346,390,32,298,330,535,66,29,171,131,1905,1,0.622,27.9,-1.4,,,1.7,0.127,0.195,0.264,DEN,75,2652,281,95,207,45.9,91.0,202.0,45.0,67.9,0.1522058823529411,0.3587921847246891,2.809954751131221,2.742081447963801,29.0,30.0,73.0,137.0,16.0,17.0,33.0,48.5,51.5,4.0,163.0,156.0,319.0,3804,5579,110,956,1371,696,14.1,18.3,0.4072398190045249,0.9909502262443439,1.8597285067873304,0.2171945701357466,0.23076923076923078,0.4479638009049774,0.05429864253393665,2.2126696832579187,2.1176470588235294,4.330316742081448,51.63800904977376,75.73303167420815,1.493212669683258,12.97737556561086,18.61085972850679,9.447963800904978,2.433333333333333,0.7280334728033473,0.7886435331230284
Jamal Shead,82,1852,185,504,84,262,91,116,26,117,143,444,76,15,112,162,545,1,0.491,15.5,0.0,,,2.0,0.163,0.198,0.119,TOR,82,1852,190,64,205,31.2,62.0,200.0,31.0,46.3,0.4067460317460317,0.7633587786259542,3.98488120950324,3.887688984881209,23.0,23.0,53.0,168.0,11.0,14.0,25.0,44.0,56.0,6.0,65.0,112.0,177.0,3231,4120,71,790,1103,567,13.7,17.5,0.4470842332613391,1.0302375809935205,3.265658747300216,0.21382289416846653,0.27213822894168466,0.48596112311015116,0.11663066954643629,1.263498920086393,2.1771058315334773,3.4406047516198703,62.80561555075594,80.08639308855291,1.3801295896328294,15.356371490280777,21.44060475161987,11.02159827213823,2.3043478260869565,0.7177215189873418,0.7118539151965336
Jamaree Bouyea,46,644,108,236,23,78,24,35,18,64,82,82,29,16,30,38,263,1,0.523,18.5,1.1,,,0.8,0.191,0.246,0.2329999999999999,PHX,46,644,30,10,40,25.0,10.0,40.0,25.0,37.5,0.1694915254237288,0.5128205128205128,2.2360248447204967,2.2360248447204967,27.0,5.0,13.0,64.0,6.0,5.0,11.0,54.5,45.5,0.0,46.0,34.0,80.0,922,1163,8,163,214,92,8.9,10.0,0.2795031055900621,0.7267080745341615,3.577639751552795,0.33540372670807456,0.2795031055900621,0.6149068322981367,0.0,2.5714285714285716,1.9006211180124224,4.472049689440993,51.54037267080745,65.01242236024845,0.4472049689440994,9.111801242236025,11.962732919254659,5.142857142857143,2.6,0.5644171779141104,0.5422993492407809
James Harden,140,4876,974,2246,430,1146,926,1048,80,592,672,1114,158,56,490,274,3304,3,0.61,28.6,-0.8,,,4.2,0.139,0.224,0.126,CLE,70,2438,165,55,142,38.7,55.0,137.0,40.1,58.1,0.0632235084594835,0.1195462478184991,1.0484003281378178,1.0114848236259228,36.0,6.0,14.0,133.0,22.0,25.0,47.0,46.8,53.2,0.0,91.0,130.0,221.0,3549,5402,82,943,1373,680,15.7,19.2,0.044298605414273995,0.10336341263330599,0.9819524200164069,0.162428219852338,0.184577522559475,0.347005742411813,0.0,0.671862182116489,0.9598031173092699,1.6316652994257588,26.202625102543067,39.88351107465135,0.605414273995078,6.962264150943396,10.136997538966366,5.02050861361772,2.3333333333333335,0.721102863202545,0.16906170752324598
James Wiseman,4,58,6,10,0,0,1,2,5,3,8,3,0,1,5,10,13,1,0.597,11.6,-1.0,,,0.0,0.5,0.4,0.1,IND,4,58,0,0,1,0.0,0.0,0.0,,0.0,0.1,,0.6206896551724138,0.0,25.0,4.0,9.0,0.0,1.0,1.0,2.0,50.0,50.0,0.0,13.0,6.0,19.0,45,31,0,5,8,3,6.7,6.7,2.4827586206896552,5.586206896551724,0.0,0.6206896551724138,0.6206896551724138,1.2413793103448276,0.0,8.068965517241379,3.7241379310344827,11.793103448275861,27.93103448275862,19.24137931034483,0.0,3.103448275862069,4.9655172413793105,1.8620689655172413,2.25,0.6,8.88888888888889
Jamir Watkins,50,1032,132,296,47,158,57,82,49,145,194,67,54,25,40,129,368,1,0.554,15.1,-0.5,,,0.5,0.257,0.172,0.037,WAS,50,1032,123,41,139,29.5,41.0,139.0,29.5,44.2,0.4695945945945945,0.879746835443038,4.848837209302325,4.848837209302325,24.0,14.0,36.0,126.0,2.0,15.0,17.0,11.8,88.2,4.0,116.0,74.0,190.0,882,870,9,116,183,81,7.6,9.2,0.4883720930232558,1.255813953488372,4.395348837209302,0.06976744186046512,0.5232558139534884,0.5930232558139535,0.13953488372093023,4.046511627906977,2.5813953488372094,6.627906976744186,30.767441860465116,30.348837209302324,0.313953488372093,4.046511627906977,6.383720930232558,2.8255813953488373,2.5714285714285716,0.6982758620689655,1.5873015873015872
Jamison Battle,61,517,74,145,35,85,9,14,20,69,89,24,7,3,19,42,192,1,0.635,14.1,-1.0,,,0.5,0.228,0.103,0.082,TOR,61,517,97,33,76,43.4,31.0,74.0,41.9,63.8,0.5241379310344828,0.8705882352941177,5.292069632495164,5.152804642166345,25.0,6.0,13.0,19.0,4.0,3.0,7.0,57.1,42.9,1.0,44.0,16.0,60.0,389,370,6,39,63,34,6.2,8.7,0.41779497098646035,0.9052224371373307,1.323017408123791,0.27852998065764023,0.20889748549323017,0.4874274661508704,0.06963249516441006,3.0638297872340425,1.114119922630561,4.1779497098646035,27.087040618955513,25.76402321083172,0.41779497098646035,2.7156673114119925,4.386847195357833,2.367504835589942,2.1666666666666665,0.8717948717948718,1.5424164524421593
Jarace Walker,76,1953,307,733,133,356,137,183,49,342,391,192,63,26,139,124,884,1,0.543,20.7,-0.7,,,1.5,0.166,0.207,0.141,IND,76,1953,320,107,260,41.2,106.0,257.0,41.2,61.5,0.354706684856753,0.7219101123595506,4.792626728110599,4.7373271889400925,22.0,20.0,47.0,144.0,7.0,14.0,21.0,33.3,66.7,1.0,125.0,92.0,217.0,2174,2182,31,343,480,241,8.8,11.1,0.3686635944700461,0.8663594470046083,2.654377880184332,0.12903225806451613,0.25806451612903225,0.3870967741935484,0.018433179723502304,2.304147465437788,1.695852534562212,4.0,40.07373271889401,40.22119815668203,0.5714285714285714,6.32258064516129,8.847926267281107,4.442396313364055,2.35,0.7026239067055393,0.9199632014719411
Jared McCain,134,2320,408,960,198,514,102,118,46,228,274,180,70,10,112,162,1116,3,0.551,20.7,-0.8,,,2.4,0.16,0.144,0.16,OKC,67,1160,204,68,169,40.2,68.0,167.0,40.7,60.4,0.1760416666666666,0.3249027237354085,2.622413793103448,2.5913793103448275,22.0,16.0,37.0,64.0,15.0,10.0,25.0,60.0,40.0,3.0,74.0,67.0,141.0,1292,1619,28,172,252,131,7.0,10.1,0.2482758620689655,0.5741379310344827,0.993103448275862,0.23275862068965517,0.15517241379310345,0.3879310344827586,0.04655172413793104,1.1482758620689655,1.039655172413793,2.1879310344827587,20.048275862068966,25.122413793103448,0.43448275862068964,2.668965517241379,3.910344827586207,2.032758620689655,2.3125,0.7616279069767442,1.238390092879257
Jaren Jackson Jr.,96,2908,684,1438,168,470,326,406,84,460,544,188,106,138,214,358,1862,3,0.576,26.2,0.5,,,2.7,0.147,0.376,0.15,UTA,48,1455,240,81,217,37.3,78.0,205.0,38.0,55.3,0.150904033379694,0.4361702127659574,2.686382393397524,2.5378266850068774,26.0,45.0,111.0,107.0,12.0,12.0,24.0,50.0,50.0,1.0,289.0,147.0,436.0,1412,1754,22,197,254,125,6.7,8.9,0.5570839064649243,1.37414030261348,1.3246217331499313,0.1485557083906465,0.1485557083906465,0.297111416781293,0.012379642365887207,3.577716643741403,1.8198074277854195,5.3975240715268225,17.480055020632737,21.713892709766164,0.2723521320495186,2.43878954607978,3.144429160935351,1.547455295735901,2.466666666666667,0.6345177664974619,3.186968838526912
Jarred Vanderbilt,65,1128,113,240,29,99,33,56,80,212,292,84,55,19,56,104,288,1,0.544,12.4,0.9,,,1.5,0.425,0.154,0.008,LAL,65,1128,89,30,100,30.0,29.0,98.0,29.6,44.5,0.4166666666666667,0.98989898989899,3.191489361702128,3.127659574468085,27.0,45.0,111.0,103.0,13.0,19.0,32.0,40.6,59.4,0.0,95.0,42.0,137.0,1077,703,10,134,204,103,7.8,9.6,1.4361702127659575,3.5425531914893615,3.2872340425531914,0.4148936170212766,0.6063829787234043,1.0212765957446808,0.0,3.0319148936170213,1.3404255319148937,4.372340425531915,34.37234042553192,22.43617021276596,0.3191489361702128,4.276595744680851,6.51063829787234,3.2872340425531914,2.466666666666667,0.7686567164179104,4.178272980501393
Jarrett Allen,56,1519,337,528,1,10,185,261,144,332,476,100,55,47,75,95,860,1,0.669,19.9,0.4,,,2.2,0.455,0.419,0.108,CLE,56,1519,45,22,57,38.6,1.0,7.0,14.3,39.5,0.1079545454545454,0.7,1.3508887425938116,0.1658986175115207,28.0,142.0,321.0,135.0,22.0,15.0,37.0,59.5,40.5,2.0,355.0,93.0,448.0,1417,1360,16,142,258,128,7.1,9.0,3.3653719552337065,7.6076366030283085,3.1994733377221856,0.521395655036208,0.3554970375246873,0.8768926925608953,0.04739960500329164,8.413429888084266,2.204081632653061,10.617511520737327,33.58262014483213,32.23173140223832,0.37919684002633314,3.3653719552337065,6.114549045424622,3.033574720210665,2.26056338028169,0.9014084507042254,10.021171489061397
Jase Richardson,54,587,89,188,28,79,33,46,21,42,63,58,19,2,25,53,239,1,0.574,16.8,-0.7,,,0.5,0.191,0.277,0.112,ORL,54,587,68,23,57,40.4,22.0,56.0,39.3,59.6,0.3031914893617021,0.7088607594936709,3.495741056218058,3.434412265758092,20.0,2.0,4.0,31.0,5.0,6.0,11.0,45.5,54.5,1.0,49.0,17.0,66.0,667,805,6,96,143,69,8.7,10.3,0.12265758091993186,0.2453151618398637,1.9011925042589437,0.30664395229982966,0.3679727427597956,0.6746166950596252,0.06132879045996593,3.0051107325383306,1.0425894378194207,4.047700170357751,40.90630323679727,49.369676320272575,0.3679727427597956,5.887563884156729,8.770017035775128,4.231686541737649,2.0,0.71875,0.29985007496251875
Javon Small,41,830,134,288,60,142,68,82,36,92,128,151,34,9,56,65,396,1,0.611,19.0,-0.6,,,0.5,0.177,0.212,0.118,MEM,41,830,61,21,46,45.7,19.0,42.0,45.2,66.3,0.1597222222222222,0.2957746478873239,1.9951807228915663,1.821686746987952,23.0,3.0,6.0,75.0,7.0,7.0,14.0,50.0,50.0,0.0,39.0,69.0,108.0,1179,1648,10,271,389,171,12.8,14.5,0.13012048192771083,0.26024096385542167,3.253012048192771,0.3036144578313253,0.3036144578313253,0.6072289156626506,0.0,1.691566265060241,2.9927710843373494,4.68433734939759,51.13734939759036,71.47951807228915,0.43373493975903615,11.75421686746988,16.872289156626508,7.416867469879518,2.0,0.6309963099630996,0.2544529262086514
Javonte Cooke,19,94,9,41,3,23,2,2,4,15,19,7,6,0,9,6,23,1,0.275,22.0,-1.1,,,0.1,0.171,0.244,0.024,POR,19,94,6,2,16,12.5,2.0,16.0,12.5,18.8,0.3902439024390244,0.6956521739130435,6.127659574468085,6.127659574468085,26.0,0.0,0.0,7.0,2.0,0.0,2.0,100.0,0.0,0.0,6.0,0.0,6.0,110,142,1,16,15,9,6.4,8.2,0.0,0.0,2.6808510638297873,0.7659574468085106,0.0,0.7659574468085106,0.0,2.297872340425532,0.0,2.297872340425532,42.12765957446808,54.38297872340426,0.3829787234042553,6.127659574468085,5.74468085106383,3.4468085106382977,,0.5625,0.0
Javonte Green,82,1446,185,414,94,247,105,125,62,168,230,56,102,25,45,107,569,1,0.607,14.8,2.4,,,2.7,0.2,0.171,0.031,DET,82,1446,271,91,235,38.7,89.0,229.0,38.9,57.7,0.5676328502415459,0.9271255060728744,5.850622406639004,5.7012448132780085,32.0,16.0,35.0,207.0,17.0,31.0,48.0,35.4,64.6,0.0,70.0,71.0,141.0,1435,1253,14,118,143,81,3.9,5.6,0.3983402489626556,0.8713692946058091,5.153526970954357,0.42323651452282157,0.7717842323651453,1.1950207468879668,0.0,1.7427385892116183,1.7676348547717842,3.5103734439834025,35.726141078838175,31.195020746887966,0.34854771784232363,2.9377593360995853,3.5601659751037342,2.016597510373444,2.1875,0.6864406779661016,1.1149825783972125
Jaxson Hayes,66,1207,198,262,3,3,98,150,99,172,271,59,29,52,31,127,497,1,0.758,13.0,0.4,,,1.2,0.695,0.282,0.011,LAL,66,1207,13,5,7,71.4,3.0,3.0,100.0,92.9,0.0267175572519083,1.0,0.2087821043910522,0.0894780447390223,26.0,143.0,331.0,73.0,6.0,10.0,16.0,37.5,62.5,1.0,247.0,129.0,376.0,974,813,8,100,155,71,6.1,7.3,4.2651201325600665,9.872410936205467,2.1772990886495442,0.17895608947804473,0.2982601491300746,0.4772162386081193,0.029826014913007456,7.367025683512842,3.847555923777962,11.214581607290803,29.050538525269264,24.248550124275063,0.23860811930405965,2.9826014913007457,4.623032311516155,2.1176470588235294,2.3146853146853146,0.71,14.681724845995893
Jay Huff,82,1719,291,611,119,373,82,99,73,251,324,121,41,153,76,196,783,1,0.598,18.0,1.3,,,1.9,0.25,0.123,0.016,IND,82,1719,343,115,363,31.7,113.0,358.0,31.6,47.2,0.5941080196399345,0.9597855227882036,7.602094240837697,7.49738219895288,28.0,145.0,325.0,70.0,12.0,8.0,20.0,60.0,40.0,1.0,533.0,167.0,700.0,1653,1686,22,181,310,149,7.3,9.0,3.0366492146596857,6.806282722513089,1.4659685863874345,0.2513089005235602,0.16753926701570682,0.418848167539267,0.020942408376963352,11.162303664921465,3.4973821989528795,14.659685863874346,34.617801047120416,35.30890052356021,0.4607329842931937,3.7905759162303663,6.492146596858639,3.1204188481675392,2.2413793103448274,0.8232044198895028,8.771929824561404
Jaylen Brown,71,2443,736,1543,140,404,426,536,81,411,492,364,72,27,259,191,2038,1,0.573,36.2,-0.1,,,3.4,0.16,0.262,0.316,BOS,71,2443,188,64,189,33.9,60.0,176.0,34.1,49.7,0.1224886584575502,0.4356435643564356,2.7851002865329515,2.593532541956611,29.0,25.0,62.0,128.0,35.0,23.0,58.0,60.3,39.7,1.0,127.0,203.0,330.0,2663,4139,62,919,949,445,13.7,16.7,0.3683995088006549,0.9136307818256242,1.8862054850593533,0.5157593123209169,0.3389275480966025,0.8546868604175194,0.014735980352026197,1.871469504707327,2.991404011461318,4.862873516168645,39.24191567744576,60.99222267703643,0.9136307818256242,13.542365943512076,13.98444535407286,6.557511256651658,2.48,0.4842219804134929,0.938790837401427
Jaylen Clark,68,888,99,228,33,101,44,67,54,66,120,43,47,9,23,87,275,1,0.534,13.3,0.7,,,1.0,0.285,0.206,0.066,MIN,68,888,93,31,93,33.3,31.0,93.0,33.3,50.0,0.4078947368421052,0.9207920792079208,3.77027027027027,3.77027027027027,24.0,13.0,32.0,89.0,9.0,7.0,16.0,56.3,43.8,0.0,97.0,54.0,151.0,528,562,11,74,104,56,8.1,10.6,0.527027027027027,1.2972972972972974,3.608108108108108,0.36486486486486486,0.28378378378378377,0.6486486486486487,0.0,3.9324324324324325,2.189189189189189,6.121621621621622,21.405405405405407,22.783783783783782,0.44594594594594594,3.0,4.216216216216216,2.27027027027027,2.4615384615384617,0.7567567567567568,2.462121212121212
Jaylen Wells,69,1821,301,698,129,365,134,171,61,159,220,111,61,9,74,148,865,1,0.559,19.3,-1.4,,,0.7,0.152,0.142,0.183,MEM,69,1821,331,113,300,37.7,105.0,282.0,37.2,55.2,0.4297994269340974,0.7726027397260274,5.930807248764415,5.57495881383855,22.0,18.0,40.0,113.0,13.0,21.0,34.0,38.2,61.8,0.0,130.0,112.0,242.0,1229,1779,27,209,277,142,9.0,11.6,0.35584843492586493,0.7907742998352554,2.2339373970345964,0.257001647446458,0.41515650741350907,0.6721581548599671,0.0,2.57001647446458,2.214168039538715,4.784184514003295,24.296540362438222,35.16968698517298,0.5337726523887973,4.13179571663921,5.476112026359143,2.8072487644151565,2.2222222222222223,0.6794258373205742,1.4646053702196908
Jaylin Williams,65,1277,149,352,98,256,73,92,32,326,358,158,31,42,67,127,469,1,0.597,15.6,2.8,,,2.8,0.119,0.088,0.066,OKC,65,1277,294,100,256,39.1,94.0,247.0,38.1,57.4,0.7272727272727273,0.96484375,7.216914643696163,6.963194988253719,24.0,95.0,214.0,61.0,7.0,9.0,16.0,43.8,56.3,17.0,313.0,160.0,473.0,2200,1641,11,253,398,177,7.2,8.0,2.678151918559123,6.032889584964761,1.7196554424432262,0.19733750978856696,0.25371965544244324,0.4510571652310102,0.4792482380579483,8.823805794831637,4.510571652310102,13.334377447141739,62.0203602192639,46.26155050900548,0.3101018010963195,7.1323414252153485,11.220046985121378,4.98981989036805,2.2526315789473683,0.6996047430830039,4.318181818181818
Jaylon Tyson,66,1777,330,670,133,298,79,107,118,220,338,147,54,28,99,164,872,1,0.608,19.3,-0.5,,,1.7,0.279,0.216,0.06,CLE,66,1777,390,132,299,44.1,126.0,281.0,44.8,65.2,0.4462686567164179,0.9429530201342282,6.0574001125492405,5.692740574001125,23.0,35.0,80.0,115.0,16.0,17.0,33.0,48.5,51.5,0.0,172.0,131.0,303.0,1816,2146,31,260,382,188,8.1,10.4,0.7090602138435566,1.6207090602138436,2.3297692740574,0.3241418120427687,0.34440067529544177,0.6685424873382104,0.0,3.484524479459764,2.6539110861001687,6.1384355655599325,36.79009566685425,43.47552054023635,0.6280247608328644,5.267304445694991,7.738885762521103,3.8086662915025324,2.2857142857142856,0.7230769230769231,1.9273127753303965
Jayson Kent,5,22,4,7,1,4,1,1,0,5,5,0,1,1,0,1,10,1,0.672,13.8,3.6,,,0.0,0.429,0.0,0.0,POR,5,22,3,1,4,25.0,1.0,4.0,25.0,37.5,0.5714285714285714,1.0,6.545454545454546,6.545454545454546,24.0,0.0,0.0,1.0,0.0,2.0,2.0,0.0,100.0,0.0,2.0,0.0,2.0,11,11,0,0,0,0,0.0,0.0,0.0,0.0,1.6363636363636365,0.0,3.272727272727273,3.272727272727273,0.0,3.272727272727273,0.0,3.272727272727273,18.0,18.0,0.0,0.0,0.0,0.0,,,0.0
Jayson Tatum,16,522,118,287,47,143,65,79,8,152,160,85,22,3,39,26,348,1,0.541,30.0,1.8,,,1.0,0.171,0.167,0.164,BOS,16,522,34,12,37,32.4,10.0,33.0,30.3,45.9,0.1289198606271777,0.2307692307692307,2.5517241379310347,2.2758620689655173,28.0,10.0,24.0,33.0,2.0,3.0,5.0,40.0,60.0,0.0,17.0,29.0,46.0,878,901,19,195,210,108,9.7,12.3,0.6896551724137931,1.6551724137931034,2.2758620689655173,0.13793103448275862,0.20689655172413793,0.3448275862068966,0.0,1.1724137931034482,2.0,3.1724137931034484,60.55172413793103,62.13793103448276,1.3103448275862069,13.448275862068966,14.482758620689655,7.448275862068965,2.4,0.5538461538461539,1.1389521640091116
Jeff Green,30,175,25,68,12,44,5,5,7,18,25,8,2,2,4,12,67,1,0.477,17.8,-2.2,,,0.1,0.118,0.088,0.148,HOU,30,175,32,11,39,28.2,10.0,38.0,26.3,41.0,0.5735294117647058,0.8636363636363636,8.022857142857143,7.817142857142857,39.0,5.0,11.0,6.0,0.0,0.0,0.0,0.0,0.0,0.0,15.0,28.0,43.0,117,140,2,14,22,12,6.8,10.3,1.0285714285714285,2.262857142857143,1.2342857142857142,0.0,0.0,0.0,0.0,3.085714285714286,5.76,8.845714285714285,24.068571428571428,28.8,0.4114285714285714,2.88,4.525714285714286,2.4685714285714284,2.2,0.8571428571428571,4.273504273504273
Jerami Grant,57,1695,331,730,136,350,262,322,55,143,198,122,42,36,119,142,1060,1,0.608,23.8,-0.9,,,1.4,0.234,0.2,0.086,POR,57,1695,362,121,323,37.5,120.0,318.0,37.7,56.0,0.4424657534246575,0.9085714285714286,6.860176991150443,6.753982300884956,32.0,16.0,39.0,75.0,18.0,13.0,31.0,58.1,41.9,2.0,101.0,79.0,180.0,1567,2172,15,249,321,145,7.8,9.3,0.3398230088495575,0.8283185840707965,1.592920353982301,0.3823008849557522,0.2761061946902655,0.6584070796460177,0.04247787610619469,2.145132743362832,1.6778761061946903,3.8230088495575223,33.28141592920354,46.130973451327435,0.3185840707964602,5.288495575221239,6.817699115044248,3.079646017699115,2.4375,0.5823293172690763,1.021059349074665
Jeremiah Fears,82,2112,437,1006,101,306,194,246,60,240,300,279,97,30,178,151,1169,1,0.525,25.5,-1.3,,,1.4,0.326,0.222,0.148,NOP,82,2112,186,62,189,32.8,62.0,185.0,33.5,49.2,0.1878727634194831,0.6045751633986928,3.221590909090909,3.153409090909091,19.0,6.0,13.0,211.0,12.0,20.0,32.0,37.5,62.5,1.0,127.0,140.0,267.0,3130,4504,56,466,694,358,8.9,11.4,0.10227272727272728,0.2215909090909091,3.596590909090909,0.20454545454545456,0.3409090909090909,0.5454545454545454,0.017045454545454544,2.164772727272727,2.3863636363636362,4.551136363636363,53.35227272727273,76.77272727272727,0.9545454545454546,7.943181818181818,11.829545454545455,6.1022727272727275,2.1666666666666665,0.7682403433476395,0.19169329073482427
Jeremiah Robinson-Earl,44,722,74,200,20,82,34,36,72,134,206,30,18,2,24,52,202,3,0.468,14.1,-1.7,,,0.6,0.35,0.16,0.08,DAL,22,361,34,12,44,27.3,10.0,41.0,24.4,38.6,0.22,0.5,2.193905817174515,2.044321329639889,25.0,6.0,15.0,12.0,6.0,1.0,7.0,85.7,14.3,0.0,38.0,30.0,68.0,355,220,3,33,36,18,4.2,5.1,0.29916897506925205,0.7479224376731302,0.5983379501385041,0.29916897506925205,0.04986149584487535,0.3490304709141274,0.0,1.894736842105263,1.4958448753462603,3.3905817174515236,17.700831024930746,10.969529085872576,0.14958448753462603,1.6454293628808865,1.7950138504155124,0.8975069252077562,2.5,0.5454545454545454,1.6901408450704225
Jeremy Sochan,88,938,128,258,22,90,38,52,74,140,214,80,34,14,42,124,316,3,0.563,14.6,1.1,,,1.4,0.426,0.186,0.039,NYK,44,469,41,15,51,29.4,11.0,45.0,24.4,40.2,0.1976744186046511,0.5,1.9573560767590616,1.7270788912579955,23.0,38.0,87.0,41.0,8.0,8.0,16.0,50.0,50.0,0.0,64.0,26.0,90.0,514,455,5,86,109,50,7.8,9.7,1.4584221748400852,3.3390191897654584,1.5735607675906182,0.3070362473347548,0.3070362473347548,0.6140724946695096,0.0,2.4562899786780386,0.997867803837953,3.4541577825159915,19.727078891257996,17.46268656716418,0.19189765458422176,3.300639658848614,4.183368869936034,1.9189765458422174,2.289473684210526,0.5813953488372093,7.392996108949417
Jericho Sims,67,1318,145,185,0,0,44,71,147,223,370,104,19,17,75,146,334,1,0.772,9.8,-0.9,,,0.7,0.816,0.146,0.038,MIL,67,1318,4,2,6,33.3,0.0,0.0,,33.3,0.0324324324324324,,0.1638846737481032,0.0,27.0,134.0,309.0,39.0,8.0,12.0,20.0,40.0,60.0,0.0,166.0,85.0,251.0,1681,1236,23,174,272,128,6.2,7.6,3.660091047040971,8.440060698027315,1.0652503793626706,0.21851289833080426,0.3277693474962064,0.5462822458270106,0.0,4.5341426403641885,2.3216995447647952,6.855842185128983,45.91502276176024,33.76024279210926,0.6282245827010622,4.7526555386949925,7.429438543247344,3.496206373292868,2.3059701492537314,0.735632183908046,7.971445568114218
Jett Howard,55,695,105,251,54,145,37,39,23,64,87,45,10,11,15,66,301,1,0.561,17.2,-1.1,,,0.5,0.167,0.187,0.068,ORL,55,695,132,44,116,37.9,44.0,116.0,37.9,56.9,0.4621513944223107,0.8,6.00863309352518,6.00863309352518,22.0,4.0,8.0,31.0,7.0,5.0,12.0,58.3,41.7,0.0,70.0,31.0,101.0,452,603,6,87,112,56,10.0,12.4,0.20719424460431654,0.4143884892086331,1.6057553956834532,0.36258992805755397,0.2589928057553957,0.6215827338129496,0.0,3.6258992805755397,1.6057553956834532,5.231654676258993,23.41294964028777,31.23453237410072,0.3107913669064748,4.506474820143885,5.8014388489208635,2.9007194244604317,2.0,0.6436781609195402,0.8849557522123894
Jevon Carter,106,1734,246,614,156,430,30,38,28,150,178,174,80,20,72,114,678,3,0.537,17.0,0.4,,,1.7,0.072,0.052,0.175,ORL,53,867,157,53,143,37.1,51.0,139.0,36.7,54.9,0.2328990228013029,0.3232558139534883,2.968858131487889,2.885813148788927,30.0,4.0,9.0,82.0,6.0,7.0,13.0,46.2,53.8,0.0,39.0,62.0,101.0,1269,1508,22,164,220,118,6.9,9.3,0.08304498269896193,0.18685121107266436,1.7024221453287198,0.1245674740484429,0.1453287197231834,0.2698961937716263,0.0,0.8096885813148789,1.28719723183391,2.096885813148789,26.346020761245676,31.30795847750865,0.45674740484429066,3.4048442906574397,4.567474048442906,2.449826989619377,2.25,0.7195121951219512,0.31520882584712373
Jimmy Butler,38,1182,240,462,32,85,248,287,88,123,211,185,55,8,60,46,760,1,0.646,23.3,0.5,,,1.1,0.342,0.303,0.1709999999999999,GSW,38,1182,73,26,71,36.6,21.0,56.0,37.5,51.4,0.1536796536796536,0.6588235294117647,2.1624365482233503,1.7055837563451777,36.0,36.0,93.0,93.0,19.0,14.0,33.0,57.6,42.4,1.0,42.0,48.0,90.0,1679,1968,40,393,495,237,11.0,14.1,1.0964467005076142,2.83248730964467,2.83248730964467,0.5786802030456852,0.4263959390862944,1.0050761421319796,0.030456852791878174,1.2791878172588833,1.4619289340101522,2.7411167512690353,51.13705583756345,59.93908629441624,1.218274111675127,11.969543147208121,15.076142131979696,7.218274111675127,2.5833333333333335,0.6030534351145038,2.144133412745682
Joan Beringer,40,314,65,98,0,0,26,37,45,47,92,12,7,26,11,47,156,1,0.683,16.8,0.2,,,0.5,0.806,0.194,0.0,MIN,40,314,0,0,0,,0.0,0.0,,,0.0,,0.0,0.0,19.0,31.0,72.0,16.0,4.0,0.0,4.0,100.0,0.0,0.0,102.0,32.0,134.0,247,187,6,15,30,18,4.9,7.3,3.554140127388535,8.254777070063694,1.8343949044585988,0.4585987261146497,0.0,0.4585987261146497,0.0,11.694267515923567,3.6687898089171975,15.363057324840764,28.318471337579616,21.43949044585987,0.6878980891719745,1.7197452229299364,3.4394904458598727,2.0636942675159236,2.3225806451612905,1.2,12.550607287449393
Jock Landale,136,3012,564,1096,148,386,160,252,366,408,774,230,70,72,120,300,1436,3,0.595,18.3,-1.0,,,2.2,0.334,0.237,0.077,ATL,68,1506,239,84,217,38.7,71.0,185.0,38.4,55.1,0.197992700729927,0.4792746113989637,2.593625498007968,2.211155378486056,30.0,143.0,339.0,68.0,14.0,8.0,22.0,63.6,36.4,1.0,284.0,67.0,351.0,1480,1484,19,192,306,143,7.8,9.7,1.7091633466135459,4.051792828685259,0.8127490039840638,0.16733067729083664,0.09561752988047809,0.26294820717131473,0.01195219123505976,3.394422310756972,0.8007968127490039,4.195219123505976,17.689243027888445,17.737051792828684,0.22709163346613545,2.2948207171314743,3.6573705179282867,1.7091633466135459,2.370629370629371,0.7447916666666666,9.662162162162161
Joe Ingles,27,153,16,27,7,16,2,2,0,19,19,34,9,2,14,9,41,1,0.735,11.5,1.4,,,0.2,0.222,0.074,0.111,MIN,27,153,11,4,9,44.4,3.0,8.0,37.5,61.1,0.3333333333333333,0.5,2.117647058823529,1.8823529411764703,38.0,1.0,2.0,10.0,0.0,1.0,1.0,0.0,100.0,0.0,6.0,5.0,11.0,223,214,4,45,79,41,15.2,18.4,0.23529411764705882,0.47058823529411764,2.3529411764705883,0.0,0.23529411764705882,0.23529411764705882,0.0,1.411764705882353,1.1764705882352942,2.588235294117647,52.470588235294116,50.35294117647059,0.9411764705882353,10.588235294117647,18.58823529411765,9.647058823529411,2.0,0.9111111111111111,0.4484304932735426
Joel Embiid,38,1201,341,697,53,159,286,335,75,218,293,150,21,46,109,82,1021,1,0.605,33.5,-0.2,,,1.3,0.224,0.149,0.399,PHI,38,1201,235,96,211,45.5,43.0,124.0,34.7,55.7,0.3027259684361549,0.779874213836478,6.324729392173189,3.716902581182348,32.0,139.0,336.0,35.0,13.0,6.0,19.0,68.4,31.6,1.0,235.0,72.0,307.0,1647,2078,21,271,392,187,9.1,11.4,4.166527893422148,10.071606994171523,1.0491257285595337,0.3896752706078268,0.17985012489592006,0.5695253955037469,0.02997502081598668,7.044129891756869,2.158201498751041,9.20233139050791,49.36885928393006,62.28809325562032,0.6294754371357202,8.12323064113239,11.750208159866778,5.605328892589509,2.41726618705036,0.6900369003690037,8.439587128111718
John Collins,69,1872,364,659,89,219,118,154,110,257,367,70,60,51,95,187,935,1,0.643,19.5,-0.5,,,1.8,0.281,0.275,0.112,LAC,69,1871,281,98,226,43.4,85.0,204.0,41.7,62.2,0.3429438543247344,0.9315068493150684,4.346153846153846,3.923076923076923,28.0,43.0,104.0,116.0,16.0,15.0,31.0,51.6,48.4,1.0,195.0,185.0,380.0,1697,1477,11,123,175,84,4.1,4.9,0.8269230769230769,2.0,2.230769230769231,0.3076923076923077,0.28846153846153844,0.5961538461538461,0.019230769230769232,3.75,3.5576923076923075,7.3076923076923075,32.63461538461539,28.403846153846153,0.21153846153846154,2.3653846153846154,3.3653846153846154,1.6153846153846154,2.4186046511627906,0.6829268292682927,2.53388332351208
John Konchar,112,2230,188,398,56,198,64,88,148,332,480,236,166,76,70,158,496,3,0.568,9.4,2.2,,,2.4,0.291,0.166,0.045,UTA,56,1115,80,27,95,28.4,26.0,92.0,28.3,42.1,0.2386934673366834,0.4646464646464646,1.5336322869955157,1.485201793721973,30.0,32.0,70.0,149.0,14.0,20.0,34.0,41.2,58.8,1.0,96.0,78.0,174.0,1340,954,17,228,290,143,8.8,10.7,0.5165919282511211,1.1300448430493273,2.4053811659192825,0.22600896860986547,0.32286995515695066,0.5488789237668161,0.016143497757847534,1.5497757847533633,1.2591928251121076,2.8089686098654707,21.632286995515695,15.400896860986547,0.27443946188340806,3.6807174887892375,4.681614349775785,2.3085201793721972,2.1875,0.6271929824561403,2.388059701492537
John Poulakidas,13,253,39,91,31,77,6,7,4,26,30,11,7,4,4,28,115,1,0.611,16.2,-1.2,,,0.2,0.011,0.011,0.132,DAL,13,253,68,23,56,41.1,22.0,55.0,40.0,60.7,0.6153846153846154,0.7142857142857143,7.968379446640316,7.826086956521739,23.0,10.0,22.0,11.0,2.0,2.0,4.0,50.0,50.0,0.0,24.0,16.0,40.0,180,186,3,25,29,14,6.1,7.8,1.4229249011857708,3.130434782608696,1.565217391304348,0.2845849802371542,0.2845849802371542,0.5691699604743083,0.0,3.4150197628458496,2.2766798418972334,5.691699604743083,25.612648221343875,26.466403162055336,0.4268774703557312,3.5573122529644268,4.126482213438735,1.992094861660079,2.2,0.56,5.555555555555555
John Tonje,6,42,4,14,3,10,4,4,0,6,6,2,2,0,0,5,15,1,0.476,16.3,1.2,,,0.1,0.143,0.143,0.0,BOS,6,42,6,2,9,22.2,2.0,9.0,22.2,33.3,0.6428571428571429,0.9,7.714285714285714,7.714285714285714,25.0,0.0,0.0,3.0,0.0,1.0,1.0,0.0,100.0,0.0,1.0,4.0,5.0,32,30,1,2,7,4,6.3,12.5,0.0,0.0,2.5714285714285716,0.0,0.8571428571428571,0.8571428571428571,0.0,0.8571428571428571,3.4285714285714284,4.285714285714286,27.428571428571427,25.714285714285715,0.8571428571428571,1.7142857142857142,6.0,3.4285714285714284,,2.0,0.0
Johni Broome,11,55,4,24,0,5,2,6,7,9,16,4,3,2,3,7,10,1,0.188,22.8,-4.4,,,0.1,0.333,0.333,0.125,PHI,11,55,0,0,8,0.0,0.0,5.0,0.0,0.0,0.3333333333333333,1.0,5.236363636363636,3.272727272727273,23.0,3.0,6.0,5.0,2.0,0.0,2.0,100.0,0.0,0.0,16.0,5.0,21.0,61,57,1,6,8,5,6.6,8.2,1.9636363636363636,3.9272727272727272,3.272727272727273,1.309090909090909,0.0,1.309090909090909,0.0,10.472727272727273,3.272727272727273,13.745454545454546,39.92727272727273,37.30909090909091,0.6545454545454545,3.9272727272727272,5.236363636363636,3.272727272727273,2.0,0.8333333333333334,4.918032786885246
Johnny Furphy,35,643,70,149,23,71,17,35,32,121,153,41,20,7,29,65,180,1,0.547,12.8,0.2,,,0.5,0.302,0.208,0.013,IND,35,643,66,22,68,32.4,22.0,67.0,32.8,48.5,0.4563758389261745,0.943661971830986,3.807153965785381,3.751166407465008,21.0,16.0,36.0,36.0,6.0,9.0,15.0,40.0,60.0,0.0,97.0,23.0,120.0,753,534,6,57,95,48,5.4,6.4,0.895800933125972,2.015552099533437,2.015552099533437,0.3359253499222395,0.5038880248833593,0.8398133748055988,0.0,5.430793157076205,1.2877138413685847,6.7185069984447905,42.15863141524106,29.897356143079314,0.3359253499222395,3.191290824261275,5.318818040435459,2.687402799377916,2.25,0.8421052631578947,2.1248339973439574
Johnny Juzang,21,88,16,38,6,24,5,8,5,12,17,6,2,1,5,3,43,1,0.518,22.3,-1.7,,,0.1,0.105,0.079,0.185,MIN,21,88,12,4,17,23.5,4.0,17.0,23.5,35.3,0.4473684210526316,0.7083333333333334,6.954545454545454,6.954545454545454,25.0,1.0,3.0,6.0,1.0,0.0,1.0,100.0,0.0,0.0,8.0,4.0,12.0,71,77,0,8,17,7,8.5,9.9,0.4090909090909091,1.2272727272727273,2.4545454545454546,0.4090909090909091,0.0,0.4090909090909091,0.0,3.272727272727273,1.6363636363636365,4.909090909090909,29.045454545454547,31.5,0.0,3.272727272727273,6.954545454545454,2.8636363636363638,3.0,0.875,1.408450704225352
Jonas Valančiūnas,65,871,227,390,8,26,105,136,105,224,329,78,14,37,73,133,567,1,0.63,26.1,-0.5,,,1.1,0.333,0.387,0.213,DEN,65,871,75,34,72,47.2,7.0,22.0,31.8,52.1,0.1846153846153846,0.8461538461538461,2.975889781859931,0.9092996555683124,34.0,97.0,225.0,18.0,7.0,6.0,13.0,53.8,46.2,0.0,213.0,48.0,261.0,1195,1115,11,107,199,98,6.5,8.2,4.00918484500574,9.299655568312284,0.7439724454649828,0.2893226176808266,0.24799081515499427,0.5373134328358209,0.0,8.803673938002296,1.9839265212399542,10.78760045924225,49.39150401836969,46.0849598163031,0.45464982778415614,4.422502870264064,8.225028702640643,4.050516647531573,2.3195876288659796,0.9158878504672897,8.117154811715482
Jonathan Isaac,52,521,46,109,7,38,35,58,43,89,132,22,20,31,18,41,134,1,0.498,12.4,1.3,,,0.8,0.404,0.165,0.0829999999999999,ORL,52,521,23,8,40,20.0,7.0,37.0,18.9,28.8,0.3669724770642202,0.9736842105263158,2.763915547024952,2.5566218809980805,28.0,26.0,62.0,62.0,1.0,3.0,4.0,25.0,75.0,0.0,98.0,36.0,134.0,450,284,4,36,57,28,4.9,6.2,1.7965451055662187,4.2840690978886755,4.2840690978886755,0.0690978886756238,0.2072936660268714,0.2763915547024952,0.0,6.771593090211132,2.487523992322457,9.259117082533589,31.09404990403071,19.62380038387716,0.2763915547024952,2.487523992322457,3.9385796545105567,1.9347408829174664,2.3846153846153846,0.7777777777777778,5.777777777777778
Jonathan Kuminga,72,1660,314,678,70,210,178,246,98,306,404,166,44,22,134,110,876,3,0.557,23.4,-0.5,,,1.8,0.271,0.26,0.159,ATL,36,830,82,28,85,32.9,26.0,82.0,31.7,48.2,0.1253687315634218,0.3904761904761905,1.843373493975904,1.7783132530120482,23.0,15.0,34.0,67.0,8.0,7.0,15.0,53.3,46.7,1.0,82.0,51.0,133.0,998,1129,11,158,209,98,8.3,9.8,0.3253012048192771,0.7373493975903614,1.453012048192771,0.17349397590361446,0.15180722891566265,0.3253012048192771,0.021686746987951807,1.7783132530120482,1.106024096385542,2.8843373493975903,21.643373493975904,24.48433734939759,0.2385542168674699,3.4265060240963856,4.532530120481928,2.125301204819277,2.2666666666666666,0.620253164556962,1.503006012024048
Jonathan Mogbo,40,249,26,44,0,1,9,14,19,49,68,25,11,8,14,26,61,1,0.608,11.1,1.9,,,0.4,0.545,0.364,0.068,TOR,40,249,0,0,2,0.0,0.0,1.0,0.0,0.0,0.0454545454545454,1.0,0.2891566265060241,0.144578313253012,24.0,19.0,43.0,36.0,1.0,3.0,4.0,25.0,75.0,0.0,35.0,16.0,51.0,276,176,0,46,64,28,9.1,10.1,2.746987951807229,6.216867469879518,5.204819277108434,0.14457831325301204,0.43373493975903615,0.5783132530120482,0.0,5.0602409638554215,2.3132530120481927,7.373493975903615,39.903614457831324,25.44578313253012,0.0,6.650602409638554,9.25301204819277,4.048192771084337,2.263157894736842,0.6086956521739131,6.884057971014493
Jordan Clarkson,72,1279,237,526,70,214,78,94,62,65,127,96,30,9,63,123,622,1,0.548,21.1,-1.4,,,1.0,0.183,0.27,0.141,NYK,72,1279,184,62,174,35.6,60.0,168.0,35.7,52.9,0.3307984790874524,0.7850467289719626,4.897576231430805,4.72869429241595,34.0,5.0,12.0,76.0,16.0,6.0,22.0,72.7,27.3,0.0,79.0,62.0,141.0,935,1273,13,171,250,116,10.3,12.4,0.14073494917904614,0.3377638780297107,2.1391712275215014,0.4503518373729476,0.16888193901485535,0.619233776387803,0.0,2.223612197028929,1.745113369820172,3.968725566849101,26.317435496481625,35.83111806098515,0.36591086786551996,4.813135261923378,7.0367474589523065,3.2650508209538702,2.4,0.6783625730994152,0.5347593582887701
Jordan Goodwin,70,1572,229,555,112,302,39,56,138,203,341,151,106,14,68,133,609,1,0.525,17.5,1.5,,,2.4,0.231,0.126,0.099,PHX,70,1572,278,94,244,38.5,90.0,238.0,37.8,57.0,0.4396396396396396,0.7880794701986755,5.587786259541985,5.450381679389313,27.0,20.0,47.0,260.0,25.0,19.0,44.0,56.8,43.2,1.0,85.0,69.0,154.0,1991,1845,25,267,379,190,7.6,9.5,0.4580152671755725,1.0763358778625953,5.9541984732824424,0.5725190839694656,0.4351145038167939,1.0076335877862594,0.022900763358778626,1.9465648854961832,1.5801526717557253,3.5267175572519083,45.595419847328245,42.25190839694657,0.5725190839694656,6.114503816793893,8.679389312977099,4.351145038167939,2.35,0.7116104868913857,1.0045203415369162
Jordan Hawkins,51,692,94,257,47,135,23,27,20,68,88,42,13,10,34,30,258,1,0.48,18.2,-3.0,,,0.2,0.105,0.066,0.304,NOP,51,692,110,37,98,37.8,36.0,95.0,37.9,56.1,0.3813229571984435,0.7037037037037037,5.098265895953757,4.942196531791907,24.0,4.0,8.0,22.0,4.0,6.0,10.0,40.0,60.0,1.0,58.0,38.0,96.0,558,635,11,66,102,56,7.5,10.0,0.20809248554913296,0.4161849710982659,1.1445086705202312,0.20809248554913296,0.31213872832369943,0.5202312138728323,0.05202312138728324,3.0173410404624277,1.976878612716763,4.994219653179191,29.028901734104046,33.03468208092485,0.5722543352601156,3.433526011560694,5.30635838150289,2.913294797687861,2.0,0.8484848484848485,0.7168458781362007
Jordan McLaughlin,44,282,33,79,17,40,6,7,7,25,32,38,20,2,15,11,89,1,0.542,14.5,2.5,,,0.5,0.241,0.152,0.102,SAS,44,282,36,12,30,40.0,12.0,30.0,40.0,60.0,0.379746835443038,0.75,3.8297872340425534,3.8297872340425534,30.0,9.0,20.0,40.0,2.0,1.0,3.0,66.7,33.3,0.0,19.0,12.0,31.0,474,603,11,90,96,53,8.0,11.2,1.148936170212766,2.5531914893617023,5.1063829787234045,0.2553191489361702,0.1276595744680851,0.3829787234042553,0.0,2.425531914893617,1.5319148936170213,3.9574468085106385,60.51063829787234,76.97872340425532,1.4042553191489362,11.48936170212766,12.25531914893617,6.76595744680851,2.2222222222222223,0.5888888888888889,1.8987341772151898
Jordan Miller,60,1325,212,399,38,110,136,175,50,132,182,136,45,11,63,62,598,1,0.628,18.0,-0.4,,,1.0,0.293,0.326,0.105,LAC,60,1325,108,36,99,36.4,36.0,98.0,36.7,54.5,0.2481203007518796,0.8909090909090909,2.689811320754717,2.6626415094339624,26.0,10.0,22.0,83.0,8.0,10.0,18.0,44.4,55.6,1.0,95.0,116.0,211.0,1428,1589,21,228,357,167,9.5,11.7,0.27169811320754716,0.5977358490566038,2.2550943396226417,0.21735849056603773,0.27169811320754716,0.4890566037735849,0.027169811320754716,2.581132075471698,3.151698113207547,5.732830188679245,38.798490566037735,43.17283018867924,0.570566037735849,6.194716981132076,9.699622641509434,4.537358490566038,2.2,0.7324561403508771,0.7002801120448179
Jordan Poole,39,933,165,444,96,288,98,114,9,68,77,119,22,15,69,89,524,1,0.53,25.1,-2.6,,,0.2,0.153,0.133,0.065,NOP,39,933,153,51,152,33.6,51.0,151.0,33.8,50.3,0.3423423423423423,0.5243055555555556,5.864951768488746,5.826366559485531,27.0,2.0,5.0,52.0,5.0,5.0,10.0,50.0,50.0,3.0,42.0,73.0,115.0,1128,1783,21,209,288,154,10.5,13.7,0.07717041800643087,0.19292604501607716,2.0064308681672025,0.19292604501607716,0.19292604501607716,0.3858520900321543,0.1157556270096463,1.6205787781350482,2.8167202572347265,4.437299035369775,43.52411575562701,68.79742765273312,0.8102893890675241,8.064308681672026,11.112540192926046,5.942122186495177,2.5,0.7368421052631579,0.1773049645390071
Jordan Walsh,68,1212,136,267,48,125,44,57,85,187,272,54,49,31,35,137,364,1,0.623,11.7,1.6,,,1.9,0.337,0.172,0.022,BOS,68,1212,144,48,117,41.0,48.0,116.0,41.4,61.5,0.4382022471910112,0.928,3.4752475247524752,3.445544554455445,22.0,30.0,77.0,117.0,8.0,8.0,16.0,50.0,50.0,0.0,109.0,82.0,191.0,914,730,7,108,148,65,5.9,7.1,0.8910891089108911,2.287128712871287,3.4752475247524752,0.2376237623762376,0.2376237623762376,0.4752475247524752,0.0,3.237623762376238,2.4356435643564356,5.673267326732673,27.14851485148515,21.683168316831683,0.2079207920792079,3.207920792079208,4.396039603960396,1.9306930693069306,2.566666666666667,0.6018518518518519,3.2822757111597376
Jose Alvarado,138,2740,374,898,202,574,70,92,52,290,342,468,132,16,154,258,1020,3,0.543,16.8,0.3,,,2.4,0.131,0.156,0.073,NYK,69,1370,204,68,178,38.2,68.0,177.0,38.4,57.3,0.198218262806236,0.3083623693379791,2.338686131386861,2.3255474452554745,28.0,6.0,13.0,151.0,10.0,16.0,26.0,38.5,61.5,1.0,28.0,52.0,80.0,2263,2825,36,382,572,287,10.3,12.7,0.07883211678832117,0.1708029197080292,1.9839416058394161,0.13138686131386862,0.21021897810218979,0.3416058394160584,0.013138686131386862,0.3678832116788321,0.6832116788321168,1.051094890510949,29.732846715328467,37.11678832116788,0.472992700729927,5.018978102189781,7.515328467153284,3.770802919708029,2.1666666666666665,0.7513089005235603,0.26513477684489617
Josh Giddey,54,1731,321,717,103,283,174,228,67,381,448,494,55,27,196,90,919,1,0.562,24.4,0.4,,,1.7,0.261,0.262,0.082,CHI,54,1731,209,70,183,38.3,69.0,180.0,38.3,57.1,0.2552301255230125,0.6360424028268551,3.805892547660312,3.7435008665511273,23.0,7.0,15.0,101.0,23.0,16.0,39.0,59.0,41.0,2.0,110.0,160.0,270.0,3873,4537,57,880,1260,587,12.8,15.2,0.14558058925476602,0.3119584055459272,2.10051993067591,0.4783362218370884,0.3327556325823224,0.8110918544194108,0.0415944540727903,2.287694974003466,3.3275563258232235,5.6152512998266895,80.54766031195841,94.35701906412478,1.1854419410745234,18.301559792027728,26.204506065857885,12.207972270363951,2.142857142857143,0.6670454545454545,0.18073844564936742
Josh Green,58,908,83,181,58,138,25,28,45,57,102,47,35,6,35,64,249,1,0.644,10.6,1.0,,,0.9,0.138,0.083,0.017,CHA,58,908,173,58,132,43.9,57.0,131.0,43.5,65.5,0.7292817679558011,0.9492753623188406,5.233480176211454,5.193832599118943,25.0,16.0,37.0,70.0,15.0,8.0,23.0,65.2,34.8,1.0,58.0,48.0,106.0,549,457,6,76,117,56,8.6,10.2,0.6343612334801763,1.4669603524229076,2.7753303964757707,0.5947136563876652,0.31718061674008813,0.9118942731277533,0.039647577092511016,2.299559471365639,1.9030837004405285,4.202643171806168,21.766519823788546,18.11894273127753,0.23788546255506607,3.013215859030837,4.638766519823789,2.2202643171806167,2.3125,0.7368421052631579,2.914389799635701
Josh Hart,66,1994,301,592,100,242,90,125,93,393,486,317,75,17,128,165,792,1,0.612,16.7,2.0,,,3.0,0.294,0.157,0.141,NYK,66,1994,197,66,168,39.3,65.0,161.0,40.4,58.6,0.2837837837837837,0.6652892561983471,3.033099297893681,2.9067201604814445,31.0,57.0,135.0,194.0,24.0,32.0,56.0,42.9,57.1,3.0,150.0,198.0,348.0,3018,2751,46,539,823,387,10.5,12.8,1.0290872617853561,2.4373119358074224,3.502507522567703,0.43329989969909727,0.5777331995987964,1.0110330992978938,0.05416248746238716,2.7081243731193583,3.5747241725175525,6.28284854563691,54.487462387161486,49.66700100300903,0.8304914744232698,9.731193580742227,14.858575727181545,6.986960882647944,2.3684210526315788,0.7179962894248608,1.8886679920477136
Josh Minott,98,1668,252,504,128,306,96,122,96,220,316,92,88,48,86,146,728,3,0.653,16.8,1.1,,,2.3,0.214,0.151,0.028,BKN,49,834,165,55,134,41.0,55.0,132.0,41.7,61.6,0.2658730158730158,0.4313725490196078,2.892086330935252,2.848920863309353,23.0,19.0,48.0,109.0,14.0,9.0,23.0,60.9,39.1,0.0,94.0,68.0,162.0,612,618,5,82,117,54,7.5,8.8,0.41007194244604317,1.0359712230215827,2.352517985611511,0.302158273381295,0.19424460431654678,0.49640287769784175,0.0,2.028776978417266,1.4676258992805755,3.4964028776978417,13.20863309352518,13.338129496402878,0.1079136690647482,1.7697841726618706,2.5251798561151078,1.1654676258992807,2.526315789473684,0.6585365853658537,3.104575163398693
Josh Oduro,3,82,11,17,0,2,3,6,11,12,23,4,0,0,2,14,25,1,0.636,11.0,-4.3,,,0.0,0.529,0.235,0.118,NOP,3,82,2,1,3,33.3,0.0,2.0,0.0,33.3,0.1764705882352941,1.0,1.3170731707317074,0.8780487804878049,25.0,5.0,11.0,4.0,4.0,0.0,4.0,100.0,0.0,1.0,10.0,4.0,14.0,64,41,1,6,9,5,6.3,7.8,2.1951219512195124,4.829268292682927,1.7560975609756098,1.7560975609756098,0.0,1.7560975609756098,0.43902439024390244,4.390243902439025,1.7560975609756098,6.146341463414634,28.097560975609756,18.0,0.43902439024390244,2.6341463414634148,3.951219512195122,2.1951219512195124,2.2,0.8333333333333334,7.8125
Josh Okogie,78,1354,125,294,62,161,41,69,81,119,200,69,63,16,41,107,353,1,0.544,11.3,1.1,,,1.6,0.245,0.167,0.04,HOU,78,1354,185,62,158,39.2,61.0,154.0,39.6,58.5,0.5374149659863946,0.9565217391304348,4.200886262924668,4.09453471196455,27.0,15.0,32.0,130.0,26.0,22.0,48.0,54.2,45.8,2.0,88.0,63.0,151.0,961,862,13,135,166,86,7.2,8.9,0.3988183161004431,0.8508124076809453,3.4564254062038406,0.691285081240768,0.5849335302806499,1.276218611521418,0.053175775480059084,2.3397341211225995,1.675036927621861,4.014771048744461,25.55096011816839,22.918759231905465,0.345642540620384,3.5893648449039883,4.413589364844904,2.2865583456425407,2.1333333333333333,0.6370370370370371,1.5608740894901145
Jrue Holiday,53,1560,320,709,137,362,88,105,71,174,245,322,54,6,146,78,865,1,0.573,23.5,-0.5,,,1.5,0.14,0.207,0.142,POR,53,1560,155,52,121,43.0,51.0,118.0,43.2,64.0,0.1706629055007052,0.3259668508287293,2.792307692307692,2.723076923076923,36.0,10.0,24.0,115.0,17.0,13.0,30.0,56.7,43.3,0.0,51.0,78.0,129.0,2602,3493,37,603,829,400,12.4,15.4,0.23076923076923078,0.5538461538461539,2.6538461538461537,0.3923076923076923,0.3,0.6923076923076923,0.0,1.176923076923077,1.8,2.976923076923077,60.04615384615385,80.6076923076923,0.8538461538461538,13.915384615384616,19.130769230769232,9.23076923076923,2.4,0.6633499170812603,0.3843197540353574
Julian Champagnie,82,2266,301,689,195,512,114,135,74,399,473,127,62,38,69,131,911,1,0.609,15.2,0.8,,,3.4,0.154,0.078,0.024,SAS,82,2266,533,178,461,38.6,177.0,460.0,38.5,57.8,0.6690856313497823,0.8984375,7.323918799646955,7.308031774051192,25.0,66.0,141.0,124.0,12.0,31.0,43.0,27.9,72.1,0.0,202.0,121.0,323.0,2258,2185,25,238,336,169,5.6,7.5,1.0485436893203883,2.2400706090026477,1.969991173874669,0.19064430714916153,0.49249779346866723,0.6831421006178288,0.0,3.209179170344219,1.9223300970873787,5.131509267431597,35.872903795233896,34.71315092674316,0.3971756398940865,3.7811120917917034,5.338040600176522,2.6849073256840246,2.1363636363636362,0.7100840336134454,2.9229406554472983
Julian Phillips,96,856,102,242,40,130,36,46,46,52,98,20,44,14,22,86,280,3,0.534,13.9,-0.3,,,0.6,0.314,0.124,0.025,MIN,48,427,62,21,64,32.8,20.0,63.0,31.7,48.4,0.2644628099173554,0.4846153846153846,2.691588785046729,2.649532710280374,22.0,7.0,15.0,36.0,4.0,2.0,6.0,66.7,33.3,2.0,32.0,29.0,61.0,230,236,1,20,24,11,4.3,4.8,0.29439252336448596,0.6308411214953271,1.514018691588785,0.16822429906542055,0.08411214953271028,0.2523364485981308,0.08411214953271028,1.3457943925233644,1.219626168224299,2.5654205607476634,9.672897196261681,9.925233644859814,0.04205607476635514,0.8411214953271028,1.0093457943925233,0.46261682242990654,2.142857142857143,0.55,3.0434782608695654
Julian Reese,13,402,63,119,0,0,28,44,55,82,137,24,18,8,32,42,154,1,0.557,17.7,-2.2,,,0.3,0.504,0.303,0.193,WAS,13,402,6,3,11,27.3,0.0,0.0,,27.3,0.0924369747899159,,0.9850746268656716,0.0,23.0,50.0,112.0,36.0,5.0,3.0,8.0,62.5,37.5,0.0,41.0,27.0,68.0,419,367,3,51,61,28,5.7,6.7,4.477611940298507,10.029850746268657,3.2238805970149254,0.44776119402985076,0.26865671641791045,0.7164179104477612,0.0,3.671641791044776,2.417910447761194,6.08955223880597,37.52238805970149,32.865671641791046,0.26865671641791045,4.567164179104478,5.462686567164179,2.5074626865671643,2.24,0.5490196078431373,11.933174224343675
Julian Strawther,57,861,149,319,58,150,57,70,12,102,114,61,25,6,36,73,413,1,0.59,19.4,-1.1,,,0.6,0.154,0.241,0.135,DEN,57,861,150,50,117,42.7,50.0,116.0,43.1,64.1,0.3667711598746082,0.7733333333333333,4.89198606271777,4.850174216027875,24.0,9.0,23.0,55.0,6.0,7.0,13.0,46.2,53.8,1.0,46.0,36.0,82.0,806,950,13,122,162,82,7.6,10.2,0.37630662020905925,0.9616724738675958,2.299651567944251,0.2508710801393728,0.2926829268292683,0.5435540069686411,0.041811846689895474,1.9233449477351916,1.505226480836237,3.4285714285714284,33.70034843205575,39.721254355400696,0.5435540069686411,5.101045296167247,6.7735191637630665,3.4285714285714284,2.5555555555555554,0.6721311475409836,1.1166253101736974
Julius Randle,79,2610,580,1207,109,346,398,496,132,400,532,398,86,18,217,223,1667,1,0.585,26.5,0.0,,,3.1,0.27,0.229,0.214,MIN,79,2610,227,78,239,32.6,71.0,213.0,33.3,47.5,0.1980115990057995,0.615606936416185,3.296551724137931,2.9379310344827587,31.0,58.0,144.0,168.0,32.0,23.0,55.0,58.2,41.8,0.0,223.0,147.0,370.0,3058,4123,48,685,1068,476,13.0,15.6,0.8,1.986206896551724,2.317241379310345,0.4413793103448276,0.31724137931034485,0.7586206896551724,0.0,3.075862068965517,2.027586206896552,5.103448275862069,42.179310344827584,56.86896551724138,0.6620689655172414,9.448275862068966,14.73103448275862,6.56551724137931,2.4827586206896552,0.6948905109489051,1.8966644865925442
Justin Champagnie,69,1377,232,462,53,166,80,102,145,239,384,84,59,43,45,114,597,1,0.589,16.7,-1.0,,,0.8,0.411,0.212,0.017,WAS,69,1377,138,46,145,31.7,46.0,143.0,32.2,47.6,0.3138528138528138,0.8614457831325302,3.7908496732026142,3.738562091503268,25.0,12.0,28.0,128.0,21.0,10.0,31.0,67.7,32.3,0.0,139.0,94.0,233.0,1467,1069,10,133,209,94,5.7,6.4,0.3137254901960784,0.7320261437908496,3.34640522875817,0.5490196078431373,0.26143790849673204,0.8104575163398693,0.0,3.633986928104575,2.457516339869281,6.091503267973856,38.35294117647059,27.947712418300654,0.26143790849673204,3.477124183006536,5.4640522875816995,2.457516339869281,2.3333333333333335,0.706766917293233,0.8179959100204499
Justin Edwards,64,977,143,320,67,180,33,39,26,68,94,80,54,11,36,91,386,1,0.572,16.1,0.6,,,0.9,0.159,0.15,0.128,PHI,64,977,174,58,155,37.4,58.0,155.0,37.4,56.1,0.484375,0.8611111111111112,5.711361310133061,5.711361310133061,22.0,19.0,44.0,99.0,3.0,12.0,15.0,20.0,80.0,1.0,40.0,45.0,85.0,1009,1144,12,123,217,100,7.9,9.9,0.7001023541453428,1.6212896622313204,3.6479017400204707,0.1105424769703173,0.4421699078812692,0.5527123848515865,0.0368474923234391,1.473899692937564,1.6581371545547594,3.1320368474923233,37.179119754350054,42.15353121801433,0.4421699078812692,4.532241555783009,7.995905834186285,3.68474923234391,2.3157894736842106,0.8130081300813008,1.8830525272547076
Jusuf Nurkić,41,1083,180,358,25,71,62,113,106,319,425,196,52,22,101,134,447,1,0.548,19.3,1.6,,,1.1,0.263,0.472,0.067,UTA,41,1083,94,36,81,44.4,22.0,62.0,35.5,58.0,0.2262569832402234,0.8732394366197183,2.6925207756232687,2.0609418282548475,31.0,177.0,425.0,112.0,8.0,6.0,14.0,57.1,42.9,0.0,175.0,100.0,275.0,1830,1605,13,304,488,227,10.7,12.4,5.883656509695291,14.12742382271468,3.7229916897506925,0.2659279778393352,0.1994459833795014,0.46537396121883656,0.0,5.8171745152354575,3.3240997229916895,9.141274238227147,60.83102493074792,53.35180055401662,0.43213296398891965,10.105263157894736,16.221606648199447,7.545706371191136,2.401129943502825,0.7467105263157895,9.672131147540984
KJ Simpson,40,514,68,198,24,80,22,36,18,56,74,86,32,0,50,36,182,3,0.426,21.8,0.4,,,0.6,0.273,0.182,0.141,DEN,20,258,27,9,30,30.0,9.0,29.0,31.0,45.0,0.1515151515151515,0.3625,2.1011673151750974,2.0311284046692606,23.0,5.0,13.0,28.0,2.0,3.0,5.0,40.0,60.0,1.0,12.0,13.0,25.0,404,542,3,83,110,47,10.6,11.6,0.35019455252918286,0.9105058365758755,1.961089494163424,0.14007782101167315,0.21011673151750973,0.35019455252918286,0.07003891050583658,0.8404669260700389,0.9105058365758755,1.7509727626459144,28.295719844357976,37.961089494163424,0.21011673151750973,5.813229571984436,7.7042801556420235,3.291828793774319,2.6,0.5662650602409639,1.2376237623762376
Kadary Richmond,3,67,10,16,2,4,3,3,1,9,10,8,8,1,2,2,25,1,0.722,12.0,4.4,,,0.1,0.438,0.25,0.063,WAS,3,67,6,2,3,66.7,2.0,3.0,66.7,100.0,0.1875,0.75,1.611940298507463,1.611940298507463,24.0,4.0,9.0,10.0,0.0,0.0,0.0,0.0,0.0,0.0,3.0,4.0,7.0,42,41,1,7,19,10,19.0,23.8,2.1492537313432836,4.835820895522388,5.373134328358209,0.0,0.0,0.0,0.0,1.6119402985074627,2.1492537313432836,3.7611940298507465,22.567164179104477,22.029850746268657,0.5373134328358209,3.7611940298507465,10.208955223880597,5.373134328358209,2.25,1.4285714285714286,9.523809523809524
Kam Jones,37,616,68,169,22,75,4,8,15,45,60,119,18,0,36,39,162,1,0.47,14.4,-1.9,,,0.2,0.154,0.337,0.065,IND,37,616,51,18,61,29.5,15.0,57.0,26.3,41.8,0.3609467455621302,0.76,3.564935064935065,3.331168831168831,24.0,2.0,4.0,35.0,4.0,3.0,7.0,57.1,42.9,0.0,42.0,30.0,72.0,993,1227,21,236,310,146,12.0,14.7,0.11688311688311688,0.23376623376623376,2.0454545454545454,0.23376623376623376,0.17532467532467533,0.4090909090909091,0.0,2.4545454545454546,1.7532467532467533,4.207792207792208,58.032467532467535,71.70779220779221,1.2272727272727273,13.792207792207792,18.116883116883116,8.532467532467532,2.0,0.6186440677966102,0.2014098690835851
Karl-Anthony Towns,75,2322,517,1032,113,307,357,416,233,656,889,226,65,40,187,255,1504,1,0.619,25.9,0.6,,,4.0,0.408,0.224,0.071,NYK,75,2322,302,103,284,36.3,96.0,261.0,36.8,53.2,0.2751937984496124,0.8501628664495114,4.403100775193798,4.046511627906977,30.0,138.0,315.0,153.0,20.0,22.0,42.0,47.6,52.4,2.0,313.0,138.0,451.0,2460,2590,34,342,546,274,9.2,11.1,2.13953488372093,4.883720930232558,2.372093023255814,0.31007751937984496,0.34108527131782945,0.6511627906976745,0.031007751937984496,4.852713178294573,2.13953488372093,6.992248062015504,38.13953488372093,40.15503875968992,0.5271317829457365,5.3023255813953485,8.465116279069768,4.248062015503876,2.282608695652174,0.8011695906432749,5.609756097560975
Karlo Matković,62,912,142,235,38,90,30,41,72,157,229,50,25,54,34,105,352,1,0.696,13.1,0.4,,,0.9,0.447,0.157,0.013,NOP,62,912,115,39,94,41.5,37.0,89.0,41.6,61.2,0.4,0.9888888888888888,3.710526315789474,3.513157894736842,25.0,49.0,117.0,63.0,10.0,8.0,18.0,55.6,44.4,2.0,202.0,91.0,293.0,751,638,8,85,126,59,6.7,7.9,1.9342105263157894,4.618421052631579,2.486842105263158,0.39473684210526316,0.3157894736842105,0.7105263157894737,0.07894736842105263,7.973684210526316,3.5921052631578947,11.56578947368421,29.644736842105264,25.18421052631579,0.3157894736842105,3.3552631578947367,4.973684210526316,2.3289473684210527,2.3877551020408165,0.6941176470588235,6.524633821571238
Kasparas Jakučionis,53,945,102,238,66,156,58,66,43,95,138,137,33,7,50,99,328,1,0.614,13.7,0.6,,,0.9,0.189,0.126,0.029,MIA,53,945,186,62,129,48.1,62.0,129.0,48.1,72.1,0.542016806722689,0.8269230769230769,4.914285714285715,4.914285714285715,20.0,4.0,8.0,88.0,8.0,17.0,25.0,32.0,68.0,3.0,81.0,79.0,160.0,1348,1516,13,238,350,159,10.2,11.8,0.1523809523809524,0.3047619047619048,3.3523809523809525,0.3047619047619048,0.6476190476190476,0.9523809523809523,0.11428571428571428,3.085714285714286,3.0095238095238095,6.095238095238095,51.352380952380955,57.75238095238095,0.49523809523809526,9.066666666666666,13.333333333333334,6.057142857142857,2.0,0.6680672268907563,0.29673590504451036
Kawhi Leonard,65,2085,635,1258,172,445,371,416,71,342,413,234,122,27,133,78,1813,1,0.629,33.5,0.6,,,2.7,0.128,0.205,0.313,LAC,65,2085,241,84,212,39.6,73.0,184.0,39.7,56.8,0.1685214626391097,0.4134831460674157,3.660431654676259,3.176978417266187,35.0,13.0,31.0,220.0,27.0,17.0,44.0,61.4,38.6,0.0,105.0,140.0,245.0,1979,3119,67,453,605,316,11.8,16.0,0.22446043165467625,0.5352517985611511,3.7985611510791366,0.46618705035971225,0.2935251798561151,0.7597122302158273,0.0,1.8129496402877698,2.41726618705036,4.23021582733813,34.16978417266187,53.85323741007194,1.1568345323741007,7.821582733812949,10.446043165467627,5.456115107913669,2.3846153846153846,0.6975717439293598,0.6568974229408793
Keaton Wallace,53,536,68,171,38,102,12,18,3,53,56,94,24,5,28,48,186,1,0.52,16.1,0.3,,,0.6,0.041,0.123,0.239,ATL,53,536,81,27,67,40.3,27.0,66.0,40.9,60.4,0.391812865497076,0.6470588235294118,4.5,4.432835820895522,27.0,6.0,14.0,43.0,3.0,9.0,12.0,25.0,75.0,0.0,38.0,50.0,88.0,1004,1334,16,204,240,117,9.4,11.7,0.40298507462686567,0.9402985074626866,2.888059701492537,0.20149253731343283,0.6044776119402985,0.8059701492537313,0.0,2.5522388059701493,3.3582089552238807,5.91044776119403,67.43283582089552,89.59701492537313,1.0746268656716418,13.701492537313433,16.119402985074625,7.858208955223881,2.3333333333333335,0.5735294117647058,0.5976095617529881
Keegan Murray,23,793,126,300,31,112,38,49,33,99,132,38,24,36,27,42,321,1,0.499,18.7,-1.0,,,0.4,0.083,0.24,0.303,SAC,23,793,104,38,110,34.5,28.0,91.0,30.8,47.3,0.3666666666666666,0.8125,4.993694829760403,4.131147540983607,25.0,8.0,18.0,51.0,6.0,7.0,13.0,46.2,53.8,1.0,131.0,48.0,179.0,685,625,4,80,98,48,5.5,7.0,0.36317780580075665,0.8171500630517023,2.3152585119798235,0.2723833543505675,0.31778058007566207,0.5901639344262295,0.04539722572509458,5.9470365699873895,2.17906683480454,8.126103404791928,31.097099621689786,28.373266078184113,0.18158890290037832,3.631778058007566,4.448928121059269,2.17906683480454,2.25,0.6,1.167883211678832
Kel'el Ware,77,1704,344,649,92,233,71,96,217,477,694,56,59,84,62,119,851,1,0.616,18.0,0.1,,,3.0,0.441,0.171,0.029,MIA,77,1704,275,93,227,41.0,89.0,218.0,40.8,60.6,0.349768875192604,0.9356223175965666,4.795774647887324,4.605633802816901,22.0,58.0,134.0,107.0,17.0,18.0,35.0,48.6,51.4,0.0,354.0,126.0,480.0,1641,1021,15,67,149,76,3.4,4.6,1.2253521126760563,2.8309859154929575,2.26056338028169,0.3591549295774648,0.38028169014084506,0.7394366197183099,0.0,7.47887323943662,2.6619718309859155,10.140845070422536,34.66901408450704,21.570422535211268,0.31690140845070425,1.4154929577464788,3.147887323943662,1.6056338028169015,2.310344827586207,1.1343283582089552,3.534430225472273
Keldon Johnson,82,1911,414,797,99,273,154,194,137,303,440,111,46,11,70,162,1081,1,0.613,21.0,-0.3,,,2.6,0.344,0.3,0.0139999999999999,SAS,82,1911,272,91,251,36.3,90.0,248.0,36.3,54.2,0.3149309912170639,0.9084249084249084,4.728414442700157,4.671899529042387,26.0,19.0,42.0,91.0,15.0,22.0,37.0,40.5,59.5,1.0,141.0,98.0,239.0,2012,1802,28,205,291,152,5.5,7.6,0.3579277864992151,0.7912087912087912,1.7142857142857142,0.282574568288854,0.41444270015698587,0.6970172684458399,0.018838304552590265,2.6562009419152277,1.8461538461538463,4.5023547880690735,37.90266875981162,33.94662480376766,0.5274725274725275,3.8618524332810047,5.481946624803768,2.8634222919937207,2.210526315789474,0.7414634146341463,0.9443339960238568
Kelly Olynyk,42,360,47,96,12,47,27,38,24,52,76,49,15,3,24,39,133,1,0.59,16.0,1.3,,,0.6,0.302,0.156,0.052,SAS,42,360,38,13,47,27.7,12.0,46.0,26.1,40.4,0.4895833333333333,0.9787234042553192,4.7,4.6,35.0,23.0,60.0,31.0,2.0,2.0,4.0,50.0,50.0,3.0,39.0,43.0,82.0,501,448,3,83,119,54,9.8,10.8,2.3,6.0,3.1,0.2,0.2,0.4,0.3,3.9,4.3,8.2,50.1,44.8,0.3,8.3,11.9,5.4,2.608695652173913,0.6506024096385542,4.590818363273453
Kelly Oubre Jr.,50,1574,254,544,86,239,111,145,50,202,252,80,68,24,69,127,705,1,0.58,18.2,-0.1,,,1.6,0.224,0.244,0.092,PHI,50,1574,239,80,211,37.9,79.0,208.0,38.0,56.6,0.3878676470588235,0.8702928870292888,4.825921219822109,4.757306226175349,30.0,13.0,34.0,212.0,11.0,17.0,28.0,39.3,60.7,0.0,92.0,84.0,176.0,1568,1554,14,134,197,100,5.1,6.4,0.29733163913595934,0.7776365946632783,4.848792884371029,0.25158831003811943,0.38881829733163914,0.6404066073697586,0.0,2.1041931385006354,1.9212198221092758,4.025412960609911,35.86277001270648,35.5425667090216,0.3202033036848793,3.064803049555273,4.50571791613723,2.2871664548919948,2.6153846153846154,0.746268656716418,0.8290816326530612
Kennedy Chandler,11,355,61,137,15,38,28,43,6,31,37,74,11,2,23,23,165,1,0.529,20.7,-3.1,,,0.0,0.255,0.343,0.124,UTA,11,355,33,11,30,36.7,11.0,29.0,37.9,55.0,0.218978102189781,0.7631578947368421,3.0422535211267605,2.9408450704225357,23.0,1.0,3.0,28.0,4.0,2.0,6.0,66.7,33.3,1.0,13.0,23.0,36.0,573,814,7,127,174,89,12.9,15.5,0.10140845070422536,0.30422535211267604,2.83943661971831,0.4056338028169014,0.2028169014084507,0.6084507042253521,0.10140845070422536,1.3183098591549296,2.332394366197183,3.6507042253521127,58.10704225352113,82.54647887323944,0.7098591549295775,12.87887323943662,17.645070422535213,9.025352112676057,3.0,0.7007874015748031,0.17452006980802792
Kenrich Williams,56,855,140,296,50,129,33,52,59,128,187,79,31,5,43,59,363,1,0.569,18.3,0.3,,,1.5,0.264,0.155,0.145,OKC,56,855,133,45,109,41.3,43.0,105.0,41.0,61.0,0.3682432432432432,0.813953488372093,4.589473684210526,4.421052631578948,31.0,38.0,88.0,74.0,6.0,5.0,11.0,54.5,45.5,6.0,54.0,56.0,110.0,839,807,9,131,203,94,9.4,11.2,1.6,3.705263157894737,3.1157894736842104,0.25263157894736843,0.21052631578947367,0.4631578947368421,0.25263157894736843,2.2736842105263158,2.357894736842105,4.631578947368421,35.32631578947368,33.97894736842105,0.37894736842105264,5.515789473684211,8.547368421052632,3.957894736842105,2.3157894736842106,0.7175572519083969,4.529201430274136
Kentavious Caldwell-Pope,51,1088,150,366,55,174,73,80,20,105,125,139,43,8,61,57,428,1,0.533,17.7,-0.2,,,0.5,0.101,0.161,0.262,MEM,51,1088,125,44,129,34.1,37.0,118.0,31.4,48.4,0.3524590163934426,0.6781609195402298,4.268382352941177,3.904411764705882,33.0,3.0,8.0,69.0,13.0,9.0,22.0,59.1,40.9,0.0,24.0,36.0,60.0,1552,1638,19,249,356,174,9.0,11.2,0.09926470588235294,0.2647058823529412,2.2830882352941178,0.43014705882352944,0.2977941176470588,0.7279411764705882,0.0,0.7941176470588235,1.1911764705882353,1.9852941176470589,51.35294117647059,54.1985294117647,0.6286764705882353,8.238970588235293,11.779411764705882,5.757352941176471,2.6666666666666665,0.6987951807228916,0.19329896907216496
Keon Ellis,144,2956,338,768,182,502,102,140,76,194,270,144,166,92,82,268,960,3,0.579,13.0,1.3,,,2.4,0.143,0.115,0.088,CLE,72,1479,207,69,196,35.2,69.0,194.0,35.6,52.8,0.2552083333333333,0.3864541832669322,2.3870094722598107,2.3626522327469552,26.0,24.0,51.0,194.0,11.0,17.0,28.0,39.3,60.7,0.0,95.0,111.0,206.0,1236,1219,18,143,189,97,5.8,7.8,0.2922868741542625,0.6211096075778079,2.3626522327469552,0.13396481732070364,0.2070365358592693,0.34100135317997293,0.0,1.1569688768606226,1.3518267929634642,2.5087956698240865,15.05277401894452,14.84573748308525,0.21921515561569688,1.7415426251691475,2.301759133964817,1.1813261163734776,2.125,0.6783216783216783,1.941747572815534
Keshad Johnson,32,280,51,104,13,44,21,29,26,36,62,8,15,8,13,28,136,1,0.582,18.9,0.0,,,0.4,0.423,0.125,0.0289999999999999,MIA,32,280,41,14,42,33.3,13.0,41.0,31.7,48.8,0.4038461538461538,0.9318181818181818,5.4,5.271428571428571,25.0,9.0,21.0,22.0,4.0,0.0,4.0,100.0,0.0,0.0,39.0,15.0,54.0,332,279,8,30,20,17,2.4,5.1,1.1571428571428573,2.7,2.8285714285714287,0.5142857142857142,0.0,0.5142857142857142,0.0,5.014285714285714,1.9285714285714286,6.942857142857143,42.68571428571428,35.871428571428574,1.0285714285714285,3.857142857142857,2.5714285714285716,2.1857142857142855,2.3333333333333335,0.5666666666666667,2.710843373493976
Keshon Gilbert,8,148,10,24,0,6,14,14,4,6,10,24,6,8,16,10,34,3,0.564,13.0,-0.4,,,0.0,0.333,0.333,0.083,ATL,4,74,0,0,1,0.0,0.0,1.0,0.0,0.0,0.0416666666666666,0.1666666666666666,0.2432432432432432,0.2432432432432432,23.0,0.0,0.0,6.0,1.0,2.0,3.0,33.3,66.7,0.0,8.0,2.0,10.0,84,101,0,16,29,12,14.3,14.3,0.0,0.0,1.4594594594594594,0.24324324324324326,0.4864864864864865,0.7297297297297297,0.0,1.945945945945946,0.4864864864864865,2.4324324324324325,20.43243243243243,24.56756756756757,0.0,3.891891891891892,7.054054054054054,2.918918918918919,,0.75,0.0
Kevin Durant,78,2840,716,1376,186,450,408,467,41,385,426,372,62,71,246,142,2026,1,0.641,27.1,0.1,,,3.2,0.065,0.145,0.4629999999999999,HOU,78,2840,451,165,362,45.6,121.0,287.0,42.2,62.3,0.2630813953488372,0.6377777777777778,4.588732394366197,3.638028169014084,37.0,36.0,80.0,120.0,18.0,23.0,41.0,43.9,56.1,0.0,239.0,212.0,451.0,2975,4250,96,663,920,515,12.5,17.3,0.4563380281690141,1.0140845070422535,1.5211267605633803,0.22816901408450704,0.2915492957746479,0.5197183098591549,0.0,3.0295774647887326,2.687323943661972,5.716901408450704,37.7112676056338,53.87323943661972,1.2169014084507042,8.404225352112675,11.661971830985916,6.528169014084507,2.2222222222222223,0.7767722473604827,1.2100840336134453
Kevin Huerter,138,3098,538,1192,200,650,110,142,68,412,480,356,126,66,144,230,1386,3,0.552,18.8,0.5,,,3.4,0.21,0.18,0.065,DET,69,1549,245,82,270,30.4,81.0,268.0,30.2,45.4,0.2265100671140939,0.4123076923076923,3.1375080697224016,3.114267269205939,27.0,22.0,49.0,118.0,7.0,12.0,19.0,36.8,63.2,1.0,138.0,120.0,258.0,1795,1816,34,289,456,237,9.9,13.2,0.25564880568108456,0.5693996126533247,1.3712072304712717,0.08134280180761781,0.1394448030987734,0.2207876049063912,0.011620400258231117,1.6036152356358941,1.394448030987734,2.998063266623628,20.858618463524856,21.10264686894771,0.395093608779858,3.358295674628793,5.2989025177533895,2.7540348612007746,2.227272727272727,0.8200692041522492,1.2256267409470751
Kevin Love,37,613,79,199,53,142,37,44,55,160,215,67,14,9,30,54,248,1,0.568,16.6,-0.9,,,0.3,0.151,0.085,0.05,UTA,37,613,149,51,128,39.8,47.0,121.0,38.8,58.2,0.6432160804020101,0.852112676056338,7.517128874388255,7.106035889070147,37.0,43.0,100.0,31.0,7.0,12.0,19.0,36.8,63.2,3.0,39.0,35.0,74.0,855,622,13,91,160,85,7.8,9.9,2.5252854812398042,5.872756933115824,1.8205546492659055,0.4110929853181077,0.7047308319738989,1.1158238172920065,0.1761827079934747,2.2903752039151715,2.0554649265905383,4.345840130505709,50.21207177814029,36.52854812398042,0.763458401305057,5.3442088091354,9.396411092985318,4.99184339314845,2.3255813953488373,0.9340659340659341,5.029239766081871
Kevin McCullar Jr.,21,155,20,47,8,24,2,5,11,17,28,20,9,0,12,22,50,1,0.508,16.9,1.0,,,0.2,0.255,0.128,0.106,NYK,21,155,12,4,13,30.8,4.0,13.0,30.8,46.2,0.2765957446808511,0.5416666666666666,3.0193548387096776,3.0193548387096776,25.0,2.0,5.0,20.0,2.0,2.0,4.0,50.0,50.0,1.0,14.0,10.0,24.0,189,189,3,33,52,25,10.6,13.2,0.4645161290322581,1.1612903225806452,4.645161290322581,0.4645161290322581,0.4645161290322581,0.9290322580645162,0.23225806451612904,3.2516129032258063,2.3225806451612905,5.574193548387097,43.89677419354839,43.89677419354839,0.6967741935483871,7.664516129032258,12.07741935483871,5.806451612903226,2.5,0.7575757575757576,1.0582010582010581
Kevin Porter Jr.,38,1261,239,514,46,143,137,156,34,164,198,280,83,19,110,88,661,1,0.567,24.3,1.2,,,1.3,0.251,0.21,0.26,MIL,38,1261,66,22,62,35.5,22.0,61.0,36.1,53.2,0.1206225680933852,0.4265734265734265,1.7700237906423473,1.741475019825535,26.0,3.0,6.0,142.0,14.0,25.0,39.0,35.9,64.1,0.0,103.0,87.0,190.0,2231,3131,35,510,720,338,12.6,15.2,0.08564631245043616,0.17129262490087233,4.0539254559873115,0.3996827914353688,0.7137192704203014,1.1134020618556701,0.0,2.9405233941316418,2.4837430610626487,5.4242664551942905,63.69230769230769,89.38620142743854,0.9992069785884219,14.559873116574147,20.55511498810468,9.649484536082474,2.0,0.6627450980392157,0.1344688480502017
Kevon Looney,21,308,25,60,2,13,7,10,48,70,118,34,9,10,9,34,59,1,0.458,9.9,-0.6,,,0.3,0.533,0.15,0.1,NOP,21,307,6,2,13,15.4,2.0,11.0,18.2,23.1,0.2166666666666666,0.8461538461538461,1.5194805194805194,1.2857142857142858,30.0,44.0,107.0,22.0,3.0,1.0,4.0,75.0,25.0,0.0,62.0,43.0,105.0,410,294,2,56,86,37,8.3,9.0,5.142857142857143,12.506493506493506,2.5714285714285716,0.35064935064935066,0.11688311688311688,0.4675324675324675,0.0,7.246753246753247,5.025974025974026,12.272727272727273,47.922077922077925,34.36363636363637,0.23376623376623376,6.545454545454546,10.051948051948052,4.324675324675325,2.4318181818181817,0.6607142857142857,10.731707317073171
Keyonte George,54,1786,402,881,134,361,337,378,23,176,199,332,58,14,166,120,1275,1,0.609,27.9,-2.1,,,0.1,0.101,0.276,0.213,UTA,54,1786,246,85,199,42.7,76.0,183.0,41.5,61.8,0.2258796821793416,0.5069252077562327,4.011198208286674,3.6886898096304592,22.0,25.0,58.0,94.0,14.0,17.0,31.0,45.2,54.8,2.0,66.0,106.0,172.0,2912,4277,65,608,823,424,11.4,14.6,0.503919372900336,1.1690929451287795,1.894736842105263,0.2821948488241881,0.3426651735722284,0.6248600223964166,0.040313549832026875,1.3303471444568868,2.1366181410974243,3.4669652855543114,58.69652855543113,86.21052631578948,1.3101903695408734,12.25531914893617,16.58902575587906,8.546472564389697,2.32,0.6973684210526315,0.8585164835164835
Khaman Maluach,46,411,56,105,5,21,22,31,49,84,133,6,5,33,25,43,139,1,0.586,14.8,0.0,,,0.6,0.629,0.152,0.019,PHX,46,411,17,6,23,26.1,5.0,20.0,25.0,37.0,0.219047619047619,0.9523809523809524,2.0145985401459856,1.7518248175182485,19.0,46.0,113.0,12.0,2.0,2.0,4.0,50.0,50.0,0.0,121.0,43.0,164.0,374,252,2,15,16,8,1.6,2.1,4.029197080291971,9.897810218978103,1.051094890510949,0.17518248175182483,0.17518248175182483,0.35036496350364965,0.0,10.598540145985401,3.7664233576642334,14.364963503649635,32.75912408759124,22.072992700729927,0.17518248175182483,1.313868613138686,1.4014598540145986,0.7007299270072993,2.4565217391304346,0.5333333333333333,12.29946524064171
Khris Middleton,126,2878,454,1080,134,372,238,272,102,360,462,352,82,18,216,288,1280,3,0.533,20.6,-1.5,,,1.0,0.081,0.161,0.413,DAL,63,1439,162,58,146,39.7,46.0,118.0,39.0,55.5,0.1351851851851851,0.3172043010752688,1.8262682418346077,1.4760250173731757,34.0,16.0,38.0,99.0,13.0,8.0,21.0,61.9,38.1,5.0,74.0,79.0,153.0,1229,1586,21,328,456,223,14.3,18.1,0.20013898540653233,0.47533009034051427,1.2383599722029186,0.1626129256428075,0.10006949270326616,0.26268241834607364,0.06254343293954134,0.925642807505212,0.9881862404447533,1.9138290479499653,15.373175816539263,19.838776928422515,0.26268241834607364,4.102849200833912,5.7039610840861705,2.789437109103544,2.375,0.6798780487804879,1.3018714401952807
Killian Hayes,23,406,42,138,17,63,26,28,4,50,54,81,21,4,28,36,127,1,0.422,18.7,-0.9,,,0.2,0.036,0.188,0.319,SAC,23,406,30,10,36,27.8,10.0,35.0,28.6,41.7,0.2608695652173913,0.5555555555555556,3.1921182266009853,3.103448275862069,24.0,5.0,12.0,44.0,5.0,2.0,7.0,71.4,28.6,1.0,24.0,29.0,53.0,660,851,11,133,212,103,12.3,15.6,0.4433497536945813,1.064039408866995,3.9014778325123154,0.4433497536945813,0.17733990147783252,0.6206896551724138,0.08866995073891626,2.12807881773399,2.5714285714285716,4.699507389162561,58.522167487684726,75.45812807881774,0.9753694581280788,11.793103448275861,18.798029556650246,9.133004926108374,2.4,0.7744360902255639,0.7575757575757576
Klay Thompson,69,1497,286,728,202,527,36,47,18,125,143,96,33,22,63,70,810,1,0.541,22.7,-1.5,,,0.9,0.055,0.037,0.184,DAL,69,1497,472,160,414,38.6,152.0,391.0,38.9,57.0,0.5686813186813187,0.7419354838709677,9.955911823647297,9.402805611222444,36.0,19.0,40.0,45.0,4.0,11.0,15.0,26.7,73.3,0.0,87.0,63.0,150.0,859,1465,18,157,245,133,11.2,15.5,0.45691382765531063,0.9619238476953907,1.0821643286573146,0.09619238476953908,0.26452905811623245,0.36072144288577157,0.0,2.092184368737475,1.5150300601202404,3.6072144288577155,20.65731462925852,35.23046092184369,0.43286573146292584,3.775551102204409,5.891783567134269,3.1983967935871744,2.1052631578947367,0.8471337579617835,2.2118742724097786
Kobe Brown,122,1926,254,542,104,278,94,118,136,234,370,160,46,24,106,138,706,3,0.594,15.6,-1.4,,,1.1,0.303,0.148,0.037,IND,61,962,138,46,119,38.7,46.0,118.0,39.0,58.0,0.2195571955719557,0.4244604316546763,2.2242990654205608,2.205607476635514,26.0,13.0,29.0,44.0,7.0,9.0,16.0,43.8,56.3,3.0,75.0,45.0,120.0,1021,1013,10,130,201,95,7.8,9.3,0.24299065420560748,0.5420560747663551,0.822429906542056,0.1308411214953271,0.16822429906542055,0.29906542056074764,0.056074766355140186,1.4018691588785046,0.8411214953271028,2.2429906542056073,19.08411214953271,18.934579439252335,0.18691588785046728,2.4299065420560746,3.7570093457943927,1.7757009345794392,2.230769230769231,0.7307692307692307,1.2732615083251715
Kobe Bufkin,16,119,15,50,5,26,11,12,1,12,13,10,2,3,5,9,46,1,0.416,22.1,-3.2,,,0.1,0.1,0.24,0.14,LAL,16,119,12,4,18,22.2,4.0,17.0,23.5,33.3,0.36,0.6538461538461539,5.445378151260504,5.142857142857143,22.0,0.0,0.0,4.0,0.0,0.0,0.0,0.0,0.0,1.0,12.0,5.0,17.0,130,192,2,12,26,12,7.7,9.2,0.0,0.0,1.2100840336134453,0.0,0.0,0.0,0.3025210084033613,3.630252100840336,1.5126050420168067,5.142857142857143,39.32773109243698,58.08403361344538,0.6050420168067226,3.630252100840336,7.8655462184873945,3.630252100840336,,1.0,0.0
Kobe Sanders,68,1351,179,384,80,196,57,69,29,124,153,109,49,10,81,146,495,1,0.597,16.3,-0.2,,,1.0,0.141,0.159,0.19,LAC,68,1351,238,80,190,42.1,78.0,185.0,42.2,62.6,0.4947916666666667,0.9438775510204082,5.062916358253146,4.929681717246484,24.0,16.0,38.0,94.0,10.0,17.0,27.0,37.0,63.0,1.0,131.0,76.0,207.0,1281,1529,19,199,284,140,8.5,10.9,0.42635085122131755,1.0125832716506291,2.5048112509252407,0.2664692820133235,0.4529977794226499,0.7194670614359734,0.026646928201332347,3.4907475943745374,2.0251665433012582,5.515914137675796,34.134715025906736,40.743153219837154,0.5062916358253146,5.302738712065137,7.5677276091783865,3.7305699481865284,2.375,0.7035175879396985,1.249024199843872
Koby Brea,12,84,15,36,13,30,2,2,1,7,8,10,1,0,4,6,45,1,0.61,20.7,-1.4,,,0.1,0.083,0.028,0.056,PHX,12,84,24,8,18,44.4,8.0,18.0,44.4,66.7,0.5,0.6,7.714285714285714,7.714285714285714,23.0,1.0,2.0,4.0,0.0,0.0,0.0,0.0,0.0,0.0,4.0,5.0,9.0,103,114,0,21,23,10,9.7,9.7,0.42857142857142855,0.8571428571428571,1.7142857142857142,0.0,0.0,0.0,0.0,1.7142857142857142,2.142857142857143,3.857142857142857,44.142857142857146,48.857142857142854,0.0,9.0,9.857142857142858,4.285714285714286,2.0,0.47619047619047616,0.970873786407767
Kon Knueppel,81,2551,515,1084,273,642,195,226,97,335,432,274,57,19,161,169,1498,1,0.633,22.3,-0.4,,,2.5,0.141,0.171,0.096,CHA,81,2551,659,225,518,43.4,209.0,491.0,42.6,63.6,0.477859778597786,0.764797507788162,7.310074480595845,6.929047432379459,20.0,37.0,85.0,144.0,34.0,21.0,55.0,61.8,38.2,3.0,295.0,141.0,436.0,2662,3117,52,510,721,349,10.3,13.1,0.5221481771854175,1.1995295962367698,2.0321442571540573,0.47981183849470793,0.2963543708349667,0.7761662093296746,0.042336338690709525,4.163073304586437,1.9898079184633477,6.152881223049785,37.56644453155625,43.987455899647195,0.7338298706389651,7.19717757742062,10.17483339866719,4.925127401019208,2.2972972972972974,0.6843137254901961,1.3899323816679188
Kris Dunn,82,2230,227,477,80,214,62,81,58,213,271,295,131,14,111,189,596,1,0.581,12.4,1.5,,,2.3,0.187,0.27,0.095,LAC,82,2230,233,79,207,38.2,75.0,199.0,37.7,56.3,0.4339622641509434,0.9299065420560748,3.3417040358744394,3.2125560538116598,32.0,45.0,106.0,296.0,14.0,25.0,39.0,35.9,64.1,0.0,108.0,155.0,263.0,3458,3546,46,535,737,369,8.5,10.7,0.726457399103139,1.7112107623318387,4.77847533632287,0.22600896860986547,0.40358744394618834,0.6295964125560538,0.0,1.7434977578475337,2.502242152466368,4.245739910313901,55.82421524663677,57.24484304932736,0.7426008968609865,8.63677130044843,11.897757847533633,5.95695067264574,2.3555555555555556,0.6897196261682244,1.3013302486986698
Kris Murray,57,1333,129,276,34,122,39,57,90,116,206,81,51,22,47,92,331,1,0.55,10.6,0.8,,,1.3,0.388,0.17,0.0,POR,57,1333,102,34,120,28.3,34.0,120.0,28.3,42.5,0.4347826086956521,0.9836065573770492,3.240810202550638,3.240810202550638,25.0,19.0,43.0,101.0,11.0,16.0,27.0,40.7,59.3,2.0,143.0,49.0,192.0,774,677,10,133,211,99,10.5,12.8,0.5131282820705176,1.1612903225806452,2.72768192048012,0.2970742685671418,0.43210802700675166,0.7291822955738935,0.05401350337584396,3.8619654913728434,1.323330832708177,5.18529632408102,20.903225806451612,18.28357089272318,0.2700675168792198,3.5918979744936235,5.698424606151538,2.673668417104276,2.263157894736842,0.7443609022556391,2.454780361757106
Kristaps Porziņģis,64,1538,346,776,108,320,266,316,80,254,334,162,36,76,82,184,1066,3,0.582,27.3,0.3,,,2.0,0.16,0.198,0.2299999999999999,GSW,32,769,156,53,157,33.8,50.0,145.0,34.5,49.7,0.2023195876288659,0.453125,3.6749024707412223,3.3940182054616383,30.0,46.0,104.0,44.0,8.0,3.0,11.0,72.7,27.3,0.0,225.0,77.0,302.0,793,979,6,121,198,89,10.2,11.2,1.0767230169050714,2.434330299089727,1.0299089726918076,0.18725617685305593,0.07022106631989597,0.2574772431729519,0.0,5.266579973992197,1.8023407022106632,7.068920676202861,18.561768530559167,22.915474642392716,0.14044213263979194,2.832249674902471,4.634590377113134,2.083224967490247,2.260869565217391,0.7355371900826446,5.800756620428752
Kyle Anderson,86,1706,214,404,8,22,96,136,84,216,300,252,90,52,78,192,532,4,0.573,13.2,1.7,,,1.6,0.243,0.559,0.144,MIN,43,853,9,4,15,26.7,1.0,7.0,14.3,30.0,0.0371287128712871,0.3181818181818182,0.3165298944900351,0.1477139507620164,32.0,69.0,161.0,108.0,3.0,2.0,5.0,60.0,40.0,0.0,90.0,62.0,152.0,1158,1005,9,201,306,142,10.9,12.3,1.4560375146541618,3.3974208675263773,2.279015240328253,0.06330597889800703,0.04220398593200469,0.10550996483001172,0.0,1.899179366940211,1.3083235638921453,3.2075029308323564,24.436107854630716,21.207502930832355,0.1899179366940211,4.241500586166471,6.457209847596718,2.996483001172333,2.3333333333333335,0.7064676616915423,5.958549222797927
Kyle Filipowski,77,1801,323,657,74,228,159,212,144,408,552,198,73,39,125,232,879,1,0.586,20.0,-0.5,,,1.3,0.259,0.339,0.055,UTA,77,1801,219,75,224,33.5,69.0,209.0,33.0,48.9,0.3409436834094368,0.9166666666666666,4.477512493059411,4.177679067184897,22.0,112.0,260.0,129.0,22.0,7.0,29.0,75.9,24.1,3.0,259.0,185.0,444.0,2267,1820,29,320,481,237,8.7,10.5,2.2387562465297055,5.197112715158245,2.5785674625208217,0.43975569128262076,0.1399222654081066,0.5796779566907274,0.059966685174902834,5.177123820099944,3.6979455857856744,8.875069405885618,45.31482509716824,36.37978900610772,0.5796779566907274,6.396446418656302,9.614658523042754,4.737368128817324,2.3214285714285716,0.740625,4.94044993383326
Kyle Kuzma,69,1806,339,689,83,239,135,186,57,256,313,184,46,28,119,134,896,1,0.581,21.8,-1.3,,,1.0,0.3,0.257,0.096,MIL,69,1806,214,73,218,33.5,68.0,199.0,34.2,49.1,0.3164005805515239,0.8326359832635983,4.3455149501661126,3.9667774086378738,30.0,32.0,74.0,55.0,6.0,8.0,14.0,42.9,57.1,3.0,155.0,95.0,250.0,2074,2060,34,351,477,232,8.9,11.2,0.6378737541528239,1.4750830564784052,1.0963455149501662,0.11960132890365449,0.15946843853820597,0.27906976744186046,0.059800664451827246,3.089700996677741,1.893687707641196,4.983388704318937,41.3421926910299,41.06312292358804,0.6777408637873754,6.996677740863787,9.508305647840531,4.6245847176079735,2.3125,0.6609686609686609,1.5429122468659595
Kyle Lowry,14,118,4,25,4,25,5,6,0,9,9,11,2,2,4,8,17,1,0.308,11.3,-2.2,,,0.1,0.0,0.0,0.0,PHI,14,118,9,3,19,15.8,3.0,19.0,15.8,23.7,0.76,0.76,5.796610169491525,5.796610169491525,40.0,4.0,10.0,3.0,0.0,0.0,0.0,0.0,0.0,0.0,4.0,3.0,7.0,141,144,2,23,29,13,7.8,9.2,1.2203389830508475,3.0508474576271185,0.9152542372881356,0.0,0.0,0.0,0.0,1.2203389830508475,0.9152542372881356,2.135593220338983,43.016949152542374,43.932203389830505,0.6101694915254238,7.016949152542373,8.847457627118644,3.9661016949152543,2.5,0.5652173913043478,2.8368794326241136
Kyshawn George,48,1391,253,577,99,260,105,131,43,202,245,214,48,43,125,169,710,1,0.559,22.8,-0.6,,,0.5,0.135,0.199,0.215,WAS,48,1391,195,65,153,42.5,65.0,152.0,42.8,63.7,0.2651646447140381,0.5846153846153846,3.959741193386053,3.933860531991373,22.0,27.0,65.0,120.0,11.0,15.0,26.0,42.3,57.7,6.0,185.0,138.0,323.0,1920,2238,32,390,540,266,11.1,13.9,0.6987778576563624,1.6822429906542056,3.1056793673616103,0.28468727534148097,0.3882099209202013,0.6728971962616822,0.1552839683680805,4.787922358015816,3.571531272465852,8.359453630481667,49.690869877785765,57.92092020129403,0.8281811646297628,10.093457943925234,13.975557153127246,6.884255930984903,2.4074074074074074,0.6820512820512821,1.40625
LJ Cryer,18,292,47,117,37,94,17,19,4,24,28,18,3,0,14,28,148,1,0.59,20.3,-2.9,,,0.1,0.009,0.068,0.12,GSW,18,292,66,22,58,37.9,22.0,58.0,37.9,56.9,0.4957264957264957,0.6170212765957447,7.1506849315068495,7.1506849315068495,24.0,3.0,6.0,7.0,0.0,3.0,3.0,0.0,100.0,0.0,6.0,9.0,15.0,393,536,15,39,44,33,4.6,8.4,0.3698630136986301,0.7397260273972602,0.863013698630137,0.0,0.3698630136986301,0.3698630136986301,0.0,0.7397260273972602,1.1095890410958904,1.8493150684931507,48.45205479452055,66.08219178082192,1.8493150684931507,4.808219178082192,5.424657534246576,4.068493150684931,2.0,0.8461538461538461,0.7633587786259542
LaMelo Ball,72,2017,506,1244,272,740,161,179,65,282,347,514,87,17,202,195,1445,1,0.546,32.0,-0.1,,,2.6,0.112,0.185,0.1089999999999999,CHA,72,2017,370,124,333,37.2,122.0,328.0,37.2,55.6,0.267684887459807,0.4432432432432432,5.94348041646009,5.854238968765493,24.0,22.0,53.0,144.0,16.0,24.0,40.0,40.0,60.0,0.0,75.0,61.0,136.0,3515,5081,80,835,1339,637,14.6,18.1,0.3926623698562221,0.9459593455627169,2.5701536936043627,0.285572632622707,0.4283589489340605,0.7139315815567675,0.0,1.338621715418939,1.0887456618740703,2.4273673772930096,62.73673772930094,90.6871591472484,1.427863163113535,14.903321764997521,23.898859692612792,11.369360436291522,2.409090909090909,0.7628742514970059,0.6258890469416786
Lachlan Olbrich,37,344,36,77,2,19,15,40,45,67,112,42,12,8,16,49,89,1,0.47,13.4,-0.2,,,0.3,0.494,0.247,0.013,CHI,37,344,8,3,18,16.7,2.0,17.0,11.8,22.2,0.2337662337662337,0.8947368421052632,1.8837209302325584,1.7790697674418603,22.0,33.0,77.0,25.0,6.0,0.0,6.0,100.0,0.0,3.0,69.0,28.0,97.0,444,347,2,66,107,45,9.5,10.1,3.453488372093023,8.05813953488372,2.616279069767442,0.627906976744186,0.0,0.627906976744186,0.313953488372093,7.22093023255814,2.9302325581395348,10.151162790697674,46.46511627906977,36.31395348837209,0.20930232558139536,6.906976744186046,11.19767441860465,4.709302325581396,2.3333333333333335,0.6818181818181818,7.4324324324324325
Landry Shamet,51,1171,159,364,103,263,54,76,23,69,92,72,31,9,30,77,475,1,0.598,15.7,0.1,,,1.0,0.162,0.038,0.077,NYK,51,1171,237,80,192,41.7,77.0,188.0,41.0,61.7,0.5274725274725275,0.714828897338403,5.90264730999146,5.779675491033305,29.0,19.0,44.0,76.0,3.0,6.0,9.0,33.3,66.7,2.0,103.0,86.0,189.0,997,1215,13,134,191,88,7.2,8.8,0.5841161400512382,1.3526900085397096,2.336464560204953,0.09222886421861656,0.18445772843723313,0.2766865926558497,0.06148590947907771,3.1665243381725023,2.6438941076003415,5.810418445772844,30.65072587532024,37.35269000853971,0.3996584116140051,4.119555935098207,5.871904355251921,2.705380017079419,2.3157894736842106,0.6567164179104478,1.9057171514543632
Larry Nance Jr.,35,449,52,124,21,63,6,13,29,64,93,34,21,6,20,55,131,1,0.505,14.0,0.5,,,0.5,0.315,0.137,0.04,CLE,35,449,57,19,64,29.7,19.0,61.0,31.1,44.5,0.5161290322580645,0.9682539682539684,5.131403118040089,4.89086859688196,33.0,25.0,57.0,51.0,5.0,3.0,8.0,62.5,37.5,3.0,32.0,21.0,53.0,422,374,4,64,89,41,8.1,9.7,2.0044543429844097,4.570155902004454,4.089086859688196,0.40089086859688194,0.24053452115812918,0.6414253897550112,0.24053452115812918,2.5657015590200447,1.6837416481069043,4.249443207126949,33.83518930957684,29.98663697104677,0.3207126948775056,5.131403118040089,7.135857461024499,3.287305122494432,2.28,0.640625,5.924170616113744
Lauri Markkanen,42,1443,384,805,115,324,240,268,84,205,289,89,42,21,63,77,1123,1,0.608,28.1,-2.0,,,0.3,0.21,0.267,0.12,UTA,42,1443,331,112,300,37.3,107.0,287.0,37.3,55.2,0.3726708074534161,0.8858024691358025,7.484407484407485,7.16008316008316,29.0,50.0,122.0,72.0,7.0,11.0,18.0,38.9,61.1,0.0,182.0,71.0,253.0,1185,1487,14,160,226,107,7.5,9.0,1.2474012474012475,3.043659043659044,1.7962577962577964,0.17463617463617465,0.27442827442827444,0.4490644490644491,0.0,4.54054054054054,1.7713097713097714,6.3118503118503115,29.563409563409564,37.0977130977131,0.3492723492723493,3.991683991683992,5.638253638253638,2.6694386694386694,2.44,0.66875,4.219409282700422
Lawson Lovering,2,49,6,10,0,0,2,5,6,9,15,3,3,1,2,7,14,1,0.574,12.1,0.1,,,0.1,0.5,0.5,0.0,MEM,2,49,0,0,0,,0.0,0.0,,,0.0,,0.0,0.0,23.0,8.0,17.0,4.0,1.0,1.0,2.0,50.0,50.0,0.0,12.0,0.0,12.0,30,18,1,2,7,4,10.0,13.3,5.877551020408164,12.489795918367347,2.938775510204082,0.7346938775510204,0.7346938775510204,1.469387755102041,0.0,8.816326530612244,0.0,8.816326530612244,22.040816326530614,13.224489795918368,0.7346938775510204,1.469387755102041,5.142857142857143,2.938775510204082,2.125,2.0,26.666666666666668
LeBron James,60,1989,473,919,77,243,233,316,43,321,364,432,72,35,179,81,1256,1,0.594,27.2,0.2,,,2.1,0.292,0.235,0.209,LAL,60,1989,139,48,145,33.1,43.0,126.0,34.1,47.9,0.1577801958650707,0.5185185185185185,2.6244343891402715,2.2805429864253397,41.0,37.0,87.0,109.0,18.0,18.0,36.0,50.0,50.0,0.0,78.0,71.0,149.0,2802,3771,38,694,1059,505,15.4,18.0,0.669683257918552,1.5746606334841629,1.9728506787330318,0.3257918552036199,0.3257918552036199,0.6515837104072398,0.0,1.411764705882353,1.2850678733031675,2.6968325791855206,50.71493212669683,68.25339366515837,0.6877828054298643,12.561085972850679,19.167420814479637,9.14027149321267,2.3513513513513513,0.7276657060518732,1.3204853675945754
Leaky Black,15,433,40,103,19,55,7,8,15,60,75,22,18,8,14,40,106,1,0.498,11.6,-1.1,,,0.1,0.136,0.087,0.243,WAS,15,433,51,17,50,34.0,17.0,48.0,35.4,51.0,0.4854368932038835,0.8727272727272727,4.157043879907621,3.990762124711317,27.0,10.0,20.0,28.0,1.0,3.0,4.0,25.0,75.0,0.0,23.0,16.0,39.0,380,321,2,56,61,25,5.8,6.6,0.8314087759815243,1.6628175519630486,2.327944572748268,0.08314087759815242,0.24942263279445728,0.3325635103926097,0.0,1.9122401847575057,1.3302540415704387,3.2424942263279446,31.593533487297922,26.68822170900693,0.16628175519630484,4.655889145496536,5.071593533487298,2.0785219399538106,2.0,0.44642857142857145,2.6315789473684212
Leonard Miller,92,1438,290,524,64,198,78,106,108,254,362,80,34,30,72,130,722,3,0.633,18.7,-1.1,,,1.2,0.466,0.134,0.023,CHI,46,719,92,31,91,34.1,30.0,89.0,33.7,50.5,0.1736641221374046,0.4494949494949495,2.278164116828929,2.2280945757997217,22.0,31.0,69.0,35.0,6.0,7.0,13.0,46.2,53.8,0.0,111.0,70.0,181.0,849,611,6,59,102,48,4.7,5.7,0.7760778859527121,1.7273991655076495,0.8762169680111266,0.1502086230876217,0.17524339360222532,0.325452016689847,0.0,2.7788595271210013,1.7524339360222532,4.531293463143254,21.25452016689847,15.296244784422809,0.1502086230876217,1.4770514603616134,2.553546592489569,1.2016689847009736,2.225806451612903,0.8135593220338984,3.651354534746761
Liam McNeeley,31,368,38,95,24,60,32,39,13,60,73,24,5,3,13,36,132,1,0.588,14.4,0.0,,,0.4,0.126,0.211,0.032,CHA,31,368,66,22,55,40.0,22.0,55.0,40.0,60.0,0.5789473684210527,0.9166666666666666,5.380434782608695,5.380434782608695,20.0,4.0,9.0,12.0,2.0,2.0,4.0,50.0,50.0,0.0,40.0,23.0,63.0,331,261,4,35,63,29,7.3,8.8,0.391304347826087,0.8804347826086957,1.173913043478261,0.1956521739130435,0.1956521739130435,0.391304347826087,0.0,3.9130434782608696,2.25,6.163043478260869,32.380434782608695,25.532608695652176,0.391304347826087,3.4239130434782608,6.163043478260869,2.8369565217391304,2.25,0.8285714285714286,1.2084592145015105
Lindy Waters III,40,285,33,88,27,79,2,3,3,26,29,19,6,1,7,24,95,1,0.532,14.2,-0.3,,,0.3,0.057,0.023,0.022,SAS,40,285,66,22,61,36.1,22.0,61.0,36.1,54.1,0.6931818181818182,0.7721518987341772,7.705263157894737,7.705263157894737,28.0,11.0,22.0,11.0,1.0,1.0,2.0,50.0,50.0,2.0,14.0,14.0,28.0,286,329,5,40,49,27,6.6,9.4,1.3894736842105264,2.778947368421053,1.3894736842105264,0.12631578947368421,0.12631578947368421,0.25263157894736843,0.25263157894736843,1.768421052631579,1.768421052631579,3.536842105263158,36.126315789473686,41.55789473684211,0.631578947368421,5.052631578947368,6.189473684210526,3.4105263157894736,2.0,0.675,3.8461538461538463
Lonzo Ball,35,728,53,176,40,147,14,21,26,114,140,136,45,9,52,46,160,1,0.432,13.7,1.8,,,1.0,0.097,0.023,0.046,CLE,35,728,77,26,107,24.3,25.0,105.0,23.8,36.0,0.6079545454545454,0.7142857142857143,5.291208791208791,5.1923076923076925,28.0,20.0,49.0,77.0,8.0,13.0,21.0,38.1,61.9,0.0,47.0,49.0,96.0,1317,1259,26,236,349,173,10.3,13.1,0.989010989010989,2.423076923076923,3.8076923076923075,0.3956043956043956,0.6428571428571429,1.0384615384615385,0.0,2.3241758241758244,2.423076923076923,4.747252747252747,65.12637362637362,62.25824175824176,1.2857142857142858,11.67032967032967,17.25824175824176,8.554945054945055,2.45,0.7330508474576272,1.5186028853454823
Lucas Williamson,7,224,25,75,15,53,8,8,11,27,38,18,11,1,10,26,73,1,0.465,16.4,-2.1,,,0.2,0.173,0.08,0.04,MEM,7,224,36,12,43,27.9,12.0,42.0,28.6,41.9,0.5733333333333334,0.7924528301886793,6.910714285714286,6.75,27.0,0.0,0.0,25.0,2.0,0.0,2.0,100.0,0.0,0.0,6.0,11.0,17.0,279,260,4,30,46,24,6.5,8.6,0.0,0.0,4.017857142857143,0.32142857142857145,0.0,0.32142857142857145,0.0,0.9642857142857143,1.7678571428571428,2.732142857142857,44.839285714285715,41.785714285714285,0.6428571428571429,4.821428571428571,7.392857142857143,3.857142857142857,,0.8,0.0
Luguentz Dort,69,1849,202,524,128,372,44,58,56,189,245,85,62,27,54,179,576,1,0.524,14.1,0.8,,,3.0,0.115,0.055,0.12,OKC,69,1849,357,120,340,35.3,117.0,332.0,35.2,52.5,0.648854961832061,0.8924731182795699,6.619794483504597,6.464034613304489,27.0,64.0,146.0,119.0,7.0,13.0,20.0,35.0,65.0,2.0,91.0,163.0,254.0,1295,1418,22,162,224,113,6.6,8.7,1.2460789616008654,2.842617631151974,2.3169280692266088,0.13628988642509465,0.2531097890751758,0.38939967550027044,0.038939967550027044,1.7717685235262304,3.1736073553272037,4.945375878853434,25.21362898864251,27.60843699296917,0.4283396430502975,3.1541373715521903,4.361276365603029,2.200108166576528,2.28125,0.6975308641975309,4.942084942084942
Luka Dončić,64,2289,693,1457,254,694,503,645,41,454,495,530,105,34,255,153,2143,1,0.616,38.1,1.3,,,2.9,0.076,0.198,0.249,LAL,64,2289,209,70,186,37.6,69.0,182.0,37.9,56.2,0.1276595744680851,0.2622478386167147,2.925294888597641,2.8623853211009176,27.0,5.0,10.0,196.0,16.0,22.0,38.0,42.1,57.9,14.0,149.0,169.0,318.0,3391,5099,105,830,1297,684,15.6,20.2,0.07863695937090433,0.15727391874180865,3.0825688073394497,0.2516382699868938,0.34600262123197906,0.5976408912188729,0.22018348623853212,2.343381389252949,2.657929226736566,5.001310615989515,53.33158584534731,80.19397116644824,1.651376146788991,13.053735255570118,20.398427260812582,10.757536041939712,2.0,0.8240963855421687,0.14744913005013272
Luka Garza,69,1118,206,357,55,127,90,117,156,125,281,66,27,28,46,161,557,1,0.682,17.7,0.2,,,1.4,0.353,0.232,0.059,BOS,69,1118,184,65,144,45.1,54.0,126.0,42.9,63.9,0.4033613445378151,0.9921259842519684,4.636851520572451,4.057245080500895,27.0,171.0,399.0,92.0,17.0,3.0,20.0,85.0,15.0,5.0,232.0,66.0,298.0,1175,947,8,96,162,74,5.6,6.3,5.506261180679785,12.847942754919499,2.962432915921288,0.5474060822898033,0.09660107334525939,0.6440071556350626,0.16100178890876565,7.470483005366726,2.1252236135957068,9.595706618962433,37.83542039355993,30.493738819320214,0.25760286225402507,3.0912343470483004,5.216457960644007,2.3828264758497317,2.3333333333333335,0.7708333333333334,14.553191489361701
Luke Kennard,156,3362,472,886,234,490,126,138,64,300,364,348,110,16,120,202,1304,3,0.689,13.5,0.1,,,2.8,0.113,0.117,0.217,LAL,78,1680,305,104,210,49.5,97.0,199.0,48.7,72.6,0.237020316027088,0.4061224489795918,2.248661511005354,2.130874479476502,30.0,38.0,90.0,105.0,9.0,8.0,17.0,52.9,47.1,0.0,90.0,80.0,170.0,1638,1764,30,288,451,226,10.6,13.8,0.40690065437239736,0.9637120761451516,1.124330755502677,0.09637120761451518,0.08566329565734682,0.182034503271862,0.0,0.9637120761451516,0.8566329565734682,1.82034503271862,17.53955978584176,18.88875669244497,0.32123735871505055,3.0838786436644856,4.829268292682927,2.4199881023200476,2.3684210526315788,0.7847222222222222,2.31990231990232
Luke Kornet,68,1430,175,272,0,0,94,114,181,233,414,126,32,65,28,120,444,1,0.689,10.3,2.1,,,2.3,0.827,0.143,0.03,SAS,68,1430,4,2,5,40.0,0.0,0.0,,40.0,0.0183823529411764,,0.1258741258741259,0.0,30.0,237.0,532.0,58.0,6.0,6.0,12.0,50.0,50.0,4.0,510.0,141.0,651.0,1418,1041,12,186,311,143,8.9,10.1,5.966433566433566,13.393006993006994,1.46013986013986,0.15104895104895105,0.15104895104895105,0.3020979020979021,0.1006993006993007,12.839160839160838,3.5496503496503498,16.38881118881119,35.697902097902094,26.206993006993006,0.3020979020979021,4.682517482517483,7.829370629370629,3.6,2.2447257383966246,0.7688172043010753,16.713681241184766
Luke Travers,12,103,9,36,1,16,9,9,9,15,24,9,7,4,3,6,28,1,0.35,17.5,1.0,,,0.2,0.361,0.167,0.028,CLE,12,103,3,1,16,6.3,1.0,16.0,6.3,9.4,0.4444444444444444,1.0,5.592233009708738,5.592233009708738,24.0,2.0,5.0,11.0,2.0,1.0,3.0,66.7,33.3,0.0,12.0,4.0,16.0,115,93,2,14,21,11,7.8,9.6,0.6990291262135923,1.7475728155339805,3.8446601941747574,0.6990291262135923,0.34951456310679613,1.0485436893203883,0.0,4.194174757281553,1.3980582524271845,5.592233009708738,40.19417475728155,32.50485436893204,0.6990291262135923,4.893203883495145,7.339805825242719,3.8446601941747574,2.5,0.7857142857142857,1.7391304347826086
Mac McClung,22,270,46,118,14,60,28,36,4,16,20,20,22,6,18,38,134,3,0.501,23.6,0.5,,,0.3,0.288,0.153,0.051,CHI,11,135,9,3,22,13.6,3.0,22.0,13.6,20.5,0.1864406779661017,0.3666666666666666,2.933333333333333,2.933333333333333,27.0,1.0,3.0,12.0,0.0,2.0,2.0,0.0,100.0,0.0,11.0,7.0,18.0,143,193,3,23,22,13,7.0,9.1,0.13333333333333333,0.4,1.6,0.0,0.26666666666666666,0.26666666666666666,0.0,1.4666666666666666,0.9333333333333333,2.4,19.066666666666666,25.733333333333334,0.4,3.066666666666667,2.933333333333333,1.7333333333333334,3.0,0.5652173913043478,0.6993006993006993
Malachi Smith,15,359,48,99,20,46,8,8,12,39,51,49,12,4,14,13,124,1,0.605,14.2,-0.8,,,0.2,0.202,0.253,0.081,BKN,15,359,48,16,34,47.1,16.0,34.0,47.1,70.6,0.3434343434343434,0.7391304347826086,3.4094707520891365,3.4094707520891365,26.0,3.0,9.0,25.0,1.0,1.0,2.0,50.0,50.0,1.0,23.0,19.0,42.0,526,513,5,88,125,57,9.3,10.8,0.3008356545961003,0.9025069637883009,2.5069637883008355,0.10027855153203342,0.10027855153203342,0.20055710306406685,0.10027855153203342,2.3064066852367686,1.9052924791086352,4.211699164345404,52.74651810584958,51.44289693593315,0.5013927576601671,8.824512534818941,12.534818941504179,5.715877437325905,3.0,0.6477272727272727,0.5703422053231939
Malaki Branham,28,275,43,91,14,37,28,34,12,32,44,23,10,3,15,21,128,1,0.604,18.4,-1.5,,,0.0,0.253,0.297,0.044,WAS,28,275,33,11,24,45.8,11.0,24.0,45.8,68.8,0.2637362637362637,0.6486486486486487,3.1418181818181816,3.1418181818181816,23.0,3.0,8.0,12.0,5.0,3.0,8.0,62.5,37.5,0.0,25.0,19.0,44.0,312,315,5,51,58,30,7.4,9.6,0.3927272727272727,1.0472727272727274,1.5709090909090908,0.6545454545454545,0.3927272727272727,1.0472727272727274,0.0,3.272727272727273,2.4872727272727273,5.76,40.843636363636364,41.236363636363635,0.6545454545454545,6.676363636363637,7.592727272727273,3.9272727272727272,2.6666666666666665,0.5882352941176471,0.9615384615384616
Malevy Leons,25,276,32,72,4,16,15,19,30,23,53,23,14,9,13,31,83,1,0.516,14.4,0.2,,,0.3,0.361,0.375,0.042,GSW,25,276,12,4,15,26.7,4.0,15.0,26.7,40.0,0.2083333333333333,0.9375,1.9565217391304348,1.9565217391304348,26.0,7.0,18.0,25.0,3.0,2.0,5.0,60.0,40.0,0.0,41.0,20.0,61.0,291,258,5,39,55,28,7.9,9.6,0.9130434782608695,2.347826086956522,3.260869565217391,0.391304347826087,0.2608695652173913,0.6521739130434783,0.0,5.3478260869565215,2.608695652173913,7.956521739130435,37.95652173913044,33.65217391304348,0.6521739130434783,5.086956521739131,7.173913043478261,3.652173913043478,2.5714285714285716,0.717948717948718,2.4054982817869415
Malik Monk,62,1364,277,632,124,314,94,107,15,102,117,185,37,24,91,99,772,1,0.568,24.0,-2.1,,,0.2,0.108,0.217,0.179,SAC,62,1364,234,78,172,45.3,78.0,171.0,45.6,68.0,0.2721518987341772,0.5445859872611465,4.53958944281525,4.513196480938417,28.0,20.0,43.0,80.0,13.0,11.0,24.0,54.2,45.8,1.0,88.0,71.0,159.0,1505,2263,20,330,461,225,12.3,15.0,0.5278592375366569,1.1348973607038124,2.1114369501466275,0.34310850439882695,0.2903225806451613,0.6334310850439883,0.026392961876832845,2.3225806451612905,1.8739002932551319,4.196480938416422,39.72140762463343,59.72727272727273,0.5278592375366569,8.709677419354838,12.167155425219942,5.93841642228739,2.15,0.6818181818181818,1.3289036544850499
MarJon Beauchamp,14,196,33,76,16,47,13,19,7,25,32,15,9,4,13,13,95,1,0.563,21.0,-1.0,,,0.2,0.184,0.105,0.092,PHI,14,196,33,11,36,30.6,11.0,36.0,30.6,45.8,0.4736842105263157,0.7659574468085106,6.612244897959184,6.612244897959184,25.0,3.0,7.0,17.0,1.0,3.0,4.0,25.0,75.0,0.0,10.0,14.0,24.0,171,202,4,26,39,20,8.8,11.7,0.5510204081632653,1.2857142857142858,3.122448979591837,0.1836734693877551,0.5510204081632653,0.7346938775510204,0.0,1.836734693877551,2.5714285714285716,4.408163265306122,31.408163265306122,37.10204081632653,0.7346938775510204,4.775510204081633,7.163265306122449,3.673469387755102,2.3333333333333335,0.7692307692307693,1.7543859649122806
Marcus Sasser,38,457,69,177,44,106,15,18,7,32,39,75,20,4,31,41,197,1,0.533,19.6,-0.2,,,0.6,0.085,0.136,0.181,DET,38,457,91,31,63,49.2,29.0,60.0,48.3,72.2,0.3559322033898305,0.5660377358490566,4.962800875273523,4.726477024070022,25.0,2.0,6.0,37.0,3.0,3.0,6.0,50.0,50.0,0.0,17.0,22.0,39.0,628,868,8,122,194,93,11.9,14.8,0.1575492341356674,0.4726477024070022,2.914660831509847,0.2363238512035011,0.2363238512035011,0.4726477024070022,0.0,1.3391684901531729,1.7330415754923414,3.072210065645514,49.47045951859956,68.37636761487965,0.6301969365426696,9.610503282275712,15.282275711159738,7.326039387308534,3.0,0.7622950819672131,0.3184713375796178
Marcus Smart,62,1769,188,476,97,293,106,129,36,136,172,185,87,23,92,162,579,1,0.543,15.4,0.6,,,1.6,0.109,0.162,0.113,LAL,62,1769,262,88,260,33.8,86.0,256.0,33.6,50.4,0.5462184873949579,0.8737201365187713,5.29112492933861,5.209723007348785,32.0,37.0,90.0,172.0,17.0,20.0,37.0,45.9,54.1,20.0,76.0,117.0,193.0,2032,2485,28,312,458,237,9.1,11.7,0.752967778405879,1.8315432447710571,3.5002826455624647,0.34595816845675526,0.4070096099491238,0.752967778405879,0.4070096099491238,1.5466365178066703,2.381006218202374,3.9276427360090445,41.352176370830975,50.57094403617863,0.5698134539287734,6.349349915206331,9.320520067834934,4.823063877897117,2.4324324324324325,0.7596153846153846,1.8208661417322836
Mark Sears,7,26,6,13,4,8,6,8,1,1,2,2,0,0,4,4,22,1,0.666,34.9,-4.6,,,0.0,0.077,0.154,0.154,MIL,7,26,9,3,4,75.0,3.0,4.0,75.0,112.5,0.3076923076923077,0.5,5.538461538461538,5.538461538461538,24.0,0.0,0.0,2.0,1.0,0.0,1.0,100.0,0.0,0.0,2.0,2.0,4.0,30,55,1,5,5,3,6.7,10.0,0.0,0.0,2.769230769230769,1.3846153846153846,0.0,1.3846153846153846,0.0,2.769230769230769,2.769230769230769,5.538461538461538,41.53846153846154,76.15384615384616,1.3846153846153846,6.923076923076923,6.923076923076923,4.153846153846154,,0.6,0.0
Mark Williams,60,1416,282,438,1,1,135,175,185,292,477,58,55,55,65,132,700,1,0.68,17.4,0.5,,,2.3,0.626,0.317,0.055,PHX,60,1416,11,5,17,29.4,1.0,1.0,100.0,32.4,0.0388127853881278,1.0,0.4322033898305085,0.0254237288135593,24.0,150.0,351.0,140.0,12.0,13.0,25.0,48.0,52.0,0.0,350.0,153.0,503.0,1508,1101,7,90,146,66,3.8,4.4,3.8135593220338984,8.923728813559322,3.559322033898305,0.3050847457627119,0.3305084745762712,0.635593220338983,0.0,8.898305084745763,3.889830508474576,12.788135593220339,38.33898305084746,27.991525423728813,0.17796610169491525,2.288135593220339,3.711864406779661,1.6779661016949152,2.34,0.7333333333333333,9.946949602122016
Markelle Fultz,5,36,2,11,0,0,0,0,0,1,1,8,2,0,4,2,4,1,0.182,17.9,-4.0,,,0.0,0.091,0.364,0.546,TOR,5,36,0,0,1,0.0,0.0,0.0,,0.0,0.0909090909090909,,1.0,0.0,28.0,0.0,0.0,3.0,0.0,0.0,0.0,0.0,0.0,0.0,0.0,3.0,3.0,48,71,1,11,21,11,16.7,22.9,0.0,0.0,3.0,0.0,0.0,0.0,0.0,0.0,3.0,3.0,48.0,71.0,1.0,11.0,21.0,11.0,,1.0,0.0
Marvin Bagley III,120,2402,508,822,48,104,190,288,300,432,732,170,56,86,122,246,1254,3,0.661,18.6,-1.0,,,1.6,0.528,0.326,0.019,DAL,60,1201,70,24,53,45.3,22.0,48.0,45.8,66.0,0.0644768856447688,0.4615384615384615,0.794338051623647,0.7194004995836802,27.0,177.0,416.0,57.0,13.0,9.0,22.0,59.1,40.9,7.0,249.0,112.0,361.0,1284,1053,10,130,219,100,6.6,7.8,2.6527893422148208,6.234804329725229,0.8542880932556203,0.1948376353039134,0.13488759367194006,0.32972522897585343,0.10491257285595337,3.7318900915903415,1.678601165695254,5.410491257285595,19.243963363863447,15.781848459616986,0.1498751040799334,1.948376353039134,3.282264779350541,1.4987510407993339,2.3502824858757063,0.7692307692307693,13.785046728971963
Mason Plumlee,40,344,22,28,0,0,18,28,34,72,106,40,20,0,24,34,62,3,0.769,7.9,2.6,,,0.6,0.857,0.143,0.0,SAS,20,171,0,0,0,,0.0,0.0,,,0.0,,0.0,0.0,36.0,21.0,50.0,12.0,3.0,0.0,3.0,100.0,0.0,1.0,29.0,11.0,40.0,211,116,1,26,54,23,9.5,10.9,2.197674418604651,5.232558139534884,1.255813953488372,0.313953488372093,0.0,0.313953488372093,0.10465116279069768,3.0348837209302326,1.1511627906976745,4.186046511627907,22.08139534883721,12.13953488372093,0.10465116279069768,2.7209302325581395,5.651162790697675,2.4069767441860463,2.380952380952381,0.8846153846153846,9.95260663507109
Matas Buzelis,77,2248,446,963,173,495,187,238,77,371,448,158,55,116,159,177,1252,1,0.586,22.8,-0.4,,,2.1,0.319,0.145,0.0209999999999999,CHI,77,2248,423,141,384,36.7,141.0,383.0,36.8,55.1,0.3987538940809969,0.7737373737373737,6.149466192170818,6.133451957295374,21.0,29.0,69.0,103.0,19.0,15.0,34.0,55.9,44.1,2.0,398.0,212.0,610.0,2682,2877,32,301,398,198,5.9,7.4,0.46441281138790036,1.104982206405694,1.6494661921708185,0.304270462633452,0.2402135231316726,0.5444839857651246,0.03202846975088968,6.3736654804270465,3.395017793594306,9.768683274021353,42.95017793594306,46.0729537366548,0.5124555160142349,4.820284697508897,6.3736654804270465,3.170818505338078,2.3793103448275863,0.6578073089700996,1.081282624906786
Matisse Thybulle,30,480,58,134,37,93,21,25,17,42,59,27,60,16,28,43,174,1,0.6,14.7,6.1,,,1.0,0.179,0.119,0.007,POR,30,480,95,32,81,39.5,31.0,80.0,38.8,58.6,0.6044776119402985,0.8602150537634409,6.075,6.0,29.0,6.0,16.0,117.0,4.0,11.0,15.0,26.7,73.3,1.0,20.0,22.0,42.0,444,408,4,51,68,33,6.1,7.4,0.45,1.2,8.775,0.3,0.825,1.125,0.075,1.5,1.65,3.15,33.3,30.6,0.3,3.825,5.1,2.475,2.6666666666666665,0.6470588235294118,1.3513513513513513
Max Christie,77,2244,320,725,180,446,125,139,15,234,249,151,47,27,96,98,945,1,0.601,16.5,-0.6,,,1.4,0.137,0.141,0.108,DAL,77,2244,399,133,308,43.2,133.0,307.0,43.3,64.8,0.4248275862068965,0.6883408071748879,4.941176470588236,4.925133689839572,23.0,57.0,124.0,78.0,10.0,12.0,22.0,45.5,54.5,1.0,236.0,138.0,374.0,2056,2341,26,270,373,190,7.3,9.2,0.9144385026737968,1.9893048128342246,1.2513368983957218,0.16042780748663102,0.1925133689839572,0.35294117647058826,0.016042780748663103,3.786096256684492,2.213903743315508,6.0,32.98395721925134,37.55614973262032,0.41711229946524064,4.331550802139038,5.983957219251337,3.0481283422459895,2.175438596491228,0.7037037037037037,2.772373540856031
Max Shulga,11,36,2,8,1,4,2,2,3,3,6,2,1,0,3,10,7,1,0.394,14.3,-0.5,,,0.0,0.125,0.125,0.25,BOS,11,36,3,1,4,25.0,1.0,4.0,25.0,37.5,0.5,1.0,4.0,4.0,24.0,2.0,5.0,1.0,0.0,0.0,0.0,0.0,0.0,0.0,3.0,2.0,5.0,53,58,1,10,4,3,3.8,5.7,2.0,5.0,1.0,0.0,0.0,0.0,0.0,3.0,2.0,5.0,53.0,58.0,1.0,10.0,4.0,3.0,2.5,0.3,3.7735849056603774
Max Strus,12,288,47,106,33,82,7,9,9,56,65,24,3,0,9,34,134,1,0.609,17.4,-1.3,,,0.2,0.151,0.057,0.019,CLE,12,288,87,29,70,41.4,29.0,70.0,41.4,62.1,0.660377358490566,0.8536585365853658,8.75,8.75,30.0,12.0,27.0,9.0,1.0,1.0,2.0,50.0,50.0,1.0,18.0,19.0,37.0,389,340,6,38,60,34,6.2,8.7,1.5,3.375,1.125,0.125,0.125,0.25,0.125,2.25,2.375,4.625,48.625,42.5,0.75,4.75,7.5,4.25,2.25,0.8947368421052632,3.0848329048843186
Maxi Kleber,43,461,33,73,6,26,14,26,36,48,84,27,18,11,17,60,86,1,0.509,9.6,0.3,,,0.4,0.274,0.274,0.096,LAL,43,461,18,6,29,20.7,6.0,26.0,23.1,31.0,0.3972602739726027,1.0,2.2646420824295013,2.030368763557484,34.0,55.0,128.0,25.0,4.0,2.0,6.0,66.7,33.3,1.0,100.0,39.0,139.0,385,310,0,46,76,31,7.0,8.1,4.295010845986985,9.995661605206074,1.9522776572668112,0.3123644251626898,0.1561822125813449,0.4685466377440347,0.07809110629067245,7.809110629067245,3.0455531453362257,10.854663774403472,30.065075921908893,24.20824295010846,0.0,3.592190889370933,5.934924078091107,2.420824295010846,2.327272727272727,0.6739130434782609,14.285714285714286
Maxime Raynaud,74,1964,383,671,24,74,132,168,142,414,556,100,38,39,94,170,922,1,0.619,18.2,-1.6,,,1.0,0.198,0.534,0.158,SAC,74,1964,127,52,126,41.3,23.0,71.0,32.4,50.4,0.187779433681073,0.9594594594594594,2.309572301425662,1.3014256619144602,23.0,210.0,469.0,77.0,11.0,14.0,25.0,44.0,56.0,0.0,374.0,182.0,556.0,2388,1650,13,163,246,119,4.2,5.0,3.84928716904277,8.59674134419552,1.4114052953156824,0.20162932790224034,0.25661914460285135,0.45824847250509165,0.0,6.855397148676171,3.336048879837067,10.191446028513239,43.771894093686356,30.24439918533605,0.23828920570264767,2.9877800407331976,4.509164969450102,2.1812627291242364,2.2333333333333334,0.7300613496932515,8.793969849246231
Micah Peavy,61,913,106,275,28,108,22,29,46,71,117,61,43,9,20,96,262,1,0.455,14.0,-0.8,,,0.5,0.313,0.2,0.095,NOP,61,913,82,28,103,27.2,26.0,99.0,26.3,39.8,0.3745454545454545,0.9166666666666666,4.061336254107339,3.903614457831325,24.0,11.0,27.0,78.0,8.0,7.0,15.0,53.3,46.7,1.0,61.0,44.0,105.0,635,559,12,100,149,77,9.6,12.1,0.43373493975903615,1.0646221248630887,3.075575027382256,0.3154435925520263,0.276013143483023,0.5914567360350493,0.03943044906900329,2.4052573932092005,1.7349397590361446,4.140197152245345,25.038335158817087,22.041621029572838,0.47316538882803943,3.9430449069003286,5.87513691128149,3.036144578313253,2.4545454545454546,0.77,1.7322834645669292
Micah Potter,47,908,151,293,71,168,85,101,58,175,233,69,22,15,47,82,458,1,0.679,18.0,-0.8,,,0.7,0.249,0.143,0.034,IND,47,908,216,73,175,41.7,70.0,166.0,42.2,61.7,0.5972696245733788,0.988095238095238,6.938325991189427,6.581497797356828,28.0,71.0,162.0,46.0,4.0,5.0,9.0,44.4,55.6,0.0,216.0,83.0,299.0,1055,866,6,97,176,79,6.5,7.5,2.814977973568282,6.422907488986784,1.8237885462555066,0.15859030837004406,0.19823788546255505,0.3568281938325991,0.0,8.56387665198238,3.290748898678414,11.854625550660794,41.82819383259912,34.33480176211454,0.23788546255506607,3.845814977973568,6.977973568281938,3.13215859030837,2.2816901408450705,0.8144329896907216,6.729857819905213
Michael Porter Jr.,52,1689,444,958,176,485,195,227,69,298,367,158,55,13,122,116,1259,1,0.595,30.5,-1.2,,,1.3,0.185,0.13,0.178,BKN,52,1689,396,137,364,37.6,122.0,325.0,37.5,54.4,0.3799582463465553,0.6701030927835051,7.758436944937833,6.927175843694494,28.0,37.0,82.0,97.0,16.0,15.0,31.0,51.6,48.4,0.0,96.0,66.0,162.0,1800,2203,26,266,391,200,8.8,11.1,0.7886323268206039,1.7477797513321491,2.0674955595026643,0.3410301953818828,0.3197158081705151,0.6607460035523979,0.0,2.0461811722912966,1.4067495559502665,3.452930728241563,38.36589698046181,46.95559502664298,0.5541740674955595,5.6696269982238015,8.33392539964476,4.262877442273535,2.2162162162162162,0.7518796992481203,2.0555555555555554
Mikal Bridges,82,2692,472,963,156,420,81,98,79,233,312,304,107,62,83,160,1181,1,0.587,17.3,1.4,,,3.3,0.202,0.144,0.217,NYK,82,2692,470,162,422,38.4,146.0,389.0,37.5,55.7,0.4382139148494288,0.9261904761904762,5.643387815750372,5.202080237741456,29.0,23.0,50.0,183.0,18.0,21.0,39.0,46.2,53.8,1.0,277.0,152.0,429.0,3299,3582,64,513,802,384,9.2,11.6,0.3075780089153046,0.6686478454680534,2.447251114413076,0.24071322436849926,0.28083209509658247,0.5215453194650818,0.01337295690936107,3.7043090638930165,2.0326894502228825,5.736998514115899,44.11738484398217,47.90193164933135,0.8558692421991084,6.860326894502228,10.725111441307577,5.135215453194651,2.1739130434782608,0.7485380116959064,0.6971809639284632
Mike Conley,54,991,72,215,56,166,45,50,18,75,93,157,35,14,34,84,245,1,0.517,11.5,1.0,,,1.0,0.056,0.107,0.065,MIN,54,991,123,41,110,37.3,41.0,108.0,38.0,55.9,0.5116279069767442,0.6506024096385542,3.995963673057518,3.923309788092836,38.0,17.0,41.0,69.0,9.0,11.0,20.0,45.0,55.0,0.0,62.0,50.0,112.0,1699,1944,28,274,399,201,9.2,11.8,0.6175580221997982,1.4894046417759839,2.506559031281534,0.32694248234106965,0.39959636730575177,0.7265388496468214,0.0,2.2522704339051463,1.8163471241170535,4.0686175580222,61.71947527749748,70.61957618567104,1.01715438950555,9.953582240161452,14.494450050454088,7.301715438950555,2.411764705882353,0.7335766423357665,1.0005885815185402
Miles Bridges,77,2387,479,1042,148,445,208,253,75,375,450,246,46,34,107,131,1314,1,0.57,22.3,-0.1,,,2.5,0.231,0.286,0.055,CHA,77,2387,359,121,331,36.6,117.0,321.0,36.4,54.2,0.3176583493282149,0.7213483146067415,4.99204021784667,4.8412232928361965,28.0,48.0,123.0,99.0,26.0,14.0,40.0,65.0,35.0,0.0,250.0,206.0,456.0,2616,3035,45,448,669,303,9.4,11.6,0.7239212400502724,1.8550481776288228,1.4930875576036866,0.3921240050272308,0.21114369501466276,0.6032677000418936,0.0,3.7704231252618348,3.106828655215752,6.877251780477587,39.45370758273984,45.772936740678674,0.6786761625471303,6.756598240469208,10.089652283200671,4.569752827817344,2.5625,0.6763392857142857,1.834862385321101
Miles Kelly,14,134,16,44,10,33,1,1,5,19,24,12,4,1,6,12,43,1,0.484,15.8,-0.5,,,0.1,0.091,0.068,0.091,DAL,14,134,30,10,34,29.4,10.0,33.0,30.3,44.1,0.7727272727272727,1.0,9.134328358208956,8.865671641791044,23.0,1.0,2.0,7.0,3.0,1.0,4.0,75.0,25.0,0.0,9.0,3.0,12.0,100,115,2,17,31,14,12.0,14.0,0.26865671641791045,0.5373134328358209,1.8805970149253732,0.8059701492537313,0.26865671641791045,1.0746268656716418,0.0,2.417910447761194,0.8059701492537313,3.2238805970149254,26.865671641791046,30.895522388059703,0.5373134328358209,4.567164179104478,8.328358208955224,3.7611940298507465,2.0,0.8235294117647058,1.0
Miles McBride,41,1080,171,404,112,271,37,47,24,76,100,106,35,9,33,70,491,1,0.578,18.2,0.2,,,1.1,0.064,0.087,0.178,NYK,41,1080,222,74,187,39.6,74.0,186.0,39.8,59.4,0.4628712871287129,0.6863468634686347,6.233333333333333,6.2,25.0,19.0,44.0,75.0,11.0,9.0,20.0,55.0,45.0,0.0,103.0,71.0,174.0,1389,1648,27,200,270,139,7.6,10.0,0.6333333333333333,1.4666666666666666,2.5,0.36666666666666664,0.3,0.6666666666666666,0.0,3.433333333333333,2.3666666666666667,5.8,46.3,54.93333333333333,0.9,6.666666666666667,9.0,4.633333333333334,2.3157894736842106,0.695,1.3678905687544995
Mitchell Robinson,60,1175,149,206,0,0,42,103,252,273,525,52,56,70,41,127,340,1,0.676,10.7,1.5,,,2.5,0.922,0.073,0.005,NYK,60,1175,2,1,1,100.0,0.0,0.0,,100.0,0.0048543689320388,,0.0306382978723404,0.0,28.0,146.0,332.0,127.0,20.0,12.0,32.0,62.5,37.5,0.0,161.0,98.0,259.0,899,525,16,73,135,71,5.8,7.9,4.473191489361702,10.171914893617021,3.891063829787234,0.6127659574468085,0.3676595744680851,0.9804255319148936,0.0,4.932765957446809,3.0025531914893615,7.93531914893617,27.543829787234042,16.085106382978722,0.4902127659574468,2.236595744680851,4.136170212765958,2.17531914893617,2.2739726027397262,0.9726027397260274,16.240266963292548
Mo Bamba,8,88,10,22,0,0,0,0,20,24,44,2,0,6,4,12,20,3,0.455,12.2,-3.6,,,0.0,0.727,0.091,0.182,UTA,4,44,2,1,1,100.0,0.0,0.0,,100.0,0.0454545454545454,,0.4090909090909091,0.0,28.0,1.0,2.0,1.0,0.0,2.0,2.0,0.0,100.0,0.0,11.0,9.0,20.0,48,27,0,2,5,2,2.1,4.2,0.4090909090909091,0.8181818181818182,0.4090909090909091,0.0,0.8181818181818182,0.8181818181818182,0.0,4.5,3.6818181818181817,8.181818181818182,19.636363636363637,11.045454545454545,0.0,0.8181818181818182,2.0454545454545454,0.8181818181818182,2.0,1.0,2.0833333333333335
Mohamed Diawara,69,634,90,213,48,130,18,24,15,79,94,53,17,6,30,50,246,1,0.55,17.1,0.1,,,0.7,0.197,0.103,0.089,NYK,69,634,135,47,116,40.5,41.0,107.0,38.3,58.2,0.5446009389671361,0.823076923076923,6.586750788643533,6.075709779179811,21.0,9.0,20.0,28.0,3.0,2.0,5.0,60.0,40.0,0.0,45.0,28.0,73.0,744,747,9,103,138,64,7.1,8.6,0.5110410094637224,1.135646687697161,1.5899053627760253,0.17034700315457413,0.11356466876971609,0.28391167192429023,0.0,2.555205047318612,1.5899053627760253,4.145110410094637,42.246056782334385,42.41640378548896,0.5110410094637224,5.848580441640379,7.83596214511041,3.634069400630915,2.2222222222222223,0.6213592233009708,1.2096774193548387
Monte Morris,6,65,7,20,2,8,2,4,1,6,7,9,1,1,2,3,18,1,0.414,15.5,-1.4,,,0.0,0.25,0.2,0.15,IND,6,65,3,1,6,16.7,1.0,6.0,16.7,25.0,0.3,0.75,3.3230769230769237,3.3230769230769237,31.0,0.0,0.0,5.0,1.0,0.0,1.0,100.0,0.0,0.0,3.0,5.0,8.0,125,148,1,28,23,11,7.2,8.8,0.0,0.0,2.769230769230769,0.5538461538461539,0.0,0.5538461538461539,0.0,1.6615384615384616,2.769230769230769,4.430769230769231,69.23076923076923,81.96923076923076,0.5538461538461539,15.507692307692308,12.738461538461538,6.092307692307692,,0.39285714285714285,0.0
Moritz Wagner,36,427,83,195,22,70,59,72,27,88,115,27,15,2,19,58,247,1,0.545,24.3,-0.8,,,0.6,0.251,0.369,0.021,ORL,36,427,57,19,67,28.4,19.0,66.0,28.8,42.5,0.3435897435897436,0.9428571428571428,5.648711943793911,5.56440281030445,29.0,29.0,67.0,38.0,5.0,7.0,12.0,41.7,58.3,5.0,47.0,21.0,68.0,483,482,7,48,69,35,5.6,7.2,2.4449648711943794,5.648711943793911,3.2037470725995316,0.4215456674473068,0.5901639344262295,1.0117096018735363,0.4215456674473068,3.962529274004684,1.7704918032786885,5.7330210772833725,40.721311475409834,40.63700234192037,0.5901639344262295,4.046838407494145,5.817330210772834,2.9508196721311477,2.310344827586207,0.7291666666666666,6.004140786749482
Moses Moody,60,1540,245,557,151,377,87,113,51,149,200,98,58,34,57,122,728,1,0.6,18.3,-0.3,,,1.4,0.127,0.117,0.079,GSW,60,1540,420,141,333,42.3,138.0,326.0,42.3,63.1,0.5978456014362658,0.8647214854111406,7.784415584415584,7.62077922077922,24.0,11.0,26.0,145.0,20.0,23.0,43.0,46.5,53.5,3.0,140.0,76.0,216.0,1153,1519,24,203,255,128,8.5,11.1,0.2571428571428571,0.6077922077922078,3.3896103896103895,0.4675324675324675,0.5376623376623376,1.0051948051948052,0.07012987012987013,3.272727272727273,1.7766233766233765,5.049350649350649,26.953246753246752,35.50909090909091,0.561038961038961,4.745454545454545,5.961038961038961,2.9922077922077923,2.3636363636363638,0.6305418719211823,0.9540329575021682
Mouhamadou Gueye,2,45,6,11,1,5,3,4,2,4,6,6,2,1,3,4,16,1,0.627,14.6,-1.7,,,0.0,0.545,0.0,0.0,CHI,2,45,0,0,4,0.0,0.0,4.0,0.0,0.0,0.3636363636363636,0.8,3.2,3.2,27.0,6.0,13.0,3.0,0.0,0.0,0.0,0.0,0.0,0.0,4.0,5.0,9.0,39,34,0,6,15,6,15.4,15.4,4.8,10.4,2.4,0.0,0.0,0.0,0.0,3.2,4.0,7.2,31.2,27.2,0.0,4.8,12.0,4.8,2.1666666666666665,1.0,15.384615384615385
Mouhamed Gueye,77,1179,131,290,40,130,40,62,89,186,275,69,61,39,33,127,342,1,0.539,12.4,1.3,,,1.8,0.338,0.138,0.076,ATL,77,1179,123,42,138,30.4,39.0,125.0,31.2,44.6,0.4758620689655172,0.9615384615384616,4.213740458015267,3.816793893129771,23.0,58.0,139.0,139.0,12.0,13.0,25.0,48.0,52.0,2.0,169.0,105.0,274.0,1057,777,7,135,182,79,6.5,7.5,1.7709923664122138,4.244274809160306,4.244274809160306,0.366412213740458,0.3969465648854962,0.7633587786259542,0.061068702290076333,5.1603053435114505,3.2061068702290076,8.366412213740459,32.274809160305345,23.72519083969466,0.21374045801526717,4.122137404580153,5.557251908396947,2.4122137404580153,2.396551724137931,0.5851851851851851,5.4872280037842955
Moussa Cisse,38,530,66,115,0,0,38,81,89,127,216,9,19,45,30,73,170,1,0.564,14.3,0.7,,,0.9,0.791,0.209,0.0,DAL,38,530,0,0,0,,0.0,0.0,,,0.0,,0.0,0.0,23.0,69.0,164.0,46.0,11.0,5.0,16.0,68.8,31.3,0.0,149.0,45.0,194.0,414,228,2,32,22,12,2.2,2.9,4.686792452830189,11.139622641509433,3.1245283018867926,0.7471698113207547,0.33962264150943394,1.0867924528301887,0.0,10.120754716981132,3.056603773584906,13.177358490566037,28.120754716981132,15.486792452830189,0.13584905660377358,2.1735849056603773,1.4943396226415093,0.8150943396226416,2.3768115942028984,0.375,16.666666666666668
Moussa Diabaté,73,1899,229,363,1,2,116,176,273,362,635,141,56,72,73,176,575,1,0.653,11.4,1.2,,,2.8,0.636,0.314,0.044,CHA,73,1899,11,5,7,71.4,1.0,1.0,100.0,78.6,0.0192837465564738,0.5,0.1327014218009478,0.0189573459715639,24.0,215.0,512.0,97.0,28.0,10.0,38.0,73.7,26.3,0.0,379.0,181.0,560.0,2114,1394,29,227,378,181,6.7,8.6,4.075829383886256,9.706161137440759,1.838862559241706,0.5308056872037915,0.1895734597156398,0.7203791469194313,0.0,7.184834123222749,3.4312796208530805,10.616113744075829,40.07582938388626,26.42654028436019,0.5497630331753555,4.303317535545023,7.165876777251185,3.4312796208530805,2.3813953488372093,0.7973568281938326,10.170293282876065
Myles Turner,71,1912,284,646,147,384,131,177,75,303,378,103,50,115,83,185,846,1,0.584,18.6,0.0,,,1.8,0.152,0.135,0.119,MIL,71,1912,436,152,377,40.3,132.0,341.0,38.7,57.8,0.5835913312693498,0.8880208333333334,7.098326359832636,6.420502092050209,30.0,121.0,293.0,124.0,11.0,12.0,23.0,47.8,52.2,0.0,434.0,140.0,574.0,1442,1639,17,157,275,129,7.1,8.9,2.278242677824268,5.51673640167364,2.3347280334728033,0.20711297071129708,0.22594142259414227,0.4330543933054393,0.0,8.171548117154812,2.6359832635983262,10.807531380753138,27.15062761506276,30.859832635983263,0.3200836820083682,2.9560669456066946,5.177824267782427,2.428870292887029,2.4214876033057853,0.821656050955414,8.39112343966713
Myron Gardner,45,411,59,123,26,64,19,26,39,83,122,44,20,8,17,78,163,1,0.606,15.0,1.9,,,0.6,0.301,0.138,0.041,MIA,45,411,66,22,58,37.9,22.0,57.0,38.6,56.9,0.4715447154471545,0.890625,5.08029197080292,4.992700729927007,25.0,2.0,5.0,45.0,6.0,3.0,9.0,66.7,33.3,0.0,41.0,20.0,61.0,524,390,11,94,120,58,8.4,11.1,0.17518248175182483,0.43795620437956206,3.9416058394160585,0.5255474452554745,0.26277372262773724,0.7883211678832117,0.0,3.591240875912409,1.7518248175182483,5.343065693430657,45.8978102189781,34.160583941605836,0.9635036496350365,8.233576642335766,10.510948905109489,5.08029197080292,2.5,0.6170212765957447,0.3816793893129771
N'Faly Dante,4,15,1,4,0,0,1,1,3,4,7,0,2,0,1,1,3,1,0.338,15.1,-0.8,,,0.0,0.5,0.25,0.25,ATL,4,15,0,0,1,0.0,0.0,0.0,,0.0,0.25,,2.4,0.0,24.0,1.0,3.0,2.0,0.0,0.0,0.0,0.0,0.0,0.0,4.0,0.0,4.0,13,7,0,1,0,0,0.0,0.0,2.4,7.2,4.8,0.0,0.0,0.0,0.0,9.6,0.0,9.6,31.2,16.8,0.0,2.4,0.0,0.0,3.0,0.0,7.6923076923076925
Nae'Qwan Tomlin,64,1004,150,314,27,115,47,61,86,100,186,53,41,34,29,125,374,1,0.549,15.5,0.1,,,1.1,0.503,0.121,0.01,CLE,64,1004,75,25,108,23.1,25.0,105.0,23.8,34.7,0.3439490445859872,0.9130434782608696,3.872509960159362,3.764940239043825,25.0,29.0,70.0,113.0,12.0,8.0,20.0,60.0,40.0,0.0,91.0,79.0,170.0,739,731,9,92,140,68,7.2,9.2,1.0398406374501992,2.50996015936255,4.051792828685259,0.4302788844621514,0.2868525896414343,0.7171314741035857,0.0,3.262948207171315,2.8326693227091635,6.095617529880478,26.49800796812749,26.211155378486055,0.32270916334661354,3.298804780876494,5.0199203187251,2.4382470119521913,2.413793103448276,0.7391304347826086,3.9242219215155614
Naji Marshall,74,2184,419,821,62,213,228,300,65,283,348,241,82,6,119,143,1128,1,0.592,20.5,0.1,,,1.8,0.21,0.37,0.161,DAL,74,2184,161,54,185,29.2,53.0,174.0,30.5,43.5,0.2253349573690621,0.8169014084507042,3.0494505494505493,2.868131868131868,28.0,26.0,57.0,138.0,15.0,19.0,34.0,44.1,55.9,0.0,145.0,147.0,292.0,2413,2916,26,418,605,284,10.0,11.8,0.42857142857142855,0.9395604395604396,2.2747252747252746,0.24725274725274726,0.3131868131868132,0.5604395604395604,0.0,2.39010989010989,2.423076923076923,4.813186813186813,39.77472527472528,48.065934065934066,0.42857142857142855,6.8901098901098905,9.972527472527473,4.681318681318682,2.1923076923076925,0.6794258373205742,1.077496891835889
Nate Williams,14,239,43,88,13,30,13,15,20,10,30,14,5,0,15,26,112,1,0.592,19.5,-2.9,,,0.1,0.284,0.364,0.011,GSW,14,239,36,12,28,42.9,12.0,28.0,42.9,64.3,0.3181818181818182,0.9333333333333332,4.2175732217573225,4.2175732217573225,27.0,0.0,0.0,23.0,4.0,1.0,5.0,80.0,20.0,0.0,10.0,18.0,28.0,144,199,4,29,32,19,9.7,13.2,0.0,0.0,3.4644351464435146,0.602510460251046,0.1506276150627615,0.7531380753138075,0.0,1.506276150627615,2.711297071129707,4.2175732217573225,21.690376569037657,29.97489539748954,0.602510460251046,4.368200836820083,4.820083682008368,2.8619246861924688,,0.6551724137931034,0.0
Naz Reid,77,2007,397,871,162,448,90,123,90,387,477,170,76,78,126,195,1046,1,0.565,22.1,1.0,,,3.2,0.147,0.258,0.08,MIN,77,2007,398,134,353,38.0,130.0,345.0,37.7,56.4,0.4052812858783008,0.7700892857142857,6.331838565022421,6.188340807174888,26.0,46.0,113.0,129.0,17.0,20.0,37.0,45.9,54.1,4.0,270.0,170.0,440.0,2757,2470,30,275,430,206,6.2,7.5,0.8251121076233184,2.0269058295964126,2.31390134529148,0.30493273542600896,0.35874439461883406,0.6636771300448431,0.07174887892376682,4.84304932735426,3.0493273542600896,7.8923766816143495,49.45291479820628,44.30493273542601,0.5381165919282511,4.932735426008969,7.713004484304933,3.695067264573991,2.4565217391304346,0.7490909090909091,1.66848023213638
Neemias Queta,76,1926,326,499,1,8,123,175,230,406,636,126,60,100,75,216,776,1,0.674,14.7,2.0,,,3.6,0.545,0.389,0.0499999999999999,BOS,76,1926,13,6,19,31.6,1.0,6.0,16.7,34.2,0.0380761523046092,0.75,0.3551401869158878,0.1121495327102803,26.0,276.0,672.0,127.0,14.0,8.0,22.0,63.6,36.4,0.0,433.0,158.0,591.0,1970,1568,19,206,323,152,6.4,7.7,5.158878504672897,12.560747663551401,2.3738317757009346,0.2616822429906542,0.14953271028037382,0.411214953271028,0.0,8.093457943925234,2.953271028037383,11.046728971962617,36.822429906542055,29.30841121495327,0.35514018691588783,3.850467289719626,6.037383177570093,2.8411214953271027,2.4347826086956523,0.7378640776699029,14.01015228426396
Nic Claxton,69,1920,333,583,3,19,141,229,168,310,478,253,45,77,96,158,810,1,0.592,17.7,0.6,,,1.5,0.497,0.395,0.075,BKN,69,1920,21,9,36,25.0,3.0,14.0,21.4,29.2,0.0617495711835334,0.7368421052631579,0.675,0.2625,27.0,199.0,486.0,116.0,18.0,9.0,27.0,66.7,33.3,0.0,326.0,174.0,500.0,2509,2438,17,454,654,292,10.1,11.6,3.73125,9.1125,2.175,0.3375,0.16875,0.50625,0.0,6.1125,3.2625,9.375,47.04375,45.7125,0.31875,8.5125,12.2625,5.475,2.442211055276382,0.6431718061674009,7.931446791550418
Nick Richards,96,1402,206,402,10,36,130,202,154,332,486,32,20,64,118,176,552,3,0.562,18.2,-1.2,,,1.6,0.488,0.338,0.085,CHI,48,701,27,11,27,40.7,5.0,17.0,29.4,50.0,0.0671641791044776,0.4722222222222222,0.6932952924393724,0.4365192582025677,28.0,89.0,206.0,31.0,6.0,2.0,8.0,75.0,25.0,0.0,142.0,52.0,194.0,673,517,6,36,39,22,2.4,3.3,2.2853067047075606,5.289586305278174,0.7960057061340942,0.15406562054208273,0.05135520684736091,0.20542082738944364,0.0,3.646219686162625,1.3352353780313837,4.981455064194009,17.281027104136946,13.275320970042795,0.15406562054208273,0.9243937232524965,1.0014265335235377,0.5649072753209701,2.3146067415730336,0.6111111111111112,13.224368499257057
Nick Smith Jr.,30,375,70,161,34,86,11,15,3,20,23,31,9,2,21,28,185,1,0.552,22.0,-2.6,,,0.2,0.037,0.18,0.249,LAL,30,375,68,23,52,44.2,22.0,51.0,43.1,65.4,0.3229813664596273,0.5930232558139535,4.992,4.896,22.0,5.0,11.0,10.0,2.0,5.0,7.0,28.6,71.4,0.0,16.0,23.0,39.0,468,682,9,61,81,44,6.6,9.4,0.48,1.056,0.96,0.192,0.48,0.672,0.0,1.536,2.208,3.744,44.928,65.472,0.864,5.856,7.776,4.224,2.2,0.7213114754098361,1.0683760683760684
Nickeil Alexander-Walker,78,2603,548,1195,251,629,277,307,52,216,268,286,102,42,162,173,1624,1,0.61,23.9,-0.4,,,2.7,0.216,0.128,0.13,ATL,78,2603,587,198,460,43.0,191.0,448.0,42.6,63.8,0.3849372384937238,0.712241653418124,6.361890126776796,6.195927775643488,27.0,40.0,88.0,271.0,28.0,30.0,58.0,48.3,51.7,4.0,176.0,82.0,258.0,2978,4282,60,530,731,364,9.6,12.2,0.5532078371110257,1.2170572416442567,3.747983096427199,0.387245485977718,0.4149058778332693,0.8021513638109873,0.05532078371110257,2.4341144832885133,1.1340760660776028,3.568190549366116,41.186323472915866,59.220898962735305,0.8298117556665386,7.330003841721091,10.109873223203996,5.034191317710334,2.2,0.6867924528301886,1.3431833445265278
Nicolas Batum,74,1295,96,238,92,228,9,11,23,161,184,64,47,23,37,100,293,1,0.603,9.6,0.7,,,1.2,0.008,0.004,0.029,LAC,74,1295,267,90,220,40.9,87.0,213.0,40.8,60.7,0.9243697478991596,0.9342105263157896,6.115830115830116,5.921235521235522,37.0,18.0,39.0,93.0,7.0,12.0,19.0,36.8,63.2,0.0,125.0,89.0,214.0,1409,806,9,123,171,84,4.5,6.0,0.5003861003861004,1.0841698841698841,2.5853281853281853,0.1945945945945946,0.3335907335907336,0.5281853281853282,0.0,3.474903474903475,2.474131274131274,5.949034749034749,39.16911196911197,22.406177606177607,0.2501930501930502,3.4193050193050194,4.753667953667954,2.3351351351351353,2.1666666666666665,0.6829268292682927,1.27750177430802
Nigel Hayes-Davis,27,195,15,46,2,16,2,4,12,21,33,7,8,2,8,16,34,1,0.356,12.1,-0.8,,,0.2,0.087,0.283,0.282,PHX,27,195,6,2,15,13.3,2.0,15.0,13.3,20.0,0.3260869565217391,0.9375,2.769230769230769,2.769230769230769,31.0,6.0,16.0,18.0,3.0,2.0,5.0,60.0,40.0,0.0,17.0,4.0,21.0,167,145,1,22,23,10,4.2,6.0,1.1076923076923078,2.953846153846154,3.3230769230769233,0.5538461538461539,0.36923076923076925,0.9230769230769231,0.0,3.1384615384615384,0.7384615384615385,3.876923076923077,30.83076923076923,26.76923076923077,0.18461538461538463,4.061538461538461,4.246153846153846,1.8461538461538463,2.6666666666666665,0.45454545454545453,3.592814371257485
Nikola Jokić,65,2265,644,1132,112,295,399,480,192,644,836,697,92,53,243,173,1799,1,0.67,30.4,4.1,,,3.4,0.216,0.374,0.15,DEN,65,2265,292,107,237,45.1,78.0,195.0,40.0,61.6,0.2093639575971731,0.6610169491525424,3.766887417218543,3.0993377483443707,31.0,221.0,513.0,177.0,22.0,16.0,38.0,57.9,42.1,1.0,255.0,134.0,389.0,4736,5000,85,1091,1782,858,14.7,18.1,3.5125827814569535,8.15364238410596,2.8132450331125827,0.34966887417218545,0.2543046357615894,0.6039735099337749,0.015894039735099338,4.052980132450331,2.1298013245033114,6.182781456953642,75.27417218543046,79.47019867549669,1.3509933774834437,17.340397350993378,28.32317880794702,13.637086092715231,2.321266968325792,0.7864344637946837,4.666385135135135
Nikola Jović,47,808,115,314,45,167,69,101,25,128,153,102,26,17,65,65,344,1,0.48,21.4,-0.1,,,1.0,0.191,0.232,0.044,MIA,47,808,117,39,159,24.5,39.0,153.0,25.5,36.8,0.5063694267515924,0.9161676646706588,7.084158415841584,6.816831683168317,23.0,10.0,24.0,41.0,4.0,4.0,8.0,50.0,50.0,1.0,126.0,66.0,192.0,1084,1168,18,184,263,131,9.4,12.1,0.44554455445544555,1.0693069306930694,1.8267326732673268,0.1782178217821782,0.1782178217821782,0.3564356435643564,0.04455445544554455,5.6138613861386135,2.9405940594059405,8.554455445544555,48.2970297029703,52.039603960396036,0.801980198019802,8.198019801980198,11.717821782178218,5.836633663366337,2.4,0.7119565217391305,0.922509225092251
Nikola Topić,10,160,22,51,6,15,2,5,7,12,19,44,5,0,25,13,52,1,0.489,21.2,-3.2,,,0.2,0.235,0.392,0.078,OKC,10,160,12,4,10,40.0,4.0,10.0,40.0,60.0,0.196078431372549,0.6666666666666666,2.25,2.25,20.0,0.0,0.0,8.0,1.0,0.0,1.0,100.0,0.0,0.0,9.0,7.0,16.0,275,364,2,79,110,47,16.0,17.1,0.0,0.0,1.8,0.225,0.0,0.225,0.0,2.025,1.575,3.6,61.875,81.9,0.45,17.775,24.75,10.575,,0.5949367088607594,0.0
Nikola Vučević,128,3636,788,1598,200,542,154,186,250,824,1074,426,78,82,170,254,1930,3,0.574,21.4,0.1,,,3.8,0.199,0.324,0.138,BOS,64,1818,384,143,346,41.3,98.0,263.0,37.3,55.5,0.2165206508135169,0.4852398523985239,3.4257425742574257,2.603960396039604,35.0,144.0,311.0,90.0,11.0,6.0,17.0,64.7,35.3,1.0,335.0,167.0,502.0,2764,2925,25,362,536,246,7.7,8.9,1.4257425742574257,3.0792079207920793,0.8910891089108911,0.10891089108910891,0.0594059405940594,0.16831683168316833,0.009900990099009901,3.3168316831683167,1.6534653465346534,4.97029702970297,27.366336633663366,28.96039603960396,0.24752475247524752,3.5841584158415842,5.306930693069307,2.4356435643564356,2.1597222222222223,0.6795580110497238,5.209840810419681
Nique Clifford,75,1882,249,596,77,231,70,97,65,217,282,179,68,24,116,156,645,1,0.505,17.0,-1.2,,,0.6,0.141,0.262,0.21,SAC,75,1882,180,62,174,35.6,56.0,158.0,35.4,51.7,0.2919463087248322,0.683982683982684,3.328374070138151,3.022316684378321,24.0,29.0,67.0,143.0,10.0,16.0,26.0,38.5,61.5,9.0,166.0,157.0,323.0,2107,2129,32,322,444,228,8.5,10.8,0.5547290116896918,1.281615302869288,2.7353878852284805,0.19128586609989373,0.30605738575983,0.4973432518597237,0.17215727948990436,3.175345377258236,3.0031880977683314,6.178533475026567,40.30393198724761,40.724760892667376,0.61211477151966,6.159404888416578,8.493092454835281,4.361317747077577,2.310344827586207,0.7080745341614907,1.3763644992880872
Noa Essengue,2,6,0,3,0,2,0,0,0,0,0,0,1,0,0,1,0,1,0.0,20.8,-3.0,,,0.0,0.333,0.0,0.0,CHI,2,6,0,0,2,0.0,0.0,2.0,0.0,0.0,0.6666666666666666,1.0,12.0,12.0,19.0,0.0,0.0,0.0,0.0,0.0,0.0,0.0,0.0,0.0,1.0,0.0,1.0,7,7,0,0,0,0,0.0,0.0,0.0,0.0,0.0,0.0,0.0,0.0,0.0,6.0,0.0,6.0,42.0,42.0,0.0,0.0,0.0,0.0,,,0.0
Noah Clowney,66,1780,250,631,129,392,180,224,52,221,273,108,50,45,102,168,809,1,0.554,20.4,-1.1,,,1.2,0.124,0.201,0.054,BKN,66,1780,362,121,361,33.5,120.0,359.0,33.4,50.1,0.572107765451664,0.9158163265306124,7.301123595505618,7.260674157303371,21.0,25.0,58.0,108.0,10.0,15.0,25.0,40.0,60.0,4.0,262.0,153.0,415.0,1609,1730,9,207,288,127,6.7,7.9,0.5056179775280899,1.1730337078651685,2.1842696629213485,0.20224719101123595,0.30337078651685395,0.5056179775280899,0.08089887640449438,5.298876404494382,3.09438202247191,8.393258426966293,32.54157303370786,34.98876404494382,0.18202247191011237,4.186516853932584,5.824719101123596,2.5685393258426967,2.32,0.6135265700483091,1.5537600994406464
Noah Penda,59,757,82,203,30,93,33,48,67,120,187,70,30,18,42,70,227,1,0.506,14.8,0.6,,,1.0,0.241,0.256,0.045,ORL,59,757,69,23,75,30.7,23.0,74.0,31.1,46.0,0.3694581280788177,0.7956989247311828,3.5667107001321003,3.5191545574636725,21.0,20.0,44.0,60.0,8.0,13.0,21.0,38.1,61.9,0.0,90.0,44.0,134.0,999,765,8,135,171,82,7.0,8.2,0.9511228533685601,2.092470277410832,2.85336856010568,0.380449141347424,0.618229854689564,0.9986789960369881,0.0,4.28005284015852,2.092470277410832,6.372523117569353,47.508586525759576,36.38044914134743,0.380449141347424,6.420079260237781,8.132100396301189,3.8996036988110965,2.2,0.6074074074074074,2.002002002002002
Nolan Traoré,56,1243,182,479,61,192,74,94,14,85,99,213,45,23,129,119,499,1,0.479,22.8,-2.0,,,0.6,0.194,0.311,0.094,BKN,56,1243,138,46,149,30.9,46.0,148.0,31.1,46.3,0.3110647181628392,0.7708333333333334,4.315366049879324,4.2864038616251,20.0,7.0,16.0,77.0,11.0,9.0,20.0,55.0,45.0,1.0,151.0,51.0,202.0,2262,3075,33,436,559,258,9.4,11.4,0.20273531777956558,0.46339501206757844,2.230088495575221,0.3185840707964602,0.2606596942880129,0.5792437650844731,0.028962188254223652,4.373290426387771,1.4770716009654064,5.850362027353178,65.5124698310539,89.05872888173774,0.9557522123893806,12.627514078841513,16.189863234111023,7.472244569589702,2.2857142857142856,0.591743119266055,0.3094606542882405
Norchad Omier,6,24,7,10,0,1,3,3,4,3,7,2,1,0,0,4,17,1,0.751,20.9,-0.1,,,0.0,0.6,0.2,0.1,LAC,6,24,0,0,1,0.0,0.0,1.0,0.0,0.0,0.1,1.0,1.5,1.5,24.0,2.0,4.0,2.0,0.0,0.0,0.0,0.0,0.0,0.0,2.0,2.0,4.0,38,23,0,3,5,2,5.3,5.3,3.0,6.0,3.0,0.0,0.0,0.0,0.0,3.0,3.0,6.0,57.0,34.5,0.0,4.5,7.5,3.0,2.0,0.6666666666666666,5.2631578947368425
Norman Powell,58,1717,421,895,156,410,263,318,22,181,203,143,64,14,111,127,1261,1,0.609,27.2,-0.3,,,1.7,0.2,0.207,0.135,MIA,58,1717,304,104,259,40.2,96.0,243.0,39.5,58.7,0.2893854748603351,0.5926829268292683,5.430401863715783,5.094933022714036,33.0,15.0,34.0,150.0,9.0,21.0,30.0,30.0,70.0,0.0,63.0,71.0,134.0,1361,2284,27,261,350,176,10.5,12.9,0.31450203843913804,0.7128712871287128,3.14502038439138,0.18870122306348283,0.4403028538147932,0.6290040768782761,0.0,1.3209085614443796,1.4886429819452534,2.809551543389633,28.535818287711123,47.88817705299942,0.5661036691904484,5.472335468841002,7.338380896913221,3.6901572510192198,2.2666666666666666,0.6743295019157088,1.1021307861866274
OG Anunoby,67,2224,389,804,157,407,183,221,85,266,351,145,104,48,123,164,1118,1,0.62,19.7,1.1,,,3.2,0.31,0.106,0.079,NYK,67,2224,419,140,338,41.4,139.0,331.0,42.0,62.0,0.4203980099502487,0.8132678132678133,5.471223021582734,5.357913669064748,28.0,20.0,48.0,184.0,20.0,23.0,43.0,46.5,53.5,3.0,262.0,203.0,465.0,1788,1943,29,270,390,188,8.1,10.5,0.3237410071942446,0.7769784172661871,2.9784172661870505,0.3237410071942446,0.3723021582733813,0.6960431654676259,0.048561151079136694,4.241007194244604,3.285971223021583,7.526978417266187,28.942446043165468,31.451438848920862,0.4694244604316547,4.370503597122302,6.31294964028777,3.0431654676258995,2.4,0.6962962962962963,1.1185682326621924
Obi Toppin,24,424,100,199,37,105,42,46,13,93,106,55,12,1,28,28,279,1,0.636,24.8,-0.4,,,0.3,0.261,0.111,0.1,IND,24,424,121,42,98,42.9,37.0,88.0,42.0,61.7,0.4924623115577889,0.8380952380952381,8.320754716981131,7.471698113207547,28.0,15.0,33.0,20.0,3.0,4.0,7.0,42.9,57.1,0.0,25.0,28.0,53.0,654,617,4,85,136,61,8.4,9.3,1.2735849056603774,2.80188679245283,1.6981132075471699,0.25471698113207547,0.33962264150943394,0.5943396226415094,0.0,2.1226415094339623,2.3773584905660377,4.5,55.528301886792455,52.386792452830186,0.33962264150943394,7.216981132075472,11.547169811320755,5.179245283018868,2.2,0.7176470588235294,2.293577981651376
Ochai Agbaji,124,1946,244,560,68,256,72,86,92,190,282,94,48,34,62,186,628,3,0.525,14.6,-0.5,,,1.6,0.346,0.161,0.036,BKN,62,973,87,29,112,25.9,29.0,111.0,26.1,38.8,0.2,0.43359375,2.071942446043165,2.05344295991778,26.0,13.0,29.0,69.0,7.0,5.0,12.0,58.3,41.7,0.0,124.0,71.0,195.0,870,756,8,105,134,63,5.4,7.2,0.24049331963001028,0.5364850976361768,1.276464542651593,0.12949640287769784,0.09249743062692703,0.22199383350462487,0.0,2.2939362795477902,1.313463514902364,3.607399794450154,16.094552929085303,13.985611510791367,0.14799588900308325,1.9424460431654675,2.4789311408016443,1.1654676258992807,2.230769230769231,0.6,1.4942528735632183
Olivier Sarr,4,39,5,7,2,3,2,5,2,9,11,5,2,3,2,9,14,1,0.761,12.1,4.3,,,0.1,0.571,0.0,0.0,CLE,4,39,6,2,3,66.7,2.0,3.0,66.7,100.0,0.4285714285714285,1.0,2.769230769230769,2.769230769230769,27.0,5.0,12.0,2.0,0.0,0.0,0.0,0.0,0.0,0.0,8.0,3.0,11.0,45,31,0,4,11,5,11.1,11.1,4.615384615384615,11.076923076923077,1.8461538461538463,0.0,0.0,0.0,0.0,7.384615384615385,2.769230769230769,10.153846153846153,41.53846153846154,28.615384615384617,0.0,3.6923076923076925,10.153846153846153,4.615384615384615,2.4,1.25,11.11111111111111
Olivier-Maxence Prosper,53,984,192,350,60,148,86,114,59,128,187,51,40,13,47,83,530,1,0.662,18.9,-1.2,,,0.7,0.357,0.183,0.037,MEM,53,984,164,55,141,39.0,54.0,138.0,39.1,58.2,0.4028571428571428,0.9324324324324323,5.158536585365853,5.048780487804878,23.0,68.0,165.0,65.0,11.0,14.0,25.0,44.0,56.0,1.0,135.0,65.0,200.0,902,878,7,91,130,63,5.7,7.0,2.4878048780487805,6.036585365853658,2.3780487804878048,0.4024390243902439,0.5121951219512195,0.9146341463414634,0.036585365853658534,4.939024390243903,2.3780487804878048,7.317073170731708,33.0,32.1219512195122,0.25609756097560976,3.3292682926829267,4.7560975609756095,2.3048780487804876,2.426470588235294,0.6923076923076923,7.5388026607538805
Omer Yurtseven,9,104,11,26,0,4,12,18,13,17,30,8,2,1,9,15,34,1,0.501,17.5,-2.0,,,0.1,0.385,0.385,0.077,GSW,9,104,2,1,6,16.7,0.0,4.0,0.0,16.7,0.2307692307692307,1.0,2.076923076923077,1.3846153846153846,28.0,17.0,38.0,4.0,3.0,0.0,3.0,100.0,0.0,0.0,17.0,4.0,21.0,151,108,0,10,22,9,5.3,6.0,5.884615384615385,13.153846153846153,1.3846153846153846,1.0384615384615385,0.0,1.0384615384615385,0.0,5.884615384615385,1.3846153846153846,7.269230769230769,52.26923076923077,37.38461538461539,0.0,3.4615384615384617,7.615384615384615,3.1153846153846154,2.235294117647059,0.9,11.258278145695364
Onyeka Okongwu,74,2297,413,860,144,383,153,202,140,422,562,231,82,79,127,243,1123,1,0.592,19.5,0.8,,,3.3,0.23,0.274,0.0499999999999999,ATL,74,2297,430,145,377,38.5,140.0,364.0,38.5,57.0,0.4383720930232558,0.9503916449086162,5.908576404005224,5.704832390074009,25.0,159.0,375.0,174.0,30.0,28.0,58.0,51.7,48.3,2.0,391.0,174.0,565.0,2718,2566,32,346,594,282,8.5,10.4,2.4919460165433174,5.877231171092729,2.7270352633870267,0.4701784936874184,0.4388332607749238,0.9090117544623422,0.03134523291249456,6.127993034392686,2.7270352633870267,8.855028297779713,42.5981715280801,40.21593382673052,0.501523726599913,5.422725293861559,9.309534175010883,4.419677840661732,2.358490566037736,0.815028901734104,5.849889624724062
Orlando Robinson,4,25,3,5,1,2,0,0,2,2,4,3,1,0,0,3,7,1,0.7,8.4,0.6,,,0.0,0.4,0.2,0.0,ORL,4,25,3,1,2,50.0,1.0,2.0,50.0,75.0,0.4,1.0,2.88,2.88,25.0,2.0,5.0,2.0,0.0,0.0,0.0,0.0,0.0,0.0,6.0,1.0,7.0,40,30,0,7,8,4,7.5,10.0,2.88,7.2,2.88,0.0,0.0,0.0,0.0,8.64,1.44,10.08,57.6,43.2,0.0,10.08,11.52,5.76,2.5,0.5714285714285714,5.0
Oscar Tshiebwe,27,448,92,145,0,0,27,49,77,102,179,32,16,5,21,39,211,1,0.633,17.2,-2.8,,,0.3,0.531,0.4,0.069,UTA,27,448,10,5,11,45.5,0.0,0.0,,45.5,0.0758620689655172,,0.8839285714285714,0.0,26.0,40.0,89.0,29.0,7.0,2.0,9.0,77.8,22.2,0.0,49.0,35.0,84.0,408,309,4,48,83,42,7.8,10.3,3.2142857142857144,7.151785714285714,2.330357142857143,0.5625,0.16071428571428573,0.7232142857142857,0.0,3.9375,2.8125,6.75,32.785714285714285,24.830357142857142,0.32142857142857145,3.857142857142857,6.669642857142857,3.375,2.225,0.875,9.803921568627452
Oso Ighodaro,82,1808,239,366,0,1,53,117,138,280,418,185,73,57,101,218,531,1,0.636,12.2,2.3,,,2.6,0.522,0.38,0.096,PHX,82,1808,30,15,32,46.9,0.0,1.0,0.0,46.9,0.087431693989071,1.0,0.6371681415929203,0.0199115044247787,23.0,251.0,622.0,172.0,18.0,13.0,31.0,58.1,41.9,0.0,318.0,116.0,434.0,2101,1893,22,333,491,220,8.8,10.5,4.997787610619469,12.38495575221239,3.424778761061947,0.3584070796460177,0.2588495575221239,0.6172566371681416,0.0,6.331858407079646,2.309734513274336,8.641592920353983,41.834070796460175,37.692477876106196,0.43805309734513276,6.630530973451328,9.776548672566372,4.380530973451328,2.4780876494023905,0.6606606606606606,11.946692051404094
Ousmane Dieng,114,2198,336,796,126,370,64,90,58,302,360,272,50,34,150,156,862,3,0.516,19.7,-1.2,,,1.8,0.133,0.153,0.248,MIL,57,1099,119,40,102,39.2,39.0,100.0,39.0,58.3,0.1281407035175879,0.2702702702702703,1.670609645131938,1.637852593266606,23.0,10.0,24.0,55.0,7.0,6.0,13.0,53.8,46.2,0.0,138.0,102.0,240.0,1354,1570,23,249,349,169,10.0,12.5,0.1637852593266606,0.39308462238398545,0.9008189262966333,0.11464968152866242,0.09827115559599636,0.21292083712465878,0.0,2.260236578707916,1.670609645131938,3.9308462238398545,22.176524112829846,25.714285714285715,0.37670609645131936,4.078252957233849,5.716105550500455,2.7679708826205642,2.4,0.678714859437751,0.7385524372230429
P.J. Washington,56,1736,296,658,76,234,125,182,84,310,394,98,55,60,94,119,793,1,0.537,20.1,0.1,,,2.0,0.243,0.324,0.077,DAL,56,1736,210,70,206,34.0,70.0,201.0,34.8,51.0,0.3130699088145897,0.8589743589743589,4.271889400921659,4.168202764976958,27.0,41.0,89.0,105.0,13.0,17.0,30.0,43.3,56.7,1.0,222.0,151.0,373.0,1841,1615,13,167,249,121,5.3,6.6,0.8502304147465438,1.8456221198156681,2.1774193548387095,0.2695852534562212,0.35253456221198154,0.6221198156682027,0.020737327188940093,4.6036866359447,3.1313364055299537,7.735023041474655,38.17741935483871,33.49078341013825,0.2695852534562212,3.4631336405529956,5.163594470046083,2.5092165898617513,2.1707317073170733,0.7245508982035929,2.2270505160239003
PJ Hall,38,428,60,118,6,10,46,58,66,84,150,20,6,20,32,44,172,3,0.599,17.3,-0.7,,,0.6,0.644,0.22,0.051,CHA,19,213,9,3,7,42.9,3.0,5.0,60.0,64.3,0.059322033898305,0.5,0.5887850467289719,0.4205607476635514,24.0,15.0,40.0,4.0,2.0,3.0,5.0,40.0,60.0,0.0,53.0,27.0,80.0,209,153,1,22,27,12,4.8,5.7,1.2616822429906542,3.364485981308411,0.3364485981308411,0.16822429906542055,0.2523364485981308,0.4205607476635514,0.0,4.457943925233645,2.2710280373831777,6.728971962616822,17.57943925233645,12.869158878504672,0.08411214953271028,1.8504672897196262,2.2710280373831777,1.0093457943925233,2.6666666666666665,0.5454545454545454,7.177033492822966
Pacôme Dadiet,29,136,16,48,7,32,9,11,4,23,27,12,3,1,3,8,48,1,0.454,17.6,-0.2,,,0.2,0.146,0.083,0.105,NYK,29,136,18,6,29,20.7,6.0,28.0,21.4,31.0,0.6041666666666666,0.875,7.676470588235294,7.411764705882353,20.0,0.0,0.0,9.0,0.0,2.0,2.0,0.0,100.0,0.0,9.0,6.0,15.0,143,144,1,19,30,14,8.4,9.8,0.0,0.0,2.3823529411764706,0.0,0.5294117647058824,0.5294117647058824,0.0,2.3823529411764706,1.588235294117647,3.9705882352941178,37.85294117647059,38.11764705882353,0.2647058823529412,5.029411764705882,7.9411764705882355,3.7058823529411766,,0.7368421052631579,0.0
Paolo Banchero,72,2502,529,1152,84,275,457,590,85,519,604,373,51,40,222,144,1599,1,0.566,27.6,0.0,,,3.0,0.289,0.261,0.211,ORL,72,2502,165,57,138,41.3,51.0,127.0,40.2,59.8,0.1197916666666666,0.4618181818181818,1.985611510791367,1.8273381294964028,23.0,68.0,152.0,88.0,25.0,11.0,36.0,69.4,30.6,0.0,269.0,182.0,451.0,3685,4163,59,681,942,453,10.1,12.3,0.9784172661870504,2.1870503597122304,1.2661870503597121,0.3597122302158273,0.15827338129496402,0.5179856115107914,0.0,3.870503597122302,2.618705035971223,6.489208633093525,53.02158273381295,59.89928057553957,0.8489208633093526,9.798561151079136,13.553956834532373,6.517985611510792,2.235294117647059,0.6651982378854625,1.8453188602442334
Pascal Siakam,62,2057,559,1155,105,293,262,378,89,322,411,236,69,25,138,147,1485,1,0.562,30.1,-1.0,,,1.5,0.213,0.277,0.257,IND,62,2057,256,88,251,35.1,80.0,226.0,35.4,51.0,0.2173160173160173,0.7713310580204779,4.39280505590666,3.955274671852212,32.0,47.0,114.0,141.0,21.0,14.0,35.0,60.0,40.0,0.0,237.0,123.0,360.0,2701,3289,49,452,616,299,8.7,11.1,0.8225571220223626,1.995138551288284,2.467671366067088,0.3675255226057365,0.245017015070491,0.6125425376762275,0.0,4.147788040836169,2.152649489547885,6.3004375303840545,47.27078269324259,57.56149732620321,0.8575595527467185,7.910549343704424,10.780748663101605,5.2328633932912005,2.425531914893617,0.661504424778761,1.7400962606442059
Pat Connaughton,42,297,38,85,21,52,13,20,15,46,61,18,11,1,11,9,110,1,0.586,14.9,0.3,,,0.4,0.153,0.212,0.024,CHA,42,297,60,20,50,40.0,20.0,50.0,40.0,60.0,0.5882352941176471,0.9615384615384616,6.0606060606060606,6.0606060606060606,33.0,4.0,11.0,11.0,4.0,2.0,6.0,66.7,33.3,1.0,19.0,27.0,46.0,357,302,4,50,49,28,5.0,7.8,0.48484848484848486,1.3333333333333333,1.3333333333333333,0.48484848484848486,0.24242424242424243,0.7272727272727273,0.12121212121212122,2.303030303030303,3.272727272727273,5.575757575757576,43.27272727272727,36.60606060606061,0.48484848484848486,6.0606060606060606,5.9393939393939394,3.393939393939394,2.75,0.56,1.1204481792717087
Pat Spencer,66,1229,186,436,60,168,44,57,51,107,158,232,48,5,85,75,476,1,0.516,18.9,-0.6,,,1.0,0.135,0.266,0.214,GSW,66,1229,102,34,90,37.8,34.0,87.0,39.1,56.7,0.2064220183486238,0.5178571428571429,2.636289666395444,2.548413344182262,29.0,10.0,25.0,74.0,14.0,12.0,26.0,53.8,46.2,0.0,68.0,62.0,130.0,2345,2907,50,467,623,305,9.9,13.0,0.29292107404393813,0.7323026851098454,2.1676159479251425,0.4100895036615134,0.3515052888527258,0.7615947925142392,0.0,1.9918633034987796,1.8161106590724165,3.807973962571196,68.6899918633035,85.15215622457282,1.4646053702196908,13.679414157851912,18.248982912937347,8.934092758340114,2.5,0.6531049250535332,0.42643923240938164
Patrick Baldwin Jr.,18,204,22,54,12,28,10,14,24,22,46,10,6,10,10,30,66,4,0.549,14.7,-1.5,,,0.2,0.185,0.259,0.037,SAC,9,102,15,5,11,45.5,5.0,11.0,45.5,68.2,0.2037037037037037,0.3928571428571428,1.9411764705882355,1.9411764705882355,23.0,1.0,2.0,8.0,0.0,0.0,0.0,0.0,0.0,0.0,13.0,4.0,17.0,72,65,1,10,11,6,6.9,8.3,0.17647058823529413,0.35294117647058826,1.411764705882353,0.0,0.0,0.0,0.0,2.2941176470588234,0.7058823529411765,3.0,12.705882352941176,11.470588235294118,0.17647058823529413,1.7647058823529411,1.9411764705882353,1.0588235294117647,2.0,0.6,1.3888888888888888
Patrick Williams,72,1474,178,478,95,274,54,75,49,166,215,105,49,26,75,93,505,1,0.494,16.6,-1.1,,,1.0,0.182,0.186,0.058,CHI,72,1474,240,80,223,35.9,80.0,222.0,36.0,53.8,0.4665271966527197,0.8102189781021898,5.44640434192673,5.421981004070556,24.0,27.0,62.0,101.0,9.0,15.0,24.0,37.5,62.5,0.0,143.0,106.0,249.0,1585,1469,14,219,266,123,6.6,7.8,0.6594301221166893,1.514246947082768,2.4667571234735415,0.2198100407055631,0.36635006784260515,0.5861601085481682,0.0,3.4925373134328357,2.58887381275441,6.081411126187246,38.71099050203528,35.877883310719135,0.3419267299864315,5.348710990502036,6.496607869742198,3.004070556309362,2.2962962962962963,0.5616438356164384,1.7034700315457414
Paul George,37,1135,225,513,100,255,91,111,20,176,196,133,62,16,64,84,641,1,0.57,23.3,0.7,,,1.4,0.115,0.105,0.283,PHI,37,1135,221,76,184,41.3,69.0,166.0,41.6,60.1,0.3586744639376218,0.6509803921568628,5.836123348017622,5.265198237885462,36.0,10.0,23.0,152.0,11.0,9.0,20.0,55.0,45.0,4.0,105.0,85.0,190.0,1601,1717,21,239,339,172,8.3,10.7,0.31718061674008813,0.7295154185022027,4.8211453744493395,0.34889867841409694,0.2854625550660793,0.6343612334801763,0.12687224669603525,3.3303964757709252,2.696035242290749,6.026431718061674,50.78061674008811,54.45991189427313,0.6660792951541851,7.5806167400881055,10.752422907488986,5.455506607929515,2.3,0.7196652719665272,0.6246096189881324
Paul Reed,65,901,209,339,13,40,73,110,130,164,294,80,57,60,58,120,504,1,0.65,20.6,2.9,,,2.1,0.413,0.369,0.0999999999999999,DET,65,901,58,23,58,39.7,12.0,36.0,33.3,50.0,0.1710914454277286,0.9,2.317425083240844,1.4384017758046614,27.0,105.0,256.0,123.0,20.0,10.0,30.0,66.7,33.3,1.0,219.0,88.0,307.0,998,820,12,128,200,93,8.0,9.3,4.195338512763596,10.228634850166483,4.914539400665927,0.7991120976692564,0.3995560488346282,1.1986681465038846,0.03995560488346282,8.750277469478357,3.5160932297447283,12.266370699223085,39.87569367369589,32.76359600443951,0.4794672586015538,5.114317425083241,7.991120976692564,3.715871254162042,2.4380952380952383,0.7265625,10.521042084168336
Payton Pritchard,79,2556,506,1091,212,562,121,136,69,243,312,408,58,10,109,118,1345,1,0.584,21.4,-0.3,,,2.4,0.083,0.171,0.2299999999999999,BOS,79,2556,402,134,324,41.4,134.0,317.0,42.3,62.0,0.2969752520623281,0.5640569395017794,4.563380281690141,4.464788732394366,28.0,22.0,51.0,109.0,25.0,19.0,44.0,56.8,43.2,2.0,42.0,92.0,134.0,4090,5669,73,748,1057,511,10.0,12.5,0.30985915492957744,0.7183098591549296,1.5352112676056338,0.352112676056338,0.2676056338028169,0.6197183098591549,0.028169014084507043,0.5915492957746479,1.295774647887324,1.8873239436619718,57.605633802816904,79.84507042253522,1.028169014084507,10.535211267605634,14.887323943661972,7.197183098591549,2.3181818181818183,0.6831550802139037,0.5378973105134475
Payton Sandfort,4,63,13,26,7,17,2,4,1,9,10,0,1,0,1,8,35,1,0.63,19.8,-3.3,,,0.1,0.154,0.192,0.0,OKC,4,63,21,7,14,50.0,7.0,14.0,50.0,75.0,0.5384615384615384,0.8235294117647058,8.0,8.0,23.0,1.0,2.0,2.0,0.0,0.0,0.0,0.0,0.0,0.0,5.0,7.0,12.0,35,40,0,1,0,0,0.0,0.0,0.5714285714285714,1.1428571428571428,1.1428571428571428,0.0,0.0,0.0,0.0,2.857142857142857,4.0,6.857142857142857,20.0,22.857142857142858,0.0,0.5714285714285714,0.0,0.0,2.0,0.0,2.857142857142857
Pelle Larsson,70,1849,277,559,62,192,184,231,69,175,244,236,49,16,101,148,800,1,0.605,16.8,0.0,,,1.5,0.317,0.297,0.043,MIA,70,1849,179,60,177,33.9,59.0,174.0,33.9,50.6,0.3166368515205724,0.90625,3.4461871281773933,3.3877771768523526,25.0,14.0,33.0,124.0,8.0,8.0,16.0,50.0,50.0,12.0,195.0,135.0,330.0,1863,2136,36,369,594,290,12.7,15.6,0.2725797728501893,0.6425094645754462,2.4142779881016767,0.15575987020010817,0.15575987020010817,0.31151974040021635,0.23363980530016226,3.7966468361276364,2.628447809626825,6.425094645754462,36.272579772850186,41.58788534342888,0.7009194159004868,7.1844240129799894,11.565170362358032,5.646295294753921,2.357142857142857,0.7859078590785907,0.7514761137949544
Pete Nance,47,737,100,194,50,119,4,11,27,98,125,48,14,14,26,62,254,1,0.639,13.5,-1.2,,,0.4,0.211,0.155,0.02,MIL,47,737,147,49,112,43.8,49.0,112.0,43.8,65.6,0.5773195876288659,0.9411764705882352,5.470827679782904,5.470827679782904,26.0,30.0,69.0,31.0,6.0,3.0,9.0,66.7,33.3,0.0,92.0,45.0,137.0,904,785,7,97,126,59,5.3,6.5,1.4654002713704206,3.3704206241519676,1.514246947082768,0.2930800542740841,0.14654002713704206,0.4396200814111262,0.0,4.4938941655359566,2.198100407055631,6.691994572591588,44.15739484396201,38.34464043419268,0.3419267299864315,4.7381275440976935,6.154681139755767,2.881953867028494,2.3,0.6082474226804123,3.3185840707964602
Peyton Watson,54,1598,285,581,81,197,138,189,49,215,264,111,50,61,93,136,789,1,0.594,20.6,-0.5,,,1.6,0.244,0.258,0.159,DEN,54,1598,230,79,171,46.2,72.0,156.0,46.2,67.3,0.2943201376936317,0.7918781725888325,3.852315394242804,3.514392991239049,23.0,30.0,76.0,85.0,17.0,18.0,35.0,48.6,51.4,3.0,206.0,125.0,331.0,1926,2086,17,209,310,143,5.8,7.4,0.6758448060075094,1.7121401752190237,1.9148936170212767,0.3829787234042553,0.40550688360450565,0.7884856070087609,0.06758448060075094,4.640801001251565,2.816020025031289,7.456821026282854,43.3892365456821,46.993742177722154,0.3829787234042553,4.708385481852315,6.983729662077597,3.221526908635795,2.533333333333333,0.6842105263157895,1.557632398753894
Precious Achiuwa,73,1745,316,598,27,97,77,139,177,315,492,101,65,50,65,123,736,1,0.558,17.6,-1.1,,,1.2,0.371,0.395,0.071,SAC,73,1745,81,27,93,29.0,27.0,91.0,29.7,43.5,0.1555183946488294,0.9381443298969072,1.9186246418338109,1.8773638968481372,26.0,65.0,151.0,127.0,27.0,10.0,37.0,73.0,27.0,3.0,255.0,152.0,407.0,1450,1308,8,150,245,113,7.0,7.8,1.340974212034384,3.115186246418338,2.6200573065902577,0.5570200573065902,0.20630372492836677,0.763323782234957,0.061891117478510026,5.260744985673353,3.135816618911175,8.396561604584527,29.91404011461318,26.984527220630373,0.1650429799426934,3.0945558739255015,5.054441260744985,2.3312320916905445,2.3230769230769233,0.7533333333333333,4.482758620689655
Quentin Grimes,75,2206,340,755,127,380,199,237,46,227,273,244,64,28,133,155,1006,1,0.585,19.0,-0.6,,,1.7,0.254,0.143,0.1,PHI,75,2206,261,87,239,36.4,87.0,238.0,36.6,54.6,0.3165562913907285,0.6263157894736842,3.900271985494107,3.883952855847688,26.0,12.0,26.0,149.0,21.0,20.0,41.0,51.2,48.8,1.0,134.0,134.0,268.0,2426,3087,42,419,621,310,10.1,12.8,0.1958295557570263,0.4242973708068903,2.4315503173164097,0.34270172257479603,0.3263825929283772,0.6690843155031732,0.016319129646418858,2.1867633726201268,2.1867633726201268,4.3735267452402535,39.59020852221215,50.37715321849501,0.6854034451495921,6.837715321849501,10.13417951042611,5.058930190389846,2.1666666666666665,0.7398568019093079,0.494641384995878
Quenton Jackson,49,897,154,328,42,118,98,119,28,86,114,140,31,6,62,82,448,1,0.589,20.9,-0.8,,,0.5,0.329,0.213,0.098,IND,49,897,98,33,83,39.8,32.0,80.0,40.0,59.0,0.2530487804878049,0.6779661016949152,3.331103678929766,3.210702341137124,27.0,10.0,22.0,73.0,9.0,15.0,24.0,37.5,62.5,0.0,42.0,61.0,103.0,1493,1911,34,244,370,186,9.4,12.5,0.4013377926421405,0.882943143812709,2.9297658862876252,0.3612040133779264,0.6020066889632107,0.9632107023411371,0.0,1.68561872909699,2.448160535117057,4.133779264214047,59.919732441471574,76.69565217391305,1.3645484949832776,9.792642140468228,14.849498327759198,7.464882943143813,2.2,0.7622950819672131,0.6697923643670463
Quinten Post,67,1159,193,439,93,277,34,43,68,201,269,94,26,35,56,125,513,1,0.56,18.8,-0.1,,,1.2,0.141,0.171,0.0569999999999999,GSW,67,1159,276,94,267,35.2,88.0,256.0,34.4,51.7,0.6082004555808656,0.924187725631769,8.293356341673856,7.951682484900776,26.0,60.0,148.0,39.0,5.0,15.0,20.0,25.0,75.0,0.0,315.0,99.0,414.0,1602,1442,26,156,243,129,5.9,8.1,1.8636755823986195,4.597066436583262,1.2113891285591027,0.15530629853321828,0.4659188955996549,0.6212251941328731,0.0,9.784296807592753,3.0750647109577223,12.859361518550475,49.76013805004314,44.79033649698015,0.8075927523727351,4.845556514236411,7.547886108714409,4.006902502157032,2.466666666666667,0.8269230769230769,3.745318352059925
RJ Barrett,57,1726,401,816,96,283,200,279,55,245,300,189,42,19,99,147,1098,1,0.585,25.8,-0.7,,,2.0,0.304,0.272,0.077,TOR,57,1726,278,93,267,34.8,92.0,265.0,34.7,52.1,0.3272058823529412,0.9363957597173144,5.568945538818077,5.527230590961762,26.0,24.0,57.0,108.0,16.0,13.0,29.0,55.2,44.8,3.0,151.0,118.0,269.0,1976,2292,32,352,484,242,9.6,12.2,0.5005793742757821,1.1888760139049825,2.2526071842410196,0.33371958285052145,0.2711471610660487,0.6048667439165701,0.06257242178447277,3.149478563151796,2.4611819235225956,5.610660486674392,41.2143684820394,47.805330243337195,0.6674391657010429,7.341830822711471,10.095017381228274,5.047508690614137,2.375,0.6875,1.214574898785425
Rasheer Fleming,55,673,87,215,45,130,19,34,57,67,124,16,22,21,29,64,238,1,0.517,16.3,-0.7,,,0.8,0.279,0.074,0.0419999999999999,PHX,55,673,132,44,125,35.2,44.0,125.0,35.2,52.8,0.5813953488372093,0.9615384615384616,6.686478454680535,6.686478454680535,21.0,10.0,24.0,61.0,5.0,3.0,8.0,62.5,37.5,0.0,60.0,40.0,100.0,317,391,7,37,39,25,5.0,7.9,0.5349182763744428,1.2838038632986628,3.263001485884101,0.2674591381872214,0.16047548291233285,0.4279346210995542,0.0,3.209509658246657,2.139673105497771,5.349182763744428,16.956909361069837,20.915304606240714,0.37444279346210996,1.9791976225854384,2.086181277860327,1.337295690936107,2.4,0.6756756756756757,3.1545741324921135
RayJ Dennis,34,412,52,166,28,90,16,18,16,36,52,66,8,8,34,42,148,4,0.425,21.4,-1.3,,,0.2,0.133,0.193,0.132,ATL,17,206,27,9,35,25.7,9.0,34.0,26.5,38.6,0.2108433734939759,0.3777777777777777,3.058252427184466,2.970873786407767,25.0,1.0,2.0,23.0,0.0,3.0,3.0,0.0,100.0,0.0,10.0,9.0,19.0,423,567,9,73,83,47,7.8,11.1,0.08737864077669903,0.17475728155339806,2.0097087378640777,0.0,0.2621359223300971,0.2621359223300971,0.0,0.8737864077669902,0.7864077669902912,1.6601941747572815,36.96116504854369,49.54368932038835,0.7864077669902912,6.378640776699029,7.252427184466019,4.106796116504855,2.0,0.6438356164383562,0.2364066193853428
Rayan Rupert,128,2144,246,626,88,272,84,108,96,280,376,136,110,18,110,248,664,3,0.493,15.0,-0.1,,,2.2,0.201,0.265,0.099,MEM,64,1073,108,36,112,32.1,36.0,111.0,32.4,48.2,0.1789137380191693,0.4080882352941176,1.8805970149253728,1.8638059701492535,22.0,13.0,32.0,112.0,12.0,8.0,20.0,60.0,40.0,2.0,81.0,68.0,149.0,1052,850,7,134,180,81,6.5,7.7,0.21828358208955223,0.5373134328358209,1.8805970149253732,0.20149253731343283,0.13432835820895522,0.3358208955223881,0.033582089552238806,1.3600746268656716,1.1417910447761195,2.501865671641791,17.66417910447761,14.272388059701493,0.11753731343283583,2.25,3.0223880597014925,1.3600746268656716,2.4615384615384617,0.6044776119402985,1.2357414448669202
Reed Sheppard,82,2147,407,946,227,576,69,86,28,210,238,277,122,54,123,166,1110,1,0.564,21.7,1.5,,,3.1,0.074,0.124,0.194,HOU,82,2147,469,157,388,40.5,155.0,382.0,40.6,60.4,0.4101479915433403,0.6631944444444444,6.505822077317187,6.405216581276199,22.0,13.0,28.0,289.0,24.0,23.0,47.0,51.1,48.9,0.0,156.0,156.0,312.0,3169,4028,45,494,698,347,8.7,10.9,0.21797857475547275,0.4694923148579413,4.8458313926408945,0.4024219841639497,0.38565440149045177,0.7880763856544015,0.0,2.615742897065673,2.615742897065673,5.231485794131346,53.13646949231486,67.53982300884955,0.7545412203074057,8.283185840707965,11.703772706101537,5.818351187703772,2.1538461538461537,0.7024291497975709,0.41022404544020197
Riley Minix,18,116,28,46,8,24,6,6,4,8,12,10,4,2,6,10,70,3,0.72,19.8,-0.1,,,0.1,0.304,0.13,0.043,CLE,9,58,12,4,11,36.4,4.0,11.0,36.4,54.5,0.2391304347826087,0.4583333333333333,3.413793103448276,3.413793103448276,25.0,0.0,0.0,7.0,0.0,0.0,0.0,0.0,0.0,0.0,5.0,12.0,17.0,61,55,0,10,13,6,8.2,9.8,0.0,0.0,2.1724137931034484,0.0,0.0,0.0,0.0,1.5517241379310345,3.7241379310344827,5.275862068965517,18.93103448275862,17.06896551724138,0.0,3.103448275862069,4.0344827586206895,1.8620689655172413,,0.6,0.0
Rob Dillingham,130,1940,326,824,84,266,82,110,38,224,262,286,94,12,200,228,818,3,0.469,23.1,-0.9,,,1.8,0.245,0.248,0.184,CHI,65,970,93,32,83,38.6,29.0,80.0,36.3,56.0,0.1007281553398058,0.3007518796992481,1.5402061855670104,1.4845360824742269,21.0,3.0,7.0,83.0,12.0,9.0,21.0,57.1,42.9,0.0,64.0,60.0,124.0,1361,1893,20,272,374,183,10.5,13.4,0.05567010309278351,0.12989690721649486,1.5402061855670104,0.22268041237113403,0.1670103092783505,0.38969072164948454,0.0,1.1876288659793814,1.1134020618556701,2.3010309278350514,25.255670103092783,35.12783505154639,0.3711340206185567,5.047422680412371,6.9402061855670105,3.3958762886597937,2.3333333333333335,0.6727941176470589,0.2204261572373255
Robert Williams,59,1008,177,250,9,23,34,57,141,274,415,60,35,87,49,74,397,1,0.722,13.1,2.4,,,2.0,0.644,0.224,0.04,POR,59,1008,35,13,31,41.9,9.0,23.0,39.1,56.5,0.124,1.0,1.1071428571428572,0.8214285714285714,28.0,69.0,162.0,69.0,7.0,7.0,14.0,50.0,50.0,0.0,218.0,93.0,311.0,1059,714,12,103,151,74,5.7,7.0,2.4642857142857144,5.785714285714286,2.4642857142857144,0.25,0.25,0.5,0.0,7.785714285714286,3.3214285714285716,11.107142857142858,37.82142857142857,25.5,0.42857142857142855,3.6785714285714284,5.392857142857143,2.642857142857143,2.347826086956522,0.7184466019417476,6.515580736543909
Rocco Zikarsky,5,36,5,8,0,0,4,4,2,12,14,2,0,5,1,3,14,1,0.717,12.6,1.7,,,0.1,0.5,0.375,0.125,MIN,5,36,0,0,1,0.0,0.0,0.0,,0.0,0.125,,1.0,0.0,19.0,4.0,9.0,1.0,1.0,0.0,1.0,100.0,0.0,0.0,15.0,3.0,18.0,46,25,0,2,4,2,4.3,4.3,4.0,9.0,1.0,1.0,0.0,1.0,0.0,15.0,3.0,18.0,46.0,25.0,0.0,2.0,4.0,2.0,2.25,1.0,8.695652173913043
Ron Harper Jr.,29,318,46,110,28,80,3,4,15,33,48,22,10,9,8,20,123,1,0.55,16.4,0.9,,,0.4,0.118,0.118,0.036,BOS,29,318,63,21,65,32.3,21.0,65.0,32.3,48.5,0.5909090909090909,0.8125,7.358490566037735,7.358490566037735,26.0,3.0,6.0,20.0,4.0,5.0,9.0,44.4,55.6,0.0,26.0,13.0,39.0,310,357,2,34,60,26,7.1,8.4,0.33962264150943394,0.6792452830188679,2.2641509433962264,0.4528301886792453,0.5660377358490566,1.0188679245283019,0.0,2.943396226415094,1.471698113207547,4.415094339622642,35.094339622641506,40.41509433962264,0.22641509433962265,3.849056603773585,6.7924528301886795,2.943396226415094,2.0,0.7647058823529411,0.967741935483871
Ron Holland,78,1551,235,544,50,198,120,149,83,232,315,95,92,27,96,183,640,1,0.525,18.9,1.4,,,2.9,0.294,0.292,0.05,DET,78,1550,144,48,184,26.1,48.0,182.0,26.4,39.1,0.3382352941176471,0.9191919191919192,4.270793036750484,4.224371373307544,20.0,16.0,40.0,164.0,18.0,21.0,39.0,46.2,53.8,2.0,78.0,79.0,157.0,1724,1508,16,193,235,115,5.5,6.7,0.3713733075435203,0.9284332688588007,3.8065764023210833,0.41779497098646035,0.4874274661508704,0.9052224371373307,0.04642166344294004,1.8104448742746615,1.8336557059961316,3.644100580270793,40.015473887814316,35.00193423597679,0.3713733075435203,4.479690522243714,5.454545454545454,2.6692456479690523,2.5,0.5958549222797928,0.9280742459396751
Royce O'Neale,78,2213,263,625,212,520,27,38,59,313,372,208,84,32,103,177,765,1,0.596,14.3,1.0,,,2.7,0.061,0.083,0.024,PHX,78,2213,498,166,401,41.4,166.0,401.0,41.4,62.1,0.6416,0.7711538461538462,6.523271577044736,6.523271577044736,33.0,41.0,95.0,172.0,17.0,21.0,38.0,44.7,55.3,0.0,87.0,96.0,183.0,3266,2572,40,405,524,259,6.4,7.9,0.666967916854948,1.5454134658834162,2.798011748757343,0.27654767284229553,0.34161771351107095,0.6181653863533665,0.0,1.4152733845458654,1.56168097605061,2.9769543605964754,53.12968820605513,41.84003615002259,0.6507004066877542,6.588341617713511,8.52417532760958,4.213285133303208,2.317073170731707,0.6395061728395062,1.2553582363747704
Rudy Gobert,76,2380,335,491,0,5,159,302,299,573,872,128,58,124,106,199,829,1,0.664,12.9,0.9,,,4.0,0.78,0.193,0.016,MIN,76,2380,8,4,14,28.6,0.0,5.0,0.0,28.6,0.0285132382892057,1.0,0.2117647058823529,0.0756302521008403,34.0,307.0,767.0,137.0,18.0,5.0,23.0,78.3,21.7,1.0,619.0,188.0,807.0,2623,1635,19,196,335,154,4.9,5.9,4.643697478991597,11.601680672268907,2.0722689075630254,0.2722689075630252,0.07563025210084033,0.34789915966386553,0.015126050420168067,9.363025210084034,2.8436974789915967,12.20672268907563,39.67563025210084,24.73109243697479,0.28739495798319326,2.9647058823529413,5.067226890756302,2.3294117647058825,2.498371335504886,0.7857142857142857,11.704155547083491
Rui Hachimura,68,1927,307,597,116,262,50,72,41,185,226,57,39,21,42,110,780,1,0.62,15.2,-1.5,,,1.1,0.159,0.106,0.297,LAL,68,1927,349,120,270,44.4,109.0,249.0,43.8,64.6,0.4522613065326633,0.950381679389313,5.044110015568241,4.651790347690711,28.0,29.0,66.0,85.0,9.0,10.0,19.0,47.4,52.6,1.0,152.0,83.0,235.0,1362,1465,6,106,158,71,4.2,5.2,0.5417747794499221,1.2330046704722366,1.5879605604566684,0.16813700051894137,0.1868188894654904,0.3549558899844318,0.01868188894654904,2.8396471198754543,1.5505967825635703,4.390243902439025,25.444732745199794,27.368967306694344,0.11209133367929423,1.9802802283341983,2.951738453554748,1.3264141152049818,2.2758620689655173,0.6698113207547169,2.129221732745962
Russell Westbrook,64,1853,358,839,128,379,127,183,80,268,348,426,83,12,209,147,971,1,0.528,25.9,-1.0,,,0.9,0.136,0.244,0.168,SAC,64,1853,297,99,285,34.7,99.0,283.0,35.0,52.1,0.3396901072705602,0.7467018469656992,5.536967080410146,5.498111171073934,37.0,10.0,22.0,137.0,25.0,21.0,46.0,54.3,45.7,0.0,49.0,61.0,110.0,3087,4061,34,756,1015,503,13.8,16.3,0.19427954668105774,0.42741500269832705,2.6616297895304912,0.48569886670264434,0.4079870480302213,0.8936859147328656,0.0,0.9519697787371829,1.1851052347544522,2.137075013491635,59.97409606044253,78.89692390717755,0.6605504587155964,14.687533729087965,19.719373988127362,9.772261198057205,2.2,0.6653439153439153,0.32393909944930355
Ryan Dunn,70,1355,164,362,56,169,23,47,99,198,297,102,60,29,56,130,407,1,0.532,13.7,1.2,,,1.9,0.331,0.16,0.041,PHX,70,1355,162,54,159,34.0,54.0,156.0,34.6,50.9,0.4392265193370165,0.9230769230769232,4.224354243542435,4.144649446494465,23.0,26.0,63.0,125.0,15.0,10.0,25.0,60.0,40.0,0.0,130.0,119.0,249.0,1290,1065,10,170,255,114,7.9,8.8,0.6907749077490775,1.67380073800738,3.321033210332103,0.3985239852398524,0.2656826568265683,0.6642066420664207,0.0,3.4538745387453873,3.161623616236162,6.61549815498155,34.27306273062731,28.29520295202952,0.2656826568265683,4.516605166051661,6.7749077490774905,3.028782287822878,2.423076923076923,0.6705882352941176,2.0155038759689923
Ryan Kalkbrenner,69,1479,219,291,0,5,83,116,167,210,377,54,32,101,62,107,521,1,0.762,11.6,1.3,,,2.1,0.763,0.21,0.01,CHA,69,1479,4,2,5,40.0,0.0,2.0,0.0,40.0,0.0171821305841924,0.4,0.1217038539553752,0.0486815415821501,24.0,165.0,394.0,71.0,9.0,14.0,23.0,39.1,60.9,2.0,505.0,142.0,647.0,1189,866,14,109,152,75,4.5,6.3,4.016227180527383,9.59026369168357,1.7281947261663286,0.21906693711967545,0.3407707910750507,0.5598377281947262,0.0486815415821501,12.2920892494929,3.4563894523326573,15.748478701825558,28.941176470588236,21.079107505070994,0.3407707910750507,2.6531440162271807,3.6997971602434077,1.8255578093306288,2.3878787878787877,0.6880733944954128,13.877207737594617
Ryan Nembhard,60,1171,162,390,48,135,25,31,13,120,133,316,25,2,85,86,397,1,0.492,17.5,-1.7,,,0.7,0.09,0.159,0.405,DAL,60,1171,95,33,92,35.9,29.0,83.0,34.9,51.6,0.2358974358974359,0.6148148148148148,2.828351836037575,2.551665243381725,23.0,12.0,27.0,37.0,12.0,15.0,27.0,44.4,55.6,2.0,54.0,50.0,104.0,2016,2786,36,509,782,372,15.7,18.5,0.36891545687446625,0.8300597779675492,1.1374893253629377,0.36891545687446625,0.46114432109308284,0.8300597779675492,0.06148590947907771,1.6601195559350983,1.5371477369769428,3.197267292912041,61.97779675491034,85.64987190435525,1.1067463706233989,15.648163962425278,24.040990606319387,11.436379163108453,2.25,0.730844793713163,0.5952380952380952
Ryan Rollins,74,2376,486,1030,184,453,125,157,54,284,338,414,110,31,201,193,1281,1,0.583,24.2,-0.5,,,1.8,0.204,0.152,0.204,MIL,74,2375,299,100,238,42.0,99.0,236.0,41.9,62.8,0.2310679611650485,0.5209713024282561,3.606060606060606,3.575757575757576,23.0,9.0,19.0,299.0,22.0,28.0,50.0,44.0,56.0,4.0,154.0,134.0,288.0,3779,5213,76,787,1089,529,11.0,14.0,0.13636363636363635,0.2878787878787879,4.53030303030303,0.3333333333333333,0.42424242424242425,0.7575757575757576,0.06060606060606061,2.3333333333333335,2.0303030303030303,4.363636363636363,57.25757575757576,78.98484848484848,1.1515151515151516,11.924242424242424,16.5,8.015151515151516,2.111111111111111,0.6721728081321474,0.23815824292140778
Saddiq Bey,72,2246,436,967,151,412,248,295,121,279,400,182,68,7,68,95,1271,1,0.579,21.6,-1.8,,,1.0,0.27,0.209,0.095,NOP,72,2246,348,117,309,37.9,114.0,302.0,37.7,56.3,0.3195449844881075,0.7330097087378641,4.952804986642921,4.840605520926091,27.0,19.0,45.0,97.0,19.0,20.0,39.0,48.7,51.3,1.0,98.0,85.0,183.0,1858,2389,21,305,458,212,9.8,11.4,0.3045414069456812,0.7212822796081924,1.5547640249332146,0.3045414069456812,0.3205699020480855,0.6251113089937667,0.016028495102404273,1.570792520035619,1.3624220837043632,2.933214603739982,29.780943900267143,38.292074799643814,0.3365983971504898,4.888691006233303,7.341050756901158,3.398040961709706,2.3684210526315788,0.6950819672131148,1.022604951560818
Sam Hauser,78,1934,252,601,198,504,17,20,56,244,300,114,38,23,35,113,719,1,0.59,14.5,0.0,,,2.1,0.04,0.03,0.092,BOS,78,1934,493,165,418,39.5,163.0,413.0,39.5,59.0,0.6955074875207987,0.8194444444444444,7.78076525336091,7.687693898655636,28.0,57.0,136.0,95.0,13.0,13.0,26.0,50.0,50.0,0.0,187.0,119.0,306.0,2056,1693,12,185,297,128,5.5,6.2,1.0610134436401242,2.531540847983454,1.7683557394002067,0.2419855222337125,0.2419855222337125,0.483971044467425,0.0,3.4808686659772494,2.215098241985522,5.695966907962771,38.27094105480869,31.51396070320579,0.2233712512926577,3.4436401240951398,5.528438469493278,2.3826266804550156,2.3859649122807016,0.6918918918918919,2.772373540856031
Sam Merrill,52,1377,223,484,158,375,59,69,28,105,133,125,33,7,42,127,663,1,0.644,17.0,-1.0,,,0.9,0.089,0.056,0.081,CLE,52,1377,359,120,276,43.5,119.0,271.0,43.9,65.0,0.5702479338842975,0.7226666666666667,7.215686274509804,7.084967320261438,30.0,34.0,78.0,79.0,10.0,9.0,19.0,52.6,47.4,3.0,97.0,53.0,150.0,1518,1765,25,217,313,168,8.2,11.1,0.8888888888888888,2.0392156862745097,2.065359477124183,0.26143790849673204,0.23529411764705882,0.49673202614379086,0.0784313725490196,2.5359477124183005,1.3856209150326797,3.9215686274509802,39.68627450980392,46.1437908496732,0.6535947712418301,5.673202614379085,8.183006535947712,4.392156862745098,2.2941176470588234,0.7741935483870968,2.2397891963109355
Sandro Mamukelashvili,80,1751,330,631,115,296,118,158,108,287,395,151,64,41,67,147,893,1,0.637,18.8,0.7,,,2.5,0.339,0.162,0.031,TOR,80,1751,336,113,289,39.1,110.0,282.0,39.0,58.1,0.4580031695721077,0.9527027027027029,5.941747572815534,5.797829811536265,27.0,84.0,188.0,138.0,14.0,17.0,31.0,45.2,54.8,0.0,320.0,138.0,458.0,1901,1854,21,276,385,185,7.9,9.7,1.727013135351228,3.86521987435751,2.837235865219874,0.287835522558538,0.34951456310679613,0.6373500856653341,0.0,6.579097658480868,2.837235865219874,9.416333523700743,39.083952027412906,38.11764705882353,0.431753283837807,5.674471730439748,7.915476870359794,3.803540833809252,2.238095238095238,0.6702898550724637,4.418726985796949
Santi Aldama,43,1198,228,476,70,200,76,114,67,220,287,126,37,31,55,69,602,1,0.572,20.2,0.4,,,1.0,0.206,0.263,0.111,MEM,43,1198,204,71,191,37.2,62.0,176.0,35.2,53.4,0.4012605042016807,0.88,5.739565943238731,5.28881469115192,25.0,25.0,59.0,61.0,9.0,8.0,17.0,52.9,47.1,2.0,184.0,103.0,287.0,1673,1513,22,215,325,157,7.5,9.4,0.7512520868113522,1.7729549248747913,1.8330550918196995,0.2704507512520868,0.24040066777963273,0.5108514190317195,0.06010016694490818,5.529215358931553,3.0951585976627713,8.624373956594324,50.27378964941569,45.46577629382304,0.66110183639399,6.460767946577629,9.766277128547578,4.717863105175292,2.36,0.7302325581395349,1.4943215780035863
Scoot Henderson,30,748,143,342,57,162,84,100,18,62,80,112,27,9,73,85,427,1,0.553,25.0,-0.5,,,0.7,0.205,0.184,0.137,POR,30,748,110,37,98,37.8,36.0,94.0,38.3,56.1,0.2865497076023391,0.5802469135802469,4.716577540106952,4.524064171122995,22.0,1.0,2.0,74.0,3.0,4.0,7.0,42.9,57.1,0.0,25.0,38.0,63.0,1129,1615,23,227,298,148,9.9,13.1,0.0481283422459893,0.0962566844919786,3.5614973262032086,0.1443850267379679,0.1925133689839572,0.33689839572192515,0.0,1.2032085561497325,1.8288770053475936,3.0320855614973263,54.336898395721924,77.72727272727273,1.106951871657754,10.925133689839573,14.342245989304812,7.122994652406417,2.0,0.6519823788546255,0.08857395925597875
Scottie Barnes,80,2681,569,1123,68,224,242,297,149,451,600,474,114,116,210,211,1448,1,0.577,23.4,2.3,,,4.5,0.302,0.249,0.25,TOR,80,2681,233,89,239,37.2,55.0,181.0,30.4,48.7,0.2128227960819234,0.8080357142857143,3.209250279746364,2.430436404326744,24.0,83.0,190.0,254.0,24.0,24.0,48.0,50.0,50.0,1.0,325.0,147.0,472.0,4001,4149,56,767,1155,576,11.8,14.4,1.1145095113763521,2.5512868332711673,3.410667661320403,0.32226781051846326,0.32226781051846326,0.6445356210369265,0.013427825438269302,4.364043267437523,1.9738903394255876,6.3379336068631105,53.72472957851548,55.71204774337934,0.7519582245430809,10.299142111152555,15.509138381201044,7.734427452443118,2.289156626506024,0.7509778357235984,2.074481379655086
Scotty Pippen Jr.,10,212,43,96,10,32,18,23,8,14,22,47,19,4,27,31,114,1,0.537,26.1,-0.3,,,0.2,0.24,0.198,0.23,MEM,10,212,24,8,18,44.4,8.0,17.0,47.1,66.7,0.1875,0.53125,3.056603773584906,2.8867924528301887,25.0,0.0,0.0,37.0,3.0,0.0,3.0,100.0,0.0,0.0,9.0,20.0,29.0,332,462,4,85,117,53,14.2,16.0,0.0,0.0,6.283018867924528,0.5094339622641509,0.0,0.5094339622641509,0.0,1.528301886792453,3.3962264150943398,4.9245283018867925,56.37735849056604,78.45283018867924,0.6792452830188679,14.433962264150944,19.867924528301888,9.0,,0.6235294117647059,0.0
Sean Pedulla,7,31,5,15,3,10,0,0,0,3,3,5,0,0,1,4,13,1,0.433,22.9,-4.9,,,0.0,0.0,0.133,0.2,LAC,7,31,6,2,7,28.6,2.0,6.0,33.3,42.9,0.4666666666666667,0.6,8.129032258064516,6.967741935483871,23.0,0.0,0.0,2.0,0.0,2.0,2.0,0.0,100.0,0.0,1.0,1.0,2.0,32,52,0,7,10,5,15.6,15.6,0.0,0.0,2.3225806451612905,0.0,2.3225806451612905,2.3225806451612905,0.0,1.1612903225806452,1.1612903225806452,2.3225806451612905,37.16129032258065,60.38709677419355,0.0,8.129032258064516,11.612903225806452,5.806451612903226,,0.7142857142857143,0.0
Seth Curry,10,133,24,49,12,25,11,12,4,8,12,10,3,0,2,7,71,1,0.654,18.0,-1.3,,,0.1,0.02,0.122,0.347,GSW,10,133,30,10,24,41.7,10.0,21.0,47.6,62.5,0.4897959183673469,0.84,6.496240601503759,5.684210526315789,35.0,0.0,0.0,4.0,1.0,0.0,1.0,100.0,0.0,0.0,5.0,6.0,11.0,130,165,1,21,21,11,7.7,8.5,0.0,0.0,1.0827067669172932,0.2706766917293233,0.0,0.2706766917293233,0.0,1.3533834586466165,1.6240601503759398,2.9774436090225564,35.18796992481203,44.661654135338345,0.2706766917293233,5.684210526315789,5.684210526315789,2.9774436090225564,,0.5238095238095238,0.0
Shaedon Sharpe,50,1471,392,868,103,306,155,197,51,166,217,132,70,6,147,98,1042,1,0.546,30.5,-0.9,,,1.6,0.244,0.184,0.219,POR,50,1471,91,31,91,34.1,29.0,86.0,33.7,50.0,0.1048387096774193,0.2810457516339869,2.227056424201224,2.10469068660775,23.0,2.0,4.0,96.0,16.0,13.0,29.0,55.2,44.8,1.0,52.0,73.0,125.0,1526,2417,30,273,365,176,8.7,11.5,0.04894629503738953,0.09789259007477906,2.3494221617946973,0.39157036029911624,0.31815091774303195,0.7097212780421482,0.024473147518694765,1.2726036709721278,1.7865397688647178,3.059143439836846,37.34602311352821,59.151597552685246,0.7341944255608429,6.681169272603671,8.932698844323589,4.307273963290279,2.0,0.6446886446886447,0.1310615989515072
Shai Gilgeous-Alexander,68,2259,731,1321,115,298,540,614,38,254,292,448,95,52,151,139,2117,1,0.665,33.4,3.0,,,4.1,0.228,0.173,0.374,OKC,68,2259,90,35,72,48.6,20.0,50.0,40.0,62.5,0.0545041635124905,0.1677852348993288,1.1474103585657371,0.796812749003984,27.0,17.0,38.0,199.0,25.0,29.0,54.0,46.3,53.7,1.0,158.0,136.0,294.0,2593,4798,75,863,1175,553,17.3,21.3,0.27091633466135456,0.6055776892430279,3.1713147410358564,0.398406374501992,0.46215139442231074,0.8605577689243028,0.01593625498007968,2.5179282868525896,2.1673306772908365,4.685258964143427,41.322709163346616,76.4621513944223,1.1952191235059761,13.752988047808765,18.725099601593627,8.812749003984063,2.235294117647059,0.6407879490150638,0.6556112610875434
Sharife Cooper,41,700,127,247,29,76,50,60,18,68,86,124,16,5,61,61,333,1,0.609,20.0,-2.9,,,-0.1,0.312,0.178,0.203,WAS,41,700,51,17,42,40.5,17.0,41.0,41.5,60.7,0.1700404858299595,0.5394736842105263,2.16,2.1085714285714285,25.0,4.0,9.0,34.0,9.0,3.0,12.0,75.0,25.0,5.0,34.0,17.0,51.0,1104,1389,13,222,318,144,11.2,13.0,0.2057142857142857,0.46285714285714286,1.7485714285714287,0.46285714285714286,0.15428571428571428,0.6171428571428571,0.2571428571428571,1.7485714285714287,0.8742857142857143,2.6228571428571428,56.777142857142856,71.43428571428572,0.6685714285714286,11.417142857142856,16.354285714285716,7.405714285714286,2.25,0.6486486486486487,0.36231884057971014
Sidy Cissoko,75,1435,133,334,59,198,58,88,62,104,166,110,52,25,70,183,383,1,0.514,12.5,0.5,,,1.3,0.216,0.159,0.033,POR,75,1435,159,53,180,29.4,53.0,179.0,29.6,44.2,0.5389221556886228,0.904040404040404,4.515679442508711,4.490592334494774,22.0,20.0,47.0,114.0,15.0,13.0,28.0,53.6,46.4,8.0,103.0,64.0,167.0,1261,1257,12,210,290,129,8.7,10.2,0.5017421602787456,1.1790940766550522,2.8599303135888503,0.37630662020905925,0.32613240418118467,0.7024390243902439,0.20069686411149826,2.58397212543554,1.605574912891986,4.189547038327526,31.634843205574914,31.534494773519164,0.3010452961672474,5.2682926829268295,7.275261324041812,3.2362369337979096,2.35,0.6142857142857143,1.5860428231562251
Simone Fontecchio,70,1173,194,471,123,328,86,102,56,155,211,101,37,9,49,104,597,1,0.579,19.6,-0.2,,,1.2,0.151,0.127,0.026,MIA,70,1172,302,101,278,36.3,100.0,275.0,36.4,54.3,0.5902335456475584,0.8384146341463414,8.531969309462916,8.439897698209718,30.0,6.0,15.0,71.0,12.0,11.0,23.0,52.2,47.8,0.0,83.0,70.0,153.0,1150,1209,27,164,257,135,8.8,11.7,0.18414322250639387,0.46035805626598464,2.1790281329923276,0.36828644501278773,0.3375959079283887,0.7058823529411765,0.0,2.547314578005115,2.1483375959079285,4.695652173913044,35.294117647058826,37.10485933503836,0.8286445012787724,5.033248081841432,7.887468030690537,4.143222506393862,2.5,0.823170731707317,0.5217391304347826
Sion James,82,1843,138,372,83,236,82,98,49,238,287,163,52,20,65,148,441,1,0.531,11.0,1.1,,,1.9,0.199,0.14,0.027,CHA,82,1843,222,74,207,35.7,74.0,206.0,35.9,53.6,0.5564516129032258,0.8728813559322034,4.043407487791644,4.023874118285404,23.0,42.0,98.0,105.0,8.0,11.0,19.0,42.1,57.9,1.0,173.0,108.0,281.0,2195,2059,21,297,443,196,7.4,8.9,0.8204015192620727,1.914270211611503,2.0510037981551816,0.1562669560499186,0.21486706456863808,0.3711340206185567,0.019533369506239826,3.37927292457949,2.109603906673901,5.488876831253391,42.87574606619642,40.2192078133478,0.41020075963103636,5.8014107433532285,8.653282691264243,3.828540423223006,2.3333333333333335,0.6599326599326599,1.9134396355353076
Skal Labissière,3,38,6,10,1,5,0,0,3,6,9,3,2,1,1,3,13,1,0.65,12.1,0.4,,,0.0,0.2,0.1,0.2,WAS,3,38,7,3,6,50.0,1.0,4.0,25.0,58.3,0.6,0.8,5.684210526315789,3.789473684210526,30.0,7.0,16.0,3.0,0.0,1.0,1.0,0.0,100.0,0.0,8.0,2.0,10.0,54,43,0,5,10,4,5.6,7.4,6.631578947368421,15.157894736842104,2.8421052631578947,0.0,0.9473684210526315,0.9473684210526315,0.0,7.578947368421052,1.894736842105263,9.473684210526315,51.1578947368421,40.73684210526316,0.0,4.7368421052631575,9.473684210526315,3.789473684210526,2.2857142857142856,0.8,12.962962962962964
Spencer Jones,64,1417,132,262,57,144,31,51,75,134,209,51,52,29,31,175,352,1,0.619,9.7,0.0,,,1.2,0.294,0.13,0.026,DEN,64,1417,164,55,143,38.5,54.0,138.0,39.1,57.3,0.5458015267175572,0.9583333333333334,3.63302752293578,3.505998588567396,25.0,55.0,137.0,127.0,17.0,15.0,32.0,53.1,46.9,4.0,187.0,94.0,281.0,746,584,7,98,136,61,6.8,8.2,1.397318278052223,3.480592801693719,3.2265349329569513,0.4318983768525053,0.38108680310515175,0.8129851799576571,0.10162314749470713,4.750882145377558,2.3881439661256176,7.139026111503176,18.952717007762878,14.836979534227241,0.17784050811573748,2.4897671136203248,3.4551870148200425,1.5497529992942838,2.4909090909090907,0.6224489795918368,7.372654155495979
Stanley Umude,2,7,1,2,0,1,0,0,0,0,0,1,1,0,0,2,2,1,0.5,12.0,7.1,,,0.0,0.0,0.5,0.0,SAS,2,7,0,0,1,0.0,0.0,1.0,0.0,0.0,0.5,1.0,5.142857142857143,5.142857142857143,27.0,0.0,0.0,1.0,0.0,0.0,0.0,0.0,0.0,0.0,0.0,0.0,0.0,6,6,0,0,2,1,16.7,16.7,0.0,0.0,5.142857142857143,0.0,0.0,0.0,0.0,0.0,0.0,0.0,30.857142857142858,30.857142857142858,0.0,0.0,10.285714285714286,5.142857142857143,,,0.0
Stephen Curry,43,1329,374,799,190,484,204,221,17,137,154,203,49,17,121,75,1142,1,0.637,32.5,-1.0,,,1.2,0.108,0.158,0.129,GSW,43,1329,293,100,267,37.5,93.0,249.0,37.3,54.9,0.3341677096370463,0.5144628099173554,7.232505643340858,6.744920993227991,38.0,38.0,85.0,104.0,20.0,18.0,38.0,52.6,47.4,3.0,59.0,60.0,119.0,1663,2892,78,368,514,304,12.2,18.3,1.0293453724604966,2.3024830699774266,2.8171557562076748,0.5417607223476298,0.48758465011286684,1.0293453724604966,0.08126410835214447,1.5981941309255079,1.6252821670428894,3.2234762979683973,45.04740406320542,78.33860045146727,2.1128668171557563,9.968397291196387,13.923250564334086,8.234762979683973,2.236842105263158,0.8260869565217391,2.285027059530968
Stephon Castle,68,2038,385,817,81,244,282,384,98,264,362,502,78,19,217,222,1133,1,0.575,24.9,0.9,,,2.9,0.31,0.262,0.13,SAS,68,2038,232,78,205,38.0,76.0,200.0,38.0,56.6,0.2509179926560587,0.819672131147541,3.621197252208047,3.53287536800785,21.0,32.0,76.0,156.0,25.0,15.0,40.0,62.5,37.5,1.0,172.0,119.0,291.0,3294,4370,53,860,1316,595,15.2,18.1,0.5652600588812562,1.3424926398429833,2.7556427870461238,0.44160942100098133,0.2649656526005888,0.7065750736015701,0.017664376840039256,3.0382728164867516,2.1020608439646713,5.140333660451423,58.186457311089306,77.19332679097154,0.9362119725220804,15.19136408243376,23.246319921491658,10.510304219823356,2.375,0.6918604651162791,0.9714632665452337
Steven Adams,32,730,70,139,0,0,47,81,145,131,276,48,22,20,35,55,187,1,0.535,12.1,-0.3,,,1.0,0.655,0.309,0.036,HOU,32,730,2,1,1,100.0,0.0,0.0,,100.0,0.0071942446043165,,0.0493150684931506,0.0,32.0,91.0,200.0,31.0,13.0,3.0,16.0,81.3,18.8,0.0,127.0,51.0,178.0,672,439,8,69,109,59,7.1,8.8,4.487671232876712,9.863013698630137,1.5287671232876712,0.6410958904109589,0.14794520547945206,0.7890410958904109,0.0,6.263013698630137,2.515068493150685,8.778082191780822,33.13972602739726,21.649315068493152,0.39452054794520547,3.4027397260273973,5.375342465753425,2.9095890410958902,2.197802197802198,0.855072463768116,13.541666666666666
Svi Mykhailiuk,50,1156,173,362,98,240,25,28,36,88,124,93,26,3,42,63,469,1,0.626,14.8,-2.0,,,-0.2,0.13,0.152,0.0549999999999999,UTA,50,1156,195,65,155,41.9,65.0,153.0,42.5,62.9,0.4281767955801105,0.6375,4.826989619377162,4.764705882352941,29.0,17.0,38.0,80.0,10.0,14.0,24.0,41.7,58.3,1.0,65.0,62.0,127.0,996,1108,17,173,244,121,9.3,12.1,0.5294117647058824,1.1833910034602075,2.491349480968858,0.31141868512110726,0.4359861591695502,0.7474048442906575,0.031141868512110725,2.0242214532871974,1.930795847750865,3.9550173010380623,31.017301038062282,34.50519031141869,0.5294117647058824,5.387543252595155,7.598615916955017,3.7681660899653977,2.235294117647059,0.6994219653179191,1.7068273092369477
T.J. McConnell,56,963,242,450,16,50,25,29,22,102,124,287,56,10,64,62,525,1,0.567,23.2,0.4,,,0.8,0.144,0.278,0.4669999999999999,IND,56,963,63,24,55,43.6,15.0,39.0,38.5,57.3,0.1222222222222222,0.78,2.05607476635514,1.4579439252336448,34.0,3.0,9.0,116.0,12.0,22.0,34.0,35.3,64.7,4.0,36.0,41.0,77.0,2176,2934,40,512,768,356,13.2,16.4,0.11214953271028037,0.3364485981308411,4.336448598130841,0.4485981308411215,0.822429906542056,1.2710280373831775,0.14953271028037382,1.3457943925233644,1.5327102803738317,2.878504672897196,81.34579439252336,109.6822429906542,1.4953271028037383,19.14018691588785,28.710280373831775,13.30841121495327,3.0,0.6953125,0.13786764705882354
Taelon Peter,38,492,60,158,41,125,10,16,10,49,59,40,26,4,27,38,171,1,0.518,16.6,-0.4,,,0.4,0.152,0.032,0.025,IND,38,492,107,36,107,33.6,35.0,106.0,33.0,50.0,0.6772151898734177,0.848,7.829268292682927,7.7560975609756095,24.0,2.0,4.0,40.0,3.0,5.0,8.0,37.5,62.5,6.0,54.0,34.0,88.0,587,627,14,75,104,57,6.8,9.7,0.14634146341463414,0.2926829268292683,2.926829268292683,0.21951219512195122,0.36585365853658536,0.5853658536585366,0.43902439024390244,3.951219512195122,2.4878048780487805,6.439024390243903,42.951219512195124,45.8780487804878,1.024390243902439,5.487804878048781,7.609756097560975,4.170731707317073,2.0,0.76,0.34071550255536626
Taj Gibson,10,97,12,26,3,6,7,8,11,16,27,6,2,1,1,14,34,1,0.576,13.1,-2.1,,,0.1,0.269,0.308,0.192,MEM,10,97,13,5,11,45.5,3.0,6.0,50.0,59.1,0.4230769230769231,1.0,4.082474226804123,2.2268041237113403,41.0,13.0,37.0,5.0,1.0,0.0,1.0,100.0,0.0,0.0,15.0,9.0,24.0,73,61,0,12,15,6,8.2,8.2,4.824742268041237,13.731958762886597,1.8556701030927836,0.3711340206185567,0.0,0.3711340206185567,0.0,5.56701030927835,3.3402061855670104,8.907216494845361,27.09278350515464,22.63917525773196,0.0,4.453608247422681,5.56701030927835,2.2268041237113403,2.8461538461538463,0.5,17.80821917808219
Tari Eason,60,1549,241,580,93,260,52,67,124,252,376,90,72,28,81,138,627,1,0.514,18.7,0.2,,,2.3,0.234,0.193,0.124,HOU,60,1549,247,83,233,35.6,81.0,218.0,37.2,53.0,0.4017241379310345,0.8384615384615385,5.4151065203357005,5.066494512588767,25.0,12.0,28.0,142.0,26.0,21.0,47.0,55.3,44.7,0.0,178.0,100.0,278.0,1585,1438,21,160,223,118,5.7,7.4,0.2788896061975468,0.6507424144609425,3.3001936733376374,0.6042608134280181,0.4880568108457069,1.092317624273725,0.0,4.136862491930278,2.324080051646223,6.460942543576501,36.83666881859264,33.42027114267269,0.4880568108457069,3.7185280826339575,5.1826985151710785,2.7424144609425434,2.3333333333333335,0.7375,0.7570977917981072
Taurean Prince,26,611,86,191,61,140,6,6,4,77,81,46,16,6,31,48,239,1,0.617,16.2,-1.8,,,0.3,0.063,0.089,0.1149999999999999,MIL,26,611,131,44,105,41.9,43.0,104.0,41.3,62.4,0.5497382198952879,0.7428571428571429,6.18657937806874,6.127659574468085,32.0,3.0,6.0,36.0,0.0,3.0,3.0,0.0,100.0,0.0,23.0,33.0,56.0,580,558,11,89,121,60,7.9,10.3,0.176759410801964,0.353518821603928,2.121112929623568,0.0,0.176759410801964,0.176759410801964,0.0,1.3551554828150574,1.944353518821604,3.299509001636661,34.173486088379704,32.877250409165306,0.6481178396072013,5.243862520458265,7.129296235679214,3.53518821603928,2.0,0.6741573033707865,0.5172413793103449
Taylor Hendricks,118,2236,326,710,126,368,98,144,130,312,442,110,100,60,100,198,876,3,0.566,16.2,-0.9,,,1.6,0.234,0.214,0.034,MEM,59,1118,179,60,173,34.7,59.0,171.0,34.5,51.7,0.2436619718309859,0.4646739130434782,2.7853309481216457,2.7531305903398926,22.0,68.0,161.0,97.0,8.0,6.0,14.0,57.1,42.9,1.0,131.0,91.0,222.0,804,742,6,94,142,63,6.8,7.8,1.0948121645796065,2.592128801431127,1.5617173524150267,0.12880143112701253,0.09660107334525939,0.22540250447227192,0.016100178890876567,2.10912343470483,1.4651162790697674,3.5742397137745976,12.94454382826476,11.946332737030412,0.09660107334525939,1.513416815742397,2.2862254025044724,1.0143112701252237,2.3676470588235294,0.6702127659574468,8.457711442786069
Terance Mann,63,1529,168,368,56,154,63,80,70,130,200,190,41,15,71,155,455,1,0.564,13.5,-0.7,,,0.6,0.234,0.196,0.152,BKN,63,1529,132,45,112,40.2,42.0,104.0,40.4,58.9,0.3043478260869565,0.6753246753246753,2.6370176586003926,2.44865925441465,29.0,27.0,66.0,124.0,10.0,8.0,18.0,55.6,44.4,3.0,98.0,73.0,171.0,2005,2176,26,376,480,223,9.5,11.1,0.6357096141268803,1.5539568345323742,2.9195552648790057,0.2354480052321779,0.18835840418574232,0.4238064094179202,0.07063440156965337,2.307390451275343,1.7187704381948987,4.026160889470242,47.20732504905167,51.23348593852191,0.6121648136036625,8.852844996729889,11.30150425114454,5.250490516677567,2.4444444444444446,0.5930851063829787,1.346633416458853
Terrence Shannon Jr.,43,538,77,171,31,76,56,70,10,39,49,38,14,1,24,50,241,1,0.597,17.7,-1.1,,,0.4,0.345,0.14,0.07,MIN,43,538,51,17,52,32.7,17.0,51.0,33.3,49.0,0.3040935672514619,0.6710526315789473,3.479553903345725,3.412639405204461,25.0,7.0,17.0,29.0,3.0,2.0,5.0,60.0,40.0,2.0,42.0,29.0,71.0,439,616,6,89,99,46,8.7,10.5,0.4684014869888476,1.137546468401487,1.9405204460966543,0.20074349442379183,0.13382899628252787,0.3345724907063197,0.13382899628252787,2.8104089219330857,1.9405204460966543,4.75092936802974,29.37546468401487,41.21933085501859,0.40148698884758366,5.955390334572491,6.62453531598513,3.0780669144981414,2.4285714285714284,0.5168539325842697,1.5945330296127562
Thanasis Antetokounmpo,34,148,15,32,0,4,17,30,12,18,30,15,13,6,10,18,47,1,0.52,16.5,1.8,,,0.2,0.469,0.375,0.031,MIL,34,148,0,0,4,0.0,0.0,3.0,0.0,0.0,0.125,0.75,0.972972972972973,0.7297297297297297,33.0,6.0,13.0,25.0,3.0,1.0,4.0,75.0,25.0,0.0,12.0,7.0,19.0,150,156,0,37,45,17,10.0,11.3,1.4594594594594594,3.1621621621621623,6.081081081081081,0.7297297297297297,0.24324324324324326,0.972972972972973,0.0,2.918918918918919,1.7027027027027026,4.621621621621622,36.486486486486484,37.945945945945944,0.0,9.0,10.945945945945946,4.135135135135135,2.1666666666666665,0.4594594594594595,4.0
Thomas Bryant,60,732,135,267,47,131,53,66,59,146,205,33,18,26,28,75,370,1,0.625,18.6,-0.7,,,0.9,0.311,0.15,0.049,CLE,60,732,148,51,137,37.2,46.0,125.0,36.8,54.0,0.5131086142322098,0.9541984732824428,6.737704918032787,6.147540983606557,28.0,61.0,140.0,36.0,7.0,5.0,12.0,58.3,41.7,1.0,159.0,31.0,190.0,872,734,9,51,87,47,3.8,5.4,3.0,6.885245901639344,1.7704918032786885,0.3442622950819672,0.2459016393442623,0.5901639344262295,0.04918032786885246,7.819672131147541,1.5245901639344261,9.344262295081966,42.885245901639344,36.09836065573771,0.4426229508196721,2.5081967213114753,4.278688524590164,2.3114754098360657,2.2950819672131146,0.9215686274509803,6.995412844036697
Tidjane Salaün,37,575,80,159,36,83,26,40,26,123,149,27,16,7,26,54,222,1,0.629,14.9,0.4,,,0.8,0.27,0.208,0.0,CHA,37,575,102,34,80,42.5,34.0,80.0,42.5,63.8,0.5031446540880503,0.963855421686747,5.008695652173913,5.008695652173913,20.0,19.0,47.0,38.0,3.0,6.0,9.0,33.3,66.7,1.0,54.0,41.0,95.0,607,428,2,62,74,31,4.4,5.1,1.1895652173913043,2.942608695652174,2.3791304347826085,0.18782608695652173,0.37565217391304345,0.5634782608695652,0.06260869565217392,3.3808695652173912,2.5669565217391304,5.947826086956522,38.003478260869564,26.796521739130434,0.12521739130434784,3.8817391304347826,4.63304347826087,1.9408695652173913,2.473684210526316,0.5,3.1301482701812193
Tim Hardaway Jr.,80,2127,348,779,224,550,159,196,17,189,206,108,42,10,43,100,1079,1,0.624,18.5,-1.9,,,1.0,0.074,0.089,0.131,DEN,80,2127,549,186,443,42.0,177.0,427.0,41.5,62.0,0.5686777920410783,0.7763636363636364,7.497884344146685,7.227080394922426,34.0,34.0,83.0,69.0,5.0,10.0,15.0,33.3,66.7,7.0,123.0,111.0,234.0,1552,1866,20,188,268,138,7.0,8.9,0.5754583921015515,1.4047954866008463,1.1678420310296191,0.0846262341325811,0.1692524682651622,0.2538787023977433,0.11847672778561354,2.081805359661495,1.8787023977433004,3.9605077574047955,26.26798307475317,31.582510578279265,0.3385049365303244,3.1819464033850493,4.535966149506347,2.3356840620592383,2.4411764705882355,0.7340425531914894,2.1907216494845363
Tobias Harris,63,1746,309,659,82,223,136,157,55,268,323,157,58,26,63,107,836,1,0.574,18.8,0.8,,,2.7,0.158,0.284,0.2209999999999999,DET,63,1745,234,79,213,37.1,76.0,200.0,38.0,54.9,0.3232169954476479,0.8968609865470852,4.391752577319588,4.123711340206185,33.0,21.0,45.0,89.0,15.0,16.0,31.0,48.4,51.6,0.0,129.0,115.0,244.0,1819,1842,29,250,390,199,8.6,10.9,0.4329896907216495,0.9278350515463918,1.8350515463917525,0.30927835051546393,0.32989690721649484,0.6391752577319587,0.0,2.6597938144329896,2.3711340206185567,5.030927835051546,37.50515463917526,37.97938144329897,0.5979381443298969,5.154639175257732,8.041237113402062,4.103092783505154,2.142857142857143,0.796,1.154480483782298
Toby Okani,6,217,25,70,9,31,1,8,9,12,21,6,4,3,3,20,60,1,0.408,14.7,-3.9,,,0.0,0.157,0.214,0.186,MEM,6,217,24,8,27,29.6,8.0,26.0,30.8,44.4,0.3857142857142857,0.8387096774193549,4.47926267281106,4.313364055299539,24.0,4.0,10.0,9.0,0.0,2.0,2.0,0.0,100.0,0.0,20.0,12.0,32.0,106,127,2,12,19,10,5.7,9.4,0.663594470046083,1.6589861751152073,1.4930875576036866,0.0,0.3317972350230415,0.3317972350230415,0.0,3.3179723502304146,1.9907834101382489,5.308755760368664,17.5852534562212,21.069124423963135,0.3317972350230415,1.9907834101382489,3.152073732718894,1.6589861751152073,2.5,0.8333333333333334,3.7735849056603774
Tolu Smith,15,137,18,36,0,0,20,30,22,27,49,13,2,6,7,23,56,1,0.569,17.1,0.9,,,0.2,0.611,0.389,0.0,DET,15,137,0,0,0,,0.0,0.0,,,0.0,,0.0,0.0,25.0,16.0,40.0,4.0,1.0,0.0,1.0,100.0,0.0,0.0,19.0,8.0,27.0,146,128,1,22,34,14,8.9,9.6,4.204379562043796,10.510948905109489,1.051094890510949,0.26277372262773724,0.0,0.26277372262773724,0.0,4.992700729927007,2.102189781021898,7.094890510948905,38.36496350364963,33.63503649635037,0.26277372262773724,5.781021897810219,8.934306569343066,3.678832116788321,2.5,0.6363636363636364,10.95890410958904
Tony Bradley,82,900,128,234,4,8,64,86,120,112,232,44,12,14,36,124,324,3,0.596,14.5,-1.7,,,0.4,0.504,0.359,0.103,ATL,41,451,12,5,10,50.0,2.0,4.0,50.0,60.0,0.0427350427350427,0.5,0.4,0.16,28.0,37.0,88.0,14.0,4.0,3.0,7.0,57.1,42.9,0.0,81.0,31.0,112.0,359,276,3,40,58,28,6.1,7.8,1.48,3.52,0.56,0.16,0.12,0.28,0.0,3.24,1.24,4.48,14.36,11.04,0.12,1.6,2.32,1.12,2.3783783783783785,0.7,10.30640668523677
Tosan Evbuomwan,5,8,0,1,0,0,0,0,1,1,2,0,0,0,0,1,0,1,0.0,5.4,-3.0,,,0.0,0.0,1.0,0.0,CHA,5,8,0,0,0,,0.0,0.0,,,0.0,,0.0,0.0,25.0,0.0,0.0,0.0,1.0,0.0,1.0,100.0,0.0,0.0,2.0,1.0,3.0,9,5,0,2,2,1,0.0,11.1,0.0,0.0,0.0,4.5,0.0,4.5,0.0,9.0,4.5,13.5,40.5,22.5,0.0,9.0,9.0,4.5,,0.5,0.0
Toumani Camara,82,2731,392,891,219,592,97,137,129,292,421,201,94,35,144,237,1100,1,0.578,16.3,0.0,,,2.7,0.175,0.135,0.026,POR,82,2731,530,177,463,38.2,176.0,459.0,38.3,57.2,0.5196408529741863,0.7753378378378378,6.103258879531308,6.050530941047236,26.0,65.0,159.0,213.0,22.0,18.0,40.0,55.0,45.0,18.0,253.0,172.0,425.0,3371,3099,36,409,530,253,6.0,7.5,0.8568290003661663,2.095935554741853,2.8077627242768215,0.2900036616623947,0.23727572317832296,0.5272793848407177,0.23727572317832296,3.3350421091175395,2.267301354815086,5.602343463932625,44.43647015745148,40.8509703405346,0.4745514463566459,5.391431709996338,6.98645184913951,3.3350421091175395,2.4461538461538463,0.6185819070904646,1.928211213289825
Trae Young,30,768,162,354,54,160,160,194,8,52,60,240,26,4,78,66,538,3,0.612,28.1,-1.4,,,0.4,0.147,0.175,0.2259999999999999,WAS,15,384,21,7,19,36.8,7.0,19.0,36.8,55.3,0.0536723163841807,0.11875,0.890625,0.890625,27.0,2.0,4.0,24.0,5.0,3.0,8.0,62.5,37.5,1.0,7.0,8.0,15.0,628,1046,20,210,309,151,19.1,24.0,0.09375,0.1875,1.125,0.234375,0.140625,0.375,0.046875,0.328125,0.375,0.703125,29.4375,49.03125,0.9375,9.84375,14.484375,7.078125,2.0,0.719047619047619,0.3184713375796178
Trayce Jackson-Davis,106,992,142,248,2,2,76,148,132,158,290,78,34,48,44,90,362,3,0.578,15.3,0.4,,,1.4,0.71,0.282,0.0,TOR,53,496,3,1,1,100.0,1.0,1.0,100.0,150.0,0.0040322580645161,0.5,0.0362903225806451,0.0362903225806451,26.0,59.0,138.0,30.0,8.0,4.0,12.0,66.7,33.3,0.0,137.0,39.0,176.0,639,528,3,89,106,46,6.1,7.2,2.1411290322580645,5.008064516129032,1.0887096774193548,0.2903225806451613,0.14516129032258066,0.43548387096774194,0.0,4.971774193548387,1.4153225806451613,6.387096774193548,23.18951612903226,19.161290322580644,0.10887096774193548,3.2298387096774195,3.846774193548387,1.6693548387096775,2.3389830508474576,0.5168539325842697,9.23317683881064
Tre Johnson,60,1443,271,647,115,321,76,87,29,141,170,122,33,18,93,122,733,1,0.535,22.5,-2.9,,,-0.1,0.071,0.178,0.255,WAS,60,1443,229,79,215,36.7,71.0,203.0,35.0,53.3,0.3323029366306028,0.632398753894081,5.363825363825364,5.0644490644490645,20.0,9.0,22.0,81.0,7.0,7.0,14.0,50.0,50.0,0.0,80.0,70.0,150.0,1167,1602,20,230,300,147,10.5,12.6,0.22453222453222454,0.5488565488565489,2.0207900207900207,0.17463617463617465,0.17463617463617465,0.3492723492723493,0.0,1.995841995841996,1.7463617463617465,3.7422037422037424,29.114345114345113,39.96673596673597,0.498960498960499,5.738045738045738,7.484407484407485,3.6673596673596673,2.4444444444444446,0.6391304347826087,0.7712082262210797
Tre Jones,65,1752,341,617,41,130,191,227,38,166,204,350,76,11,92,94,914,1,0.637,19.2,0.1,,,1.1,0.48,0.237,0.073,CHI,65,1752,81,27,97,27.8,27.0,94.0,28.7,41.8,0.1572123176661264,0.7230769230769231,1.9931506849315068,1.9315068493150684,26.0,19.0,45.0,145.0,15.0,12.0,27.0,55.6,44.4,8.0,101.0,59.0,160.0,2995,3846,49,699,902,416,11.7,13.9,0.3904109589041096,0.9246575342465754,2.9794520547945207,0.3082191780821918,0.2465753424657534,0.5547945205479452,0.1643835616438356,2.0753424657534247,1.2123287671232876,3.287671232876712,61.54109589041096,79.02739726027397,1.0068493150684932,14.363013698630137,18.534246575342465,8.547945205479452,2.3684210526315788,0.5951359084406295,0.6343906510851419
Tre Mann,53,669,109,303,50,155,23,27,20,72,92,86,25,5,54,69,291,1,0.462,23.3,-0.8,,,0.7,0.122,0.172,0.194,CHA,53,668,84,28,77,36.4,28.0,76.0,36.8,54.5,0.2541254125412541,0.4903225806451612,4.143497757847534,4.089686098654709,25.0,9.0,23.0,50.0,6.0,8.0,14.0,42.9,57.1,0.0,43.0,36.0,79.0,999,1288,16,172,226,110,8.6,11.0,0.484304932735426,1.2376681614349776,2.690582959641256,0.32286995515695066,0.4304932735426009,0.7533632286995515,0.0,2.31390134529148,1.937219730941704,4.251121076233184,53.75784753363229,69.30941704035874,0.8609865470852018,9.25560538116592,12.161434977578475,5.9192825112107625,2.5555555555555554,0.6395348837209303,0.9009009009009009
Tre Scott,6,182,19,50,6,19,4,6,10,21,31,10,8,5,4,12,48,1,0.456,13.6,-1.1,,,0.1,0.32,0.14,0.16,BKN,6,182,19,7,20,35.0,5.0,15.0,33.3,47.5,0.4,0.7894736842105263,3.956043956043956,2.967032967032967,29.0,10.0,20.0,12.0,1.0,1.0,2.0,50.0,50.0,0.0,21.0,16.0,37.0,184,161,5,21,25,15,5.4,8.2,1.978021978021978,3.956043956043956,2.3736263736263736,0.1978021978021978,0.1978021978021978,0.3956043956043956,0.0,4.153846153846154,3.1648351648351647,7.318681318681318,36.395604395604394,31.846153846153847,0.989010989010989,4.153846153846154,4.945054945054945,2.967032967032967,2.0,0.7142857142857143,5.434782608695652
Trendon Watford,53,864,138,268,10,50,60,77,38,137,175,132,16,22,64,107,346,1,0.573,17.9,0.2,,,0.8,0.317,0.425,0.071,PHI,53,864,27,9,44,20.5,9.0,43.0,20.9,30.7,0.1641791044776119,0.86,1.8333333333333333,1.7916666666666667,25.0,17.0,41.0,44.0,13.0,6.0,19.0,68.4,31.6,0.0,99.0,85.0,184.0,1627,1440,15,243,334,158,8.1,9.7,0.7083333333333334,1.7083333333333333,1.8333333333333333,0.5416666666666666,0.25,0.7916666666666666,0.0,4.125,3.5416666666666665,7.666666666666667,67.79166666666667,60.0,0.625,10.125,13.916666666666666,6.583333333333333,2.411764705882353,0.6502057613168725,1.0448678549477566
Trentyn Flowers,2,6,2,3,0,1,0,0,1,0,1,1,0,0,1,1,4,1,0.667,27.8,-2.7,,,0.0,0.667,0.0,0.0,CHI,2,6,0,0,1,0.0,0.0,1.0,0.0,0.0,0.3333333333333333,1.0,6.0,6.0,21.0,0.0,0.0,1.0,1.0,0.0,1.0,100.0,0.0,0.0,2.0,0.0,2.0,4,6,0,1,2,1,25.0,25.0,0.0,0.0,6.0,6.0,0.0,6.0,0.0,12.0,0.0,12.0,24.0,36.0,0.0,6.0,12.0,6.0,,1.0,0.0
Trevor Keels,8,15,3,12,2,9,0,0,0,2,2,0,1,0,0,0,8,1,0.333,32.6,-5.2,,,0.0,0.083,0.083,0.083,MIA,8,15,3,1,7,14.3,1.0,6.0,16.7,21.4,0.5833333333333334,0.6666666666666666,16.8,14.4,22.0,0.0,0.0,2.0,0.0,0.0,0.0,0.0,0.0,0.0,1.0,0.0,1.0,13,24,0,2,0,0,0.0,0.0,0.0,0.0,4.8,0.0,0.0,0.0,0.0,2.4,0.0,2.4,31.2,57.6,0.0,4.8,0.0,0.0,,0.0,0.0
Trey Alexander,9,111,19,37,6,12,3,5,1,10,11,9,6,2,3,13,47,1,0.599,15.8,-0.1,,,0.1,0.135,0.216,0.324,NOP,9,111,18,6,9,66.7,6.0,9.0,66.7,100.0,0.2432432432432432,0.75,2.918918918918919,2.918918918918919,23.0,0.0,0.0,15.0,0.0,1.0,1.0,0.0,100.0,1.0,19.0,5.0,24.0,107,133,1,17,25,12,8.4,11.2,0.0,0.0,4.864864864864865,0.0,0.32432432432432434,0.32432432432432434,0.32432432432432434,6.162162162162162,1.6216216216216217,7.783783783783784,34.7027027027027,43.13513513513514,0.32432432432432434,5.513513513513513,8.108108108108109,3.891891891891892,,0.7058823529411765,0.0
Trey Jemison,13,82,6,10,0,0,1,1,8,10,18,5,1,2,10,11,13,1,0.623,10.7,-0.3,,,0.1,0.1,0.6,0.3,NYK,13,82,0,0,0,,0.0,0.0,,,0.0,,0.0,0.0,26.0,9.0,20.0,5.0,1.0,1.0,2.0,50.0,50.0,0.0,12.0,3.0,15.0,62,56,1,8,11,6,8.1,9.7,3.951219512195122,8.78048780487805,2.1951219512195124,0.43902439024390244,0.43902439024390244,0.8780487804878049,0.0,5.2682926829268295,1.3170731707317074,6.585365853658536,27.21951219512195,24.585365853658537,0.43902439024390244,3.5121951219512195,4.829268292682927,2.6341463414634148,2.2222222222222223,0.75,14.516129032258064
Trey Murphy III,66,2341,494,1050,214,565,218,246,63,314,377,250,99,24,120,138,1420,1,0.613,22.7,-0.6,,,1.6,0.21,0.154,0.0969999999999999,NOP,66,2341,443,149,344,43.3,145.0,338.0,42.9,64.4,0.3276190476190476,0.5982300884955752,5.290046988466467,5.197778727039727,26.0,40.0,86.0,185.0,16.0,23.0,39.0,41.0,59.0,0.0,175.0,142.0,317.0,2628,3258,44,468,608,314,9.5,11.9,0.615121742844938,1.3225117471166168,2.8449380606578387,0.24604869713797523,0.3536950021358394,0.5997436992738147,0.0,2.691157624946604,2.18368218709953,4.874839812046134,40.41349850491243,50.101665954720204,0.6766339171294319,7.196924391285775,9.349850491243059,4.828705681332764,2.15,0.6709401709401709,1.5220700152207
Tristan Da Silva,77,1899,279,620,120,321,84,95,58,226,284,124,68,25,69,117,762,1,0.576,16.2,0.1,,,2.1,0.16,0.227,0.095,ORL,77,1899,302,102,268,38.1,98.0,258.0,38.0,56.3,0.432258064516129,0.8037383177570093,5.080568720379147,4.890995260663507,25.0,32.0,67.0,127.0,11.0,14.0,25.0,44.0,56.0,0.0,194.0,107.0,301.0,1605,1638,17,187,303,151,7.7,9.4,0.6066350710900474,1.2701421800947867,2.4075829383886256,0.20853080568720378,0.26540284360189575,0.47393364928909953,0.0,3.677725118483412,2.028436018957346,5.706161137440758,30.42654028436019,31.0521327014218,0.3222748815165877,3.5450236966824646,5.7440758293838865,2.862559241706161,2.09375,0.8074866310160428,1.9937694704049844
Tristan Enaruna,9,85,14,28,3,10,6,8,7,7,14,7,5,0,3,3,37,1,0.587,17.1,-0.4,,,0.1,0.393,0.214,0.036,CLE,9,85,9,3,10,30.0,3.0,10.0,30.0,45.0,0.3571428571428571,1.0,4.235294117647059,4.235294117647059,25.0,2.0,5.0,7.0,1.0,0.0,1.0,100.0,0.0,0.0,8.0,6.0,14.0,69,71,0,11,15,7,10.1,10.1,0.8470588235294118,2.1176470588235294,2.9647058823529413,0.4235294117647059,0.0,0.4235294117647059,0.0,3.388235294117647,2.541176470588235,5.929411764705883,29.223529411764705,30.070588235294117,0.0,4.658823529411765,6.352941176470588,2.9647058823529413,2.5,0.6363636363636364,2.898550724637681
Tristan Vukcevic,49,671,152,317,50,144,87,111,32,115,147,55,23,33,62,82,441,1,0.603,26.6,-0.8,,,0.4,0.17,0.17,0.205,WAS,49,671,144,52,146,35.6,40.0,117.0,34.2,49.3,0.4605678233438486,0.8125,7.833084947839046,6.277198211624441,23.0,76.0,180.0,56.0,8.0,5.0,13.0,61.5,38.5,1.0,143.0,62.0,205.0,701,821,7,78,136,70,7.8,10.0,4.0774962742175855,9.657228017883755,3.0044709388971684,0.42921013412816694,0.26825633383010433,0.6974664679582713,0.05365126676602087,7.672131147540983,3.3263785394932937,10.998509687034277,37.60953800298063,44.04769001490313,0.37555886736214605,4.184798807749627,7.296572280178838,3.7555886736214603,2.3684210526315788,0.8974358974358975,10.841654778887303
Tristen Newton,1,12,4,9,2,5,2,3,2,1,3,0,1,0,0,0,12,1,0.581,36.2,0.0,,,0.0,0.111,0.222,0.111,HOU,1,12,6,2,4,50.0,2.0,4.0,50.0,75.0,0.4444444444444444,0.8,12.0,12.0,25.0,0.0,0.0,2.0,0.0,0.0,0.0,0.0,0.0,0.0,1.0,1.0,2.0,7,13,0,0,0,0,0.0,0.0,0.0,0.0,6.0,0.0,0.0,0.0,0.0,3.0,3.0,6.0,21.0,39.0,0.0,0.0,0.0,0.0,,,0.0
Ty Jerome,15,339,102,215,42,100,49,56,11,31,42,85,16,4,27,31,295,1,0.616,32.7,-0.6,,,0.2,0.098,0.242,0.1949999999999999,MEM,15,339,22,8,22,36.4,6.0,20.0,30.0,50.0,0.1023255813953488,0.2,2.336283185840708,2.1238938053097347,28.0,2.0,6.0,40.0,4.0,1.0,5.0,80.0,20.0,0.0,12.0,21.0,33.0,503,835,10,122,214,103,16.9,20.5,0.21238938053097345,0.6371681415929203,4.247787610619469,0.4247787610619469,0.10619469026548672,0.5309734513274337,0.0,1.2743362831858407,2.230088495575221,3.504424778761062,53.415929203539825,88.67256637168141,1.0619469026548674,12.955752212389381,22.72566371681416,10.938053097345133,3.0,0.8442622950819673,0.3976143141153082
TyTy Washington Jr.,16,88,9,19,3,8,0,0,1,5,6,17,6,3,3,7,21,1,0.553,11.1,2.6,,,0.1,0.158,0.316,0.105,LAC,16,88,6,2,4,50.0,2.0,4.0,50.0,75.0,0.2105263157894736,0.5,1.6363636363636365,1.6363636363636365,24.0,0.0,0.0,8.0,1.0,0.0,1.0,100.0,0.0,0.0,4.0,4.0,8.0,118,162,3,25,42,24,14.4,20.3,0.0,0.0,3.272727272727273,0.4090909090909091,0.0,0.4090909090909091,0.0,1.6363636363636365,1.6363636363636365,3.272727272727273,48.27272727272727,66.27272727272727,1.2272727272727273,10.227272727272727,17.181818181818183,9.818181818181818,,0.96,0.0
Tyler Burton,12,307,42,112,22,66,23,27,8,42,50,12,11,4,11,31,129,1,0.521,18.3,-1.9,,,0.2,0.214,0.134,0.063,MEM,12,307,63,21,56,37.5,21.0,55.0,38.2,56.3,0.5,0.8333333333333334,6.5667752442996745,6.449511400651466,26.0,2.0,4.0,27.0,2.0,5.0,7.0,28.6,71.4,0.0,27.0,17.0,44.0,258,250,2,17,31,15,4.7,5.8,0.23452768729641693,0.46905537459283386,3.1661237785016287,0.23452768729641693,0.5863192182410424,0.8208469055374593,0.0,3.1661237785016287,1.993485342019544,5.159609120521172,30.254071661237784,29.315960912052116,0.23452768729641693,1.993485342019544,3.6351791530944624,1.758957654723127,2.0,0.8823529411764706,0.7751937984496124
Tyler Herro,33,1033,247,515,84,222,99,108,14,144,158,136,23,12,64,62,677,1,0.602,24.7,-0.4,,,1.0,0.091,0.25,0.2279999999999999,MIA,33,1033,125,42,120,35.0,41.0,112.0,36.6,52.1,0.233009708737864,0.5045045045045045,4.181994191674733,3.9031945788964175,26.0,2.0,5.0,43.0,8.0,7.0,15.0,53.3,46.7,0.0,83.0,27.0,110.0,1332,1707,27,220,340,172,10.2,12.9,0.0696999031945789,0.17424975798644723,1.4985479186834463,0.2787996127783156,0.24394966118102615,0.5227492739593417,0.0,2.892545982575024,0.9409486931268151,3.8334946757018393,46.420135527589544,59.48886737657309,0.9409486931268151,7.666989351403679,11.848983543078413,5.994191674733785,2.5,0.7818181818181819,0.15015015015015015
Tyler Kolek,62,727,108,248,44,114,14,20,16,82,98,170,22,4,55,65,274,1,0.533,18.4,0.2,,,0.8,0.173,0.218,0.149,NYK,62,727,83,28,73,38.4,27.0,72.0,37.5,56.8,0.2943548387096774,0.631578947368421,3.614855570839065,3.565337001375516,25.0,5.0,11.0,38.0,6.0,10.0,16.0,37.5,62.5,2.0,42.0,30.0,72.0,1423,1649,18,312,429,201,11.9,14.1,0.24759284731774414,0.5447042640990372,1.8817056396148555,0.297111416781293,0.4951856946354883,0.7922971114167813,0.09903713892709766,2.0797799174690508,1.485557083906465,3.5653370013755157,70.46492434662999,81.65612104539203,0.8913342503438789,15.449793672627235,21.243466299862447,9.953232462173315,2.2,0.6442307692307693,0.35137034434293746
Tyler Smith,12,166,21,50,10,35,4,6,12,21,33,5,6,0,6,13,56,1,0.532,14.8,-1.6,,,0.1,0.22,0.06,0.02,DAL,12,166,30,10,32,31.3,10.0,32.0,31.3,46.9,0.64,0.9142857142857144,6.9397590361445785,6.9397590361445785,21.0,4.0,8.0,8.0,1.0,0.0,1.0,100.0,0.0,0.0,16.0,15.0,31.0,143,90,1,10,14,7,3.5,4.9,0.8674698795180723,1.7349397590361446,1.7349397590361446,0.21686746987951808,0.0,0.21686746987951808,0.0,3.4698795180722892,3.253012048192771,6.72289156626506,31.012048192771083,19.518072289156628,0.21686746987951808,2.1686746987951806,3.036144578313253,1.5180722891566265,2.0,0.7,2.797202797202797
Tyrese Martin,92,1554,218,554,106,330,38,56,68,164,232,156,50,12,80,66,580,3,0.501,18.4,-1.4,,,0.8,0.17,0.173,0.061,PHI,46,777,135,45,132,34.1,45.0,132.0,34.1,51.1,0.2382671480144404,0.4,3.057915057915058,3.057915057915058,27.0,6.0,14.0,53.0,9.0,12.0,21.0,42.9,57.1,0.0,51.0,46.0,97.0,1129,1253,11,175,200,95,6.9,8.4,0.138996138996139,0.32432432432432434,1.2277992277992278,0.2084942084942085,0.277992277992278,0.4864864864864865,0.0,1.1814671814671815,1.0656370656370657,2.247104247104247,26.154440154440156,29.027027027027028,0.2548262548262548,4.054054054054054,4.633204633204633,2.200772200772201,2.3333333333333335,0.5428571428571428,0.5314437555358724
Tyrese Maxey,70,2661,694,1501,220,599,372,417,24,266,290,461,130,55,171,151,1980,1,0.588,29.4,0.5,,,2.8,0.232,0.203,0.1669999999999999,PHI,70,2661,314,107,249,43.0,100.0,239.0,41.8,63.1,0.1658894070619587,0.3989983305509182,3.3686583990980834,3.2333709131905297,25.0,20.0,45.0,250.0,15.0,36.0,51.0,29.4,70.6,3.0,116.0,155.0,271.0,4602,6444,96,886,1198,610,10.0,13.3,0.2705749718151071,0.608793686583991,3.382187147688839,0.20293122886133033,0.48703494926719276,0.6899661781285231,0.040586245772266064,1.5693348365276212,2.09695603156708,3.666290868094701,62.259301014656145,87.17925591882751,1.298759864712514,11.986471251409245,16.207440811724915,8.252536640360766,2.25,0.6884875846501128,0.43459365493263796
Tyrese Proctor,50,545,93,225,46,131,40,45,11,53,64,74,25,0,40,59,272,1,0.556,22.0,-0.5,,,0.5,0.169,0.138,0.111,CLE,50,545,81,27,79,34.2,27.0,77.0,35.1,51.3,0.3511111111111111,0.5877862595419847,5.218348623853211,5.086238532110092,22.0,7.0,16.0,59.0,4.0,7.0,11.0,36.4,63.6,1.0,16.0,27.0,43.0,689,957,26,155,193,108,10.7,15.7,0.46238532110091746,1.0568807339449542,3.8972477064220183,0.26422018348623855,0.46238532110091746,0.726605504587156,0.06605504587155964,1.0568807339449542,1.7834862385321102,2.840366972477064,45.511926605504584,63.21467889908257,1.7174311926605506,10.238532110091743,12.74862385321101,7.133944954128441,2.2857142857142856,0.6967741935483871,1.0159651669085632
Tyson Etienne,24,380,58,145,43,108,30,36,5,22,27,40,11,0,16,47,189,1,0.588,20.3,-2.0,,,0.1,0.069,0.09,0.096,BKN,24,380,101,34,92,37.0,33.0,87.0,37.9,54.9,0.6344827586206897,0.8055555555555556,8.715789473684211,8.242105263157894,26.0,4.0,9.0,16.0,4.0,3.0,7.0,57.1,42.9,0.0,19.0,10.0,29.0,396,554,4,73,101,45,10.1,11.4,0.37894736842105264,0.8526315789473684,1.5157894736842106,0.37894736842105264,0.28421052631578947,0.6631578947368421,0.0,1.8,0.9473684210526315,2.7473684210526317,37.51578947368421,52.48421052631579,0.37894736842105264,6.91578947368421,9.56842105263158,4.2631578947368425,2.25,0.6164383561643836,1.0101010101010102
Tyus Jones,134,1958,152,436,80,274,14,18,24,128,152,318,74,6,50,62,398,4,0.448,10.7,0.5,,,1.6,0.05,0.193,0.129,DEN,67,979,87,29,101,28.7,29.0,100.0,29.0,43.1,0.231651376146789,0.364963503649635,1.856996935648621,1.838610827374872,30.0,6.0,14.0,54.0,2.0,5.0,7.0,28.6,71.4,0.0,14.0,33.0,47.0,1798,2136,27,281,409,204,8.8,11.3,0.11031664964249234,0.2574055158324821,0.992849846782431,0.03677221654749745,0.09193054136874361,0.12870275791624106,0.0,0.2574055158324821,0.6067415730337079,0.86414708886619,33.0582226762002,39.27272727272727,0.4964249233912155,5.166496424923391,7.519918283963228,3.7507660878447395,2.3333333333333335,0.7259786476868327,0.3337041156840934
VJ Edgecombe,75,2623,451,1030,149,421,148,181,122,301,423,315,107,39,137,214,1199,1,0.54,20.1,-0.1,,,2.5,0.222,0.176,0.193,PHI,75,2623,306,103,271,38.0,100.0,261.0,38.3,56.5,0.2631067961165048,0.6199524940617577,3.7194052611513535,3.5821578345406024,20.0,20.0,44.0,244.0,39.0,38.0,77.0,50.6,49.4,0.0,197.0,137.0,334.0,3867,4578,56,557,816,403,8.1,10.4,0.2744948532215021,0.6038886770873046,3.3488372093023258,0.5352649637819291,0.521540221120854,1.056805184902783,0.0,2.7037743042317954,1.8802897445672893,4.584064048799085,53.07357987037743,62.83187190240183,0.7685855890202059,7.644681662218834,11.199390011437286,5.531071292413268,2.2,0.7235188509874326,0.517196793379881
Victor Wembanyama,64,1866,553,1080,122,350,372,450,130,606,736,199,66,197,155,156,1600,1,0.626,32.4,4.2,,,5.0,0.328,0.148,0.2,SAS,64,1866,318,115,293,39.2,88.0,241.0,36.5,54.3,0.2712962962962963,0.6885714285714286,5.652733118971061,4.64951768488746,22.0,87.0,189.0,167.0,20.0,11.0,31.0,64.5,35.5,3.0,434.0,167.0,601.0,2244,2432,55,352,504,266,8.9,11.9,1.6784565916398715,3.6463022508038585,3.2218649517684885,0.3858520900321543,0.21221864951768488,0.5980707395498392,0.05787781350482315,8.37299035369775,3.2218649517684885,11.594855305466238,43.29260450160772,46.91961414790997,1.0610932475884245,6.790996784565916,9.72347266881029,5.131832797427653,2.1724137931034484,0.7556818181818182,3.877005347593583
Vince Williams Jr.,80,1640,206,584,110,354,78,100,78,232,310,332,58,32,140,160,600,3,0.478,19.5,0.5,,,1.0,0.11,0.164,0.12,UTA,40,819,135,46,123,37.4,43.0,120.0,35.8,54.9,0.2106164383561644,0.3389830508474576,2.7,2.6341463414634148,25.0,6.0,15.0,72.0,11.0,5.0,16.0,68.8,31.3,1.0,65.0,47.0,112.0,1505,1922,32,290,430,211,11.0,14.0,0.13170731707317074,0.32926829268292684,1.5804878048780489,0.24146341463414633,0.10975609756097561,0.35121951219512193,0.02195121951219512,1.4268292682926829,1.0317073170731708,2.4585365853658536,33.03658536585366,42.19024390243902,0.7024390243902439,6.365853658536586,9.439024390243903,4.631707317073171,2.5,0.7275862068965517,0.39867109634551495
Vladislav Goldin,9,24,3,4,0,0,1,1,3,6,9,3,0,3,3,5,7,1,0.788,12.6,4.5,,,0.0,0.75,0.25,0.0,MIA,9,24,0,0,0,,0.0,0.0,,,0.0,,0.0,0.0,25.0,0.0,0.0,2.0,1.0,0.0,1.0,100.0,0.0,0.0,10.0,1.0,11.0,17,11,0,3,7,3,17.6,17.6,0.0,0.0,3.0,1.5,0.0,1.5,0.0,15.0,1.5,16.5,25.5,16.5,0.0,4.5,10.5,4.5,,1.0,0.0
Vít Krejčí,130,2784,384,858,256,656,76,102,62,234,296,200,94,36,82,276,1100,3,0.609,14.6,0.0,,,2.6,0.089,0.093,0.054,POR,65,1392,324,109,270,40.4,106.0,265.0,40.0,60.0,0.3146853146853147,0.4039634146341463,3.4913793103448274,3.4267241379310347,26.0,22.0,49.0,92.0,9.0,16.0,25.0,36.0,64.0,0.0,155.0,116.0,271.0,1405,1463,19,209,251,123,7.1,8.8,0.28448275862068967,0.6336206896551724,1.1896551724137931,0.11637931034482758,0.20689655172413793,0.3232758620689655,0.0,2.0043103448275863,1.5,3.5043103448275863,18.16810344827586,18.91810344827586,0.24568965517241378,2.7025862068965516,3.2456896551724137,1.5905172413793103,2.227272727272727,0.5885167464114832,1.5658362989323844
Walker Kessler,5,154,26,37,6,8,14,20,23,31,54,15,7,9,16,22,72,1,0.786,16.5,1.7,,,0.1,0.459,0.324,0.0,UTA,5,154,15,5,6,83.3,5.0,6.0,83.3,125.0,0.1621621621621621,0.75,1.4025974025974026,1.4025974025974026,24.0,16.0,39.0,16.0,4.0,0.0,4.0,100.0,0.0,0.0,34.0,9.0,43.0,217,175,4,27,43,22,6.9,10.1,3.74025974025974,9.116883116883116,3.74025974025974,0.935064935064935,0.0,0.935064935064935,0.0,7.9480519480519485,2.103896103896104,10.051948051948052,50.72727272727273,40.90909090909091,0.935064935064935,6.311688311688312,10.051948051948052,5.142857142857143,2.4375,0.8148148148148148,7.373271889400922
Walter Clayton,138,2820,354,922,150,488,218,242,50,228,278,558,88,38,232,238,1076,3,0.523,18.5,-2.1,,,0.6,0.13,0.206,0.134,MEM,69,1411,123,41,134,30.6,41.0,134.0,30.6,45.9,0.1453362255965292,0.2745901639344262,1.7106382978723405,1.7106382978723405,23.0,13.0,30.0,88.0,8.0,11.0,19.0,42.1,57.9,4.0,132.0,164.0,296.0,2415,3067,38,491,707,341,11.6,14.1,0.16595744680851063,0.3829787234042553,1.123404255319149,0.10212765957446808,0.14042553191489363,0.2425531914893617,0.05106382978723404,1.6851063829787234,2.0936170212765957,3.7787234042553193,30.829787234042552,39.1531914893617,0.4851063829787234,6.268085106382979,9.025531914893618,4.353191489361702,2.3076923076923075,0.6945010183299389,0.5383022774327122
Wendell Carter Jr.,78,2288,326,637,72,226,198,250,162,415,577,154,60,49,100,267,922,1,0.617,15.6,0.5,,,2.8,0.333,0.163,0.149,ORL,78,2288,269,100,283,35.3,69.0,220.0,31.4,47.5,0.4442700156985871,0.9734513274336284,4.4527972027972025,3.4615384615384617,27.0,218.0,497.0,125.0,21.0,22.0,43.0,48.8,51.2,2.0,444.0,151.0,595.0,2212,1937,21,253,384,180,7.0,8.1,3.43006993006993,7.81993006993007,1.9667832167832169,0.3304195804195804,0.34615384615384615,0.6765734265734266,0.03146853146853147,6.986013986013986,2.375874125874126,9.361888111888112,34.80419580419581,30.477272727272727,0.3304195804195804,3.980769230769231,6.041958041958042,2.832167832167832,2.279816513761468,0.7114624505928854,9.855334538878843
Wendell Moore Jr.,6,60,4,7,0,1,2,2,1,5,6,4,2,2,1,3,10,1,0.635,6.2,1.8,,,0.1,0.286,0.571,0.0,DET,6,60,0,0,1,0.0,0.0,1.0,0.0,0.0,0.1428571428571428,1.0,0.6,0.6,24.0,1.0,2.0,4.0,0.0,0.0,0.0,0.0,0.0,0.0,5.0,4.0,9.0,54,41,0,5,11,4,7.4,7.4,0.6,1.2,2.4,0.0,0.0,0.0,0.0,3.0,2.4,5.4,32.4,24.6,0.0,3.0,6.6,2.4,2.0,0.8,1.8518518518518519
Will Richard,69,1377,162,346,71,212,46,54,67,105,172,93,80,9,53,131,441,1,0.596,13.0,0.9,,,1.4,0.231,0.104,0.052,GSW,69,1377,201,69,184,37.5,63.0,175.0,36.0,54.6,0.5317919075144508,0.8254716981132075,4.810457516339869,4.57516339869281,23.0,16.0,37.0,157.0,9.0,10.0,19.0,47.4,52.6,5.0,76.0,70.0,146.0,1229,1310,25,172,253,128,7.6,10.4,0.41830065359477125,0.9673202614379085,4.104575163398692,0.23529411764705882,0.26143790849673204,0.49673202614379086,0.13071895424836602,1.9869281045751634,1.8300653594771241,3.816993464052288,32.130718954248366,34.248366013071895,0.6535947712418301,4.496732026143791,6.61437908496732,3.34640522875817,2.3125,0.7441860465116279,1.3018714401952807
Will Riley,74,1633,271,618,78,247,144,180,56,156,212,146,54,9,94,91,764,1,0.548,20.2,-2.6,,,0.0,0.199,0.249,0.152,WAS,74,1632,165,56,173,32.4,53.0,167.0,31.7,47.7,0.2799352750809061,0.6761133603238867,3.813839559093693,3.68156766687079,20.0,14.0,35.0,83.0,6.0,12.0,18.0,33.3,66.7,1.0,157.0,79.0,236.0,1715,1987,26,291,366,182,8.5,10.6,0.3086344151867728,0.771586037966932,1.829761175750153,0.13227189222290264,0.2645437844458053,0.3968156766687079,0.02204531537048377,3.461114513165952,1.741579914268218,5.20269442743417,37.807715860379666,43.80404164115126,0.5731781996325781,6.415186772810777,8.06858542559706,4.012247397428046,2.5,0.6254295532646048,0.8163265306122449
Xavier Tillman Sr.,60,366,40,92,6,36,2,8,38,48,86,26,18,10,16,30,88,3,0.461,13.1,1.0,,,0.6,0.261,0.304,0.043,CHA,30,184,9,3,15,20.0,3.0,14.0,21.4,30.0,0.1630434782608695,0.3888888888888889,1.475409836065574,1.3770491803278688,27.0,20.0,47.0,19.0,0.0,4.0,4.0,0.0,100.0,0.0,28.0,26.0,54.0,182,148,0,25,37,14,7.1,7.7,1.9672131147540983,4.622950819672131,1.8688524590163935,0.0,0.39344262295081966,0.39344262295081966,0.0,2.7540983606557377,2.557377049180328,5.311475409836065,17.901639344262296,14.557377049180328,0.0,2.459016393442623,3.639344262295082,1.3770491803278688,2.35,0.56,10.989010989010989
Yang Hansen,43,300,31,100,5,42,28,34,20,46,66,22,3,10,32,43,95,1,0.413,19.9,-0.6,,,0.3,0.25,0.27,0.06,POR,43,300,15,5,39,12.8,5.0,37.0,13.5,19.2,0.39,0.8809523809523809,4.68,4.44,21.0,37.0,86.0,17.0,5.0,0.0,5.0,100.0,0.0,0.0,78.0,37.0,115.0,234,254,4,28,53,26,9.4,11.1,4.44,10.32,2.04,0.6,0.0,0.6,0.0,9.36,4.44,13.8,28.08,30.48,0.48,3.36,6.36,3.12,2.324324324324324,0.9285714285714286,15.811965811965813
Yanic Konan Niederhäuser,41,424,64,100,1,5,47,62,37,80,117,12,5,30,23,66,176,1,0.691,15.7,0.4,,,0.5,0.57,0.35,0.03,LAC,41,424,3,1,8,12.5,1.0,5.0,20.0,18.8,0.08,1.0,0.6792452830188679,0.4245283018867924,23.0,46.0,103.0,21.0,1.0,0.0,1.0,100.0,0.0,2.0,114.0,23.0,137.0,334,244,6,18,29,18,3.6,5.4,3.9056603773584904,8.745283018867925,1.7830188679245282,0.08490566037735849,0.0,0.08490566037735849,0.16981132075471697,9.679245283018869,1.9528301886792452,11.632075471698114,28.358490566037737,20.71698113207547,0.5094339622641509,1.528301886792453,2.4622641509433962,1.528301886792453,2.239130434782609,1.0,13.77245508982036
Yuki Kawamura,18,209,17,52,11,37,17,19,7,26,33,47,9,0,14,15,62,1,0.514,14.8,-1.0,,,0.1,0.096,0.019,0.173,CHI,18,209,21,7,22,31.8,7.0,22.0,31.8,47.7,0.4230769230769231,0.5945945945945946,3.789473684210526,3.789473684210526,25.0,1.0,2.0,14.0,0.0,3.0,3.0,0.0,100.0,1.0,7.0,14.0,21.0,358,420,5,77,111,54,13.1,15.1,0.1722488038277512,0.3444976076555024,2.411483253588517,0.0,0.5167464114832536,0.5167464114832536,0.1722488038277512,1.2057416267942584,2.411483253588517,3.617224880382775,61.665071770334926,72.3444976076555,0.861244019138756,13.263157894736842,19.119617224880383,9.301435406698564,2.0,0.7012987012987013,0.27932960893854747
Yves Missi,66,1297,160,294,0,1,57,102,183,202,385,84,20,101,54,113,377,1,0.556,12.6,-0.3,,,1.1,0.656,0.303,0.038,NOP,66,1297,2,1,7,14.3,0.0,1.0,0.0,14.3,0.0238095238095238,1.0,0.1942945258288357,0.0277563608326908,22.0,127.0,276.0,51.0,22.0,12.0,34.0,64.7,35.3,0.0,287.0,161.0,448.0,1237,875,13,125,214,102,6.8,8.2,3.525057825751735,7.660755589822668,1.415574402467232,0.6106399383191982,0.3330763299922899,0.943716268311488,0.0,7.966075558982267,4.468774094063223,12.43484965304549,34.334618350038554,24.286815728604473,0.3608326908249807,3.469545104086353,5.939861218195836,2.831148804934464,2.173228346456693,0.816,10.26677445432498
Zaccharie Risacher,67,1503,244,536,95,258,58,90,71,186,257,76,59,36,58,147,641,1,0.557,17.6,-0.2,,,1.9,0.297,0.112,0.11,ATL,67,1503,252,86,230,37.4,80.0,209.0,38.3,54.8,0.4291044776119403,0.810077519379845,5.508982035928144,5.005988023952096,21.0,9.0,22.0,135.0,10.0,16.0,26.0,38.5,61.5,0.0,191.0,105.0,296.0,1107,1119,18,134,197,102,6.9,9.2,0.2155688622754491,0.5269461077844312,3.2335329341317367,0.23952095808383234,0.38323353293413176,0.6227544910179641,0.0,4.574850299401198,2.5149700598802394,7.089820359281437,26.51497005988024,26.802395209580837,0.4311377245508982,3.2095808383233533,4.718562874251497,2.44311377245509,2.4444444444444446,0.7611940298507462,0.8130081300813008
Zach Collins,10,184,37,64,9,21,14,20,16,40,56,15,2,4,10,18,97,1,0.666,18.8,-0.7,,,0.1,0.422,0.156,0.094,CHI,10,184,33,12,26,46.2,9.0,21.0,42.9,63.5,0.40625,1.0,5.086956521739131,4.108695652173913,28.0,23.0,53.0,10.0,2.0,1.0,3.0,66.7,33.3,0.0,42.0,15.0,57.0,218,201,2,25,42,20,6.9,9.2,4.5,10.369565217391305,1.9565217391304348,0.391304347826087,0.1956521739130435,0.5869565217391305,0.0,8.217391304347826,2.9347826086956523,11.152173913043478,42.65217391304348,39.32608695652174,0.391304347826087,4.891304347826087,8.217391304347826,3.9130434782608696,2.3043478260869565,0.8,10.55045871559633
Zach Edey,11,284,62,98,1,5,25,32,43,79,122,12,7,21,26,37,150,1,0.669,20.2,1.1,,,0.4,0.418,0.469,0.061,MEM,11,284,7,3,10,30.0,1.0,5.0,20.0,35.0,0.1020408163265306,1.0,1.267605633802817,0.6338028169014085,24.0,35.0,78.0,12.0,2.0,1.0,3.0,66.7,33.3,0.0,74.0,14.0,88.0,263,225,1,22,30,13,4.6,4.9,4.436619718309859,9.887323943661972,1.5211267605633803,0.2535211267605634,0.1267605633802817,0.38028169014084506,0.0,9.380281690140846,1.7746478873239437,11.154929577464788,33.33802816901409,28.52112676056338,0.1267605633802817,2.788732394366197,3.8028169014084505,1.647887323943662,2.2285714285714286,0.5909090909090909,13.307984790874524
Zach LaVine,39,1224,262,547,99,254,125,142,8,100,108,89,28,10,74,81,748,1,0.614,23.7,-2.2,,,0.0,0.157,0.185,0.194,SAC,39,1224,151,51,127,40.2,49.0,115.0,42.6,59.4,0.2321755027422303,0.452755905511811,3.735294117647059,3.3823529411764706,31.0,7.0,16.0,50.0,3.0,6.0,9.0,33.3,66.7,0.0,75.0,90.0,165.0,1249,1624,13,197,220,109,7.1,8.7,0.20588235294117646,0.47058823529411764,1.4705882352941178,0.08823529411764706,0.17647058823529413,0.2647058823529412,0.0,2.2058823529411766,2.6470588235294117,4.852941176470588,36.73529411764706,47.76470588235294,0.38235294117647056,5.794117647058823,6.470588235294118,3.2058823529411766,2.2857142857142856,0.5532994923857868,0.5604483586869495
Zeke Nnaji,52,626,71,151,14,54,34,44,33,103,136,29,17,24,27,71,190,1,0.558,13.7,0.0,,,0.7,0.43,0.139,0.073,DEN,52,626,45,16,60,26.7,13.0,51.0,25.5,37.5,0.3973509933774834,0.9444444444444444,3.450479233226837,2.932907348242812,25.0,59.0,144.0,44.0,4.0,6.0,10.0,40.0,60.0,1.0,114.0,64.0,178.0,527,462,6,37,74,37,5.5,7.0,3.3929712460063897,8.281150159744408,2.5303514376996805,0.23003194888178913,0.3450479233226837,0.5750798722044729,0.05750798722044728,6.555910543130991,3.680511182108626,10.236421725239616,30.30670926517572,26.568690095846645,0.3450479233226837,2.1277955271565494,4.255591054313099,2.1277955271565494,2.440677966101695,1.0,11.195445920303605
Ziaire Williams,56,1281,184,433,86,251,119,140,30,104,134,60,76,21,59,116,573,1,0.579,18.9,0.4,,,1.1,0.224,0.139,0.057,BKN,56,1281,230,77,231,33.3,76.0,230.0,33.0,49.8,0.5334872979214781,0.9163346613545816,6.491803278688525,6.4637002341920375,24.0,8.0,18.0,173.0,10.0,16.0,26.0,38.5,61.5,1.0,93.0,110.0,203.0,901,1101,10,121,158,80,6.7,8.9,0.22482435597189696,0.5058548009367682,4.861826697892272,0.2810304449648712,0.4496487119437939,0.7306791569086651,0.02810304449648712,2.613583138173302,3.091334894613583,5.704918032786885,25.320843091334893,30.94145199063232,0.2810304449648712,3.4004683840749412,4.4402810304449645,2.2482435597189694,2.25,0.6611570247933884,0.8879023307436182
Zion Williamson,62,1841,484,807,1,4,333,465,125,228,353,199,60,34,126,141,1302,1,0.644,25.7,-0.6,,,1.0,0.575,0.378,0.0419999999999999,NOP,62,1841,0,0,3,0.0,0.0,1.0,0.0,0.0,0.0037174721189591,0.25,0.0586637696903856,0.0195545898967952,25.0,52.0,127.0,120.0,26.0,8.0,34.0,76.5,23.5,1.0,118.0,137.0,255.0,1796,2423,27,380,533,238,11.1,13.3,1.0168386746333515,2.4834329168929927,2.3465507876154263,0.5084193373166758,0.15643671917436175,0.6648560564910375,0.01955458989679522,2.307441607821836,2.6789788158609453,4.986420423682781,35.12004345464422,47.380771319934816,0.5279739272134709,7.430744160782184,10.422596414991853,4.653992395437262,2.4423076923076925,0.6263157894736842,2.89532293986637
Zyon Pullin,5,43,9,13,1,3,4,4,1,2,3,9,1,0,3,6,23,1,0.779,17.4,-1.3,,,0.0,0.308,0.462,0.0,MIN,5,43,3,1,1,100.0,1.0,1.0,100.0,150.0,0.0769230769230769,0.3333333333333333,0.8372093023255814,0.8372093023255814,25.0,0.0,0.0,2.0,0.0,0.0,0.0,0.0,0.0,0.0,6.0,1.0,7.0,64,80,0,10,26,11,14.1,17.2,0.0,0.0,1.6744186046511629,0.0,0.0,0.0,0.0,5.023255813953488,0.8372093023255814,5.8604651162790695,53.58139534883721,66.97674418604652,0.0,8.372093023255815,21.767441860465116,9.209302325581396,,1.1,0.0
